2026-01-26 09:54:29.450 +05:30 [INF] Executed DbCommand (3ms) [Parameters=[], CommandType='"Text"', CommandTimeout='30']
PRAGMA journal_mode = 'wal';
2026-01-26 09:54:29.865 +05:30 [INF] Executed DbCommand (0ms) [Parameters=[], CommandType='"Text"', CommandTimeout='30']
CREATE TABLE "Cars" (
    "Id" TEXT NOT NULL CONSTRAINT "PK_Cars" PRIMARY KEY,
    "Make" TEXT NOT NULL,
    "Model" TEXT NOT NULL,
    "Year" INTEGER NOT NULL,
    "LicensePlate" TEXT NOT NULL,
    "Color" TEXT NOT NULL,
    "Mileage" INTEGER NOT NULL,
    "DailyRate" TEXT NOT NULL,
    "Status" INTEGER NOT NULL,
    "Category" INTEGER NOT NULL,
    "ImageUrl" TEXT NULL,
    "Description" TEXT NULL,
    "SeatingCapacity" INTEGER NOT NULL,
    "FuelType" TEXT NOT NULL,
    "Transmission" TEXT NOT NULL,
    "HasAirConditioning" INTEGER NOT NULL,
    "HasGPS" INTEGER NOT NULL,
    "CreatedAt" TEXT NOT NULL,
    "UpdatedAt" TEXT NULL,
    "CreatedBy" TEXT NULL,
    "UpdatedBy" TEXT NULL
);
2026-01-26 09:54:29.866 +05:30 [INF] Executed DbCommand (0ms) [Parameters=[], CommandType='"Text"', CommandTimeout='30']
CREATE TABLE "Users" (
    "Id" TEXT NOT NULL CONSTRAINT "PK_Users" PRIMARY KEY,
    "Email" TEXT NOT NULL,
    "PasswordHash" TEXT NOT NULL,
    "FirstName" TEXT NOT NULL,
    "LastName" TEXT NOT NULL,
    "PhoneNumber" TEXT NOT NULL,
    "Role" INTEGER NOT NULL,
    "IsActive" INTEGER NOT NULL,
    "LastLoginAt" TEXT NULL,
    "Street" TEXT NULL,
    "City" TEXT NULL,
    "State" TEXT NULL,
    "PostalCode" TEXT NULL,
    "Country" TEXT NULL,
    "DriversLicenseNumber" TEXT NULL,
    "DriversLicenseExpiry" TEXT NULL,
    "DateOfBirth" TEXT NULL,
    "CreatedAt" TEXT NOT NULL,
    "UpdatedAt" TEXT NULL,
    "CreatedBy" TEXT NULL,
    "UpdatedBy" TEXT NULL
);
2026-01-26 09:54:29.866 +05:30 [INF] Executed DbCommand (0ms) [Parameters=[], CommandType='"Text"', CommandTimeout='30']
CREATE TABLE "Rentals" (
    "Id" TEXT NOT NULL CONSTRAINT "PK_Rentals" PRIMARY KEY,
    "CarId" TEXT NOT NULL,
    "CustomerId" TEXT NOT NULL,
    "StartDate" TEXT NOT NULL,
    "EndDate" TEXT NOT NULL,
    "ActualReturnDate" TEXT NULL,
    "DailyRate" TEXT NOT NULL,
    "TotalCost" TEXT NOT NULL,
    "LateFee" TEXT NULL,
    "DamageCharges" TEXT NULL,
    "Status" INTEGER NOT NULL,
    "PickupLocation" TEXT NULL,
    "ReturnLocation" TEXT NULL,
    "OdometerAtPickup" INTEGER NULL,
    "OdometerAtReturn" INTEGER NULL,
    "Notes" TEXT NULL,
    "CreatedAt" TEXT NOT NULL,
    "UpdatedAt" TEXT NULL,
    "CreatedBy" TEXT NULL,
    "UpdatedBy" TEXT NULL,
    CONSTRAINT "FK_Rentals_Cars_CarId" FOREIGN KEY ("CarId") REFERENCES "Cars" ("Id") ON DELETE RESTRICT,
    CONSTRAINT "FK_Rentals_Users_CustomerId" FOREIGN KEY ("CustomerId") REFERENCES "Users" ("Id") ON DELETE RESTRICT
);
2026-01-26 09:54:29.866 +05:30 [INF] Executed DbCommand (0ms) [Parameters=[], CommandType='"Text"', CommandTimeout='30']
CREATE TABLE "Payments" (
    "Id" TEXT NOT NULL CONSTRAINT "PK_Payments" PRIMARY KEY,
    "RentalId" TEXT NOT NULL,
    "Amount" TEXT NOT NULL,
    "PaymentDate" TEXT NOT NULL,
    "PaymentMethod" INTEGER NOT NULL,
    "Status" INTEGER NOT NULL,
    "TransactionId" TEXT NULL,
    "Description" TEXT NULL,
    "FailureReason" TEXT NULL,
    "CreatedAt" TEXT NOT NULL,
    "UpdatedAt" TEXT NULL,
    "CreatedBy" TEXT NULL,
    "UpdatedBy" TEXT NULL,
    CONSTRAINT "FK_Payments_Rentals_RentalId" FOREIGN KEY ("RentalId") REFERENCES "Rentals" ("Id") ON DELETE RESTRICT
);
2026-01-26 09:54:29.866 +05:30 [INF] Executed DbCommand (0ms) [Parameters=[], CommandType='"Text"', CommandTimeout='30']
INSERT INTO "Cars" ("Id", "Category", "Color", "CreatedAt", "CreatedBy", "DailyRate", "Description", "FuelType", "HasAirConditioning", "HasGPS", "ImageUrl", "LicensePlate", "Make", "Mileage", "Model", "SeatingCapacity", "Status", "Transmission", "UpdatedAt", "UpdatedBy", "Year")
VALUES ('33333333-3333-3333-3333-333333333333', 2, 'Silver', '2026-01-26 04:24:29.823536', NULL, '45.0', 'Comfortable and fuel-efficient sedan', 'Gasoline', 1, 1, NULL, 'ABC-1234', 'Toyota', 5000, 'Camry', 5, 0, 'Automatic', NULL, NULL, 2024);
SELECT changes();

INSERT INTO "Cars" ("Id", "Category", "Color", "CreatedAt", "CreatedBy", "DailyRate", "Description", "FuelType", "HasAirConditioning", "HasGPS", "ImageUrl", "LicensePlate", "Make", "Mileage", "Model", "SeatingCapacity", "Status", "Transmission", "UpdatedAt", "UpdatedBy", "Year")
VALUES ('44444444-4444-4444-4444-444444444444', 5, 'Blue', '2026-01-26 04:24:29.823536', NULL, '65.0', 'Spacious SUV perfect for family trips', 'Gasoline', 1, 1, NULL, 'XYZ-5678', 'Honda', 3000, 'CR-V', 5, 0, 'Automatic', NULL, NULL, 2024);
SELECT changes();

INSERT INTO "Cars" ("Id", "Category", "Color", "CreatedAt", "CreatedBy", "DailyRate", "Description", "FuelType", "HasAirConditioning", "HasGPS", "ImageUrl", "LicensePlate", "Make", "Mileage", "Model", "SeatingCapacity", "Status", "Transmission", "UpdatedAt", "UpdatedBy", "Year")
VALUES ('55555555-5555-5555-5555-555555555555', 4, 'Black', '2026-01-26 04:24:29.823537', NULL, '120.0', 'Premium luxury sedan with advanced features', 'Gasoline', 1, 1, NULL, 'LUX-9999', 'BMW', 2000, '3 Series', 5, 0, 'Automatic', NULL, NULL, 2024);
SELECT changes();
2026-01-26 09:54:29.866 +05:30 [INF] Executed DbCommand (0ms) [Parameters=[], CommandType='"Text"', CommandTimeout='30']
INSERT INTO "Users" ("Id", "City", "Country", "CreatedAt", "CreatedBy", "DateOfBirth", "DriversLicenseExpiry", "DriversLicenseNumber", "Email", "FirstName", "IsActive", "LastLoginAt", "LastName", "PasswordHash", "PhoneNumber", "PostalCode", "Role", "State", "Street", "UpdatedAt", "UpdatedBy")
VALUES ('11111111-1111-1111-1111-111111111111', NULL, NULL, '2026-01-26 04:24:29.658716', NULL, NULL, NULL, NULL, 'admin@carrental.com', 'System', 1, NULL, 'Admin', '$2a$11$OiXDF92lCW1x4qOx1IlXWu/pTGxH7Z6Jt.ySjOOUoqLTbh4oWSHdS', '+1234567890', NULL, 3, NULL, NULL, NULL, NULL);
SELECT changes();

INSERT INTO "Users" ("Id", "City", "Country", "CreatedAt", "CreatedBy", "DateOfBirth", "DriversLicenseExpiry", "DriversLicenseNumber", "Email", "FirstName", "IsActive", "LastLoginAt", "LastName", "PasswordHash", "PhoneNumber", "PostalCode", "Role", "State", "Street", "UpdatedAt", "UpdatedBy")
VALUES ('22222222-2222-2222-2222-222222222222', NULL, NULL, '2026-01-26 04:24:29.823505', NULL, NULL, NULL, NULL, 'customer@example.com', 'John', 1, NULL, 'Doe', '$2a$11$/Bo2/FrFh0AoJ32DYgoyFOZHuShV0n2F/ScdUYHC9LLLoJSeXYAUG', '+1987654321', NULL, 0, NULL, NULL, NULL, NULL);
SELECT changes();
2026-01-26 09:54:29.866 +05:30 [INF] Executed DbCommand (0ms) [Parameters=[], CommandType='"Text"', CommandTimeout='30']
CREATE UNIQUE INDEX "IX_Cars_LicensePlate" ON "Cars" ("LicensePlate");
2026-01-26 09:54:29.866 +05:30 [INF] Executed DbCommand (0ms) [Parameters=[], CommandType='"Text"', CommandTimeout='30']
CREATE INDEX "IX_Payments_RentalId" ON "Payments" ("RentalId");
2026-01-26 09:54:29.866 +05:30 [INF] Executed DbCommand (0ms) [Parameters=[], CommandType='"Text"', CommandTimeout='30']
CREATE INDEX "IX_Rentals_CarId" ON "Rentals" ("CarId");
2026-01-26 09:54:29.866 +05:30 [INF] Executed DbCommand (0ms) [Parameters=[], CommandType='"Text"', CommandTimeout='30']
CREATE INDEX "IX_Rentals_CustomerId" ON "Rentals" ("CustomerId");
2026-01-26 09:54:29.866 +05:30 [INF] Executed DbCommand (0ms) [Parameters=[], CommandType='"Text"', CommandTimeout='30']
CREATE UNIQUE INDEX "IX_Users_Email" ON "Users" ("Email");
2026-01-26 09:54:29.868 +05:30 [INF] Car Rental API is starting...
2026-01-26 09:54:29.875 +05:30 [INF] User profile is available. Using '/Users/prashantkumar/.aspnet/DataProtection-Keys' as key repository; keys will not be encrypted at rest.
2026-01-26 09:54:29.888 +05:30 [INF] Now listening on: http://localhost:5000
2026-01-26 09:54:29.889 +05:30 [INF] Application started. Press Ctrl+C to shut down.
2026-01-26 09:54:29.889 +05:30 [INF] Hosting environment: Production
2026-01-26 09:54:29.889 +05:30 [INF] Content root path: /Users/prashantkumar/Desktop/CarRental-backend/src/CarRental.API
2026-01-26 09:54:34.640 +05:30 [INF] Request starting HTTP/1.1 GET http://localhost:5000/index.html - null null
2026-01-26 09:54:34.648 +05:30 [WRN] Failed to determine the https port for redirect.
2026-01-26 09:54:34.665 +05:30 [INF] Request finished HTTP/1.1 GET http://localhost:5000/index.html - 404 0 null 25.2724ms
2026-01-26 09:54:34.668 +05:30 [INF] Request reached the end of the middleware pipeline without being handled by application code. Request path: GET http://localhost:5000/index.html, Response status code: 404
2026-01-26 09:54:37.652 +05:30 [INF] Request starting HTTP/1.1 GET http://localhost:5000/index.html - null null
2026-01-26 09:54:37.657 +05:30 [INF] Request finished HTTP/1.1 GET http://localhost:5000/index.html - 404 0 null 5.1381ms
2026-01-26 09:54:37.658 +05:30 [INF] Request reached the end of the middleware pipeline without being handled by application code. Request path: GET http://localhost:5000/index.html, Response status code: 404
2026-01-26 09:54:38.993 +05:30 [INF] Request starting HTTP/1.1 GET http://localhost:5000/index.html - null null
2026-01-26 09:54:38.994 +05:30 [INF] Request finished HTTP/1.1 GET http://localhost:5000/index.html - 404 0 null 1.0804ms
2026-01-26 09:54:38.994 +05:30 [INF] Request reached the end of the middleware pipeline without being handled by application code. Request path: GET http://localhost:5000/index.html, Response status code: 404
2026-01-26 09:54:52.801 +05:30 [INF] Request starting HTTP/1.1 GET http://localhost:5000/index.html - null null
2026-01-26 09:54:52.802 +05:30 [INF] Request finished HTTP/1.1 GET http://localhost:5000/index.html - 404 0 null 1.2255ms
2026-01-26 09:54:52.802 +05:30 [INF] Request reached the end of the middleware pipeline without being handled by application code. Request path: GET http://localhost:5000/index.html, Response status code: 404
2026-01-26 09:54:53.983 +05:30 [INF] Request starting HTTP/1.1 GET http://localhost:5000/index.html - null null
2026-01-26 09:54:53.984 +05:30 [INF] Request finished HTTP/1.1 GET http://localhost:5000/index.html - 404 0 null 0.954ms
2026-01-26 09:54:53.984 +05:30 [INF] Request reached the end of the middleware pipeline without being handled by application code. Request path: GET http://localhost:5000/index.html, Response status code: 404
2026-01-26 09:54:54.500 +05:30 [INF] Request starting HTTP/1.1 GET http://localhost:5000/index.html - null null
2026-01-26 09:54:54.501 +05:30 [INF] Request finished HTTP/1.1 GET http://localhost:5000/index.html - 404 0 null 0.7857ms
2026-01-26 09:54:54.501 +05:30 [INF] Request reached the end of the middleware pipeline without being handled by application code. Request path: GET http://localhost:5000/index.html, Response status code: 404
2026-01-26 09:54:54.676 +05:30 [INF] Request starting HTTP/1.1 GET http://localhost:5000/index.html - null null
2026-01-26 09:54:54.676 +05:30 [INF] Request finished HTTP/1.1 GET http://localhost:5000/index.html - 404 0 null 0.4031ms
2026-01-26 09:54:54.676 +05:30 [INF] Request reached the end of the middleware pipeline without being handled by application code. Request path: GET http://localhost:5000/index.html, Response status code: 404
2026-01-26 09:54:55.864 +05:30 [INF] Request starting HTTP/1.1 GET http://localhost:5000/index.html - null null
2026-01-26 09:54:55.865 +05:30 [INF] Request finished HTTP/1.1 GET http://localhost:5000/index.html - 404 0 null 0.3687ms
2026-01-26 09:54:55.865 +05:30 [INF] Request reached the end of the middleware pipeline without being handled by application code. Request path: GET http://localhost:5000/index.html, Response status code: 404
2026-01-26 09:54:56.060 +05:30 [INF] Request starting HTTP/1.1 GET http://localhost:5000/index.html - null null
2026-01-26 09:54:56.060 +05:30 [INF] Request finished HTTP/1.1 GET http://localhost:5000/index.html - 404 0 null 0.3442ms
2026-01-26 09:54:56.060 +05:30 [INF] Request reached the end of the middleware pipeline without being handled by application code. Request path: GET http://localhost:5000/index.html, Response status code: 404
2026-01-26 09:54:56.261 +05:30 [INF] Request starting HTTP/1.1 GET http://localhost:5000/index.html - null null
2026-01-26 09:54:56.262 +05:30 [INF] Request finished HTTP/1.1 GET http://localhost:5000/index.html - 404 0 null 0.4461ms
2026-01-26 09:54:56.262 +05:30 [INF] Request reached the end of the middleware pipeline without being handled by application code. Request path: GET http://localhost:5000/index.html, Response status code: 404
2026-01-26 09:54:56.459 +05:30 [INF] Request starting HTTP/1.1 GET http://localhost:5000/index.html - null null
2026-01-26 09:54:56.459 +05:30 [INF] Request finished HTTP/1.1 GET http://localhost:5000/index.html - 404 0 null 0.4421ms
2026-01-26 09:54:56.460 +05:30 [INF] Request reached the end of the middleware pipeline without being handled by application code. Request path: GET http://localhost:5000/index.html, Response status code: 404
2026-01-26 09:55:29.229 +05:30 [INF] Request starting HTTP/1.1 GET http://localhost:5000/swagger - null null
2026-01-26 09:55:29.230 +05:30 [INF] Request finished HTTP/1.1 GET http://localhost:5000/swagger - 404 0 null 0.4127ms
2026-01-26 09:55:29.230 +05:30 [INF] Request reached the end of the middleware pipeline without being handled by application code. Request path: GET http://localhost:5000/swagger, Response status code: 404
2026-01-26 09:55:34.807 +05:30 [INF] Request starting HTTP/1.1 GET http://localhost:5000/swagger/index.html - null null
2026-01-26 09:55:34.808 +05:30 [INF] Request finished HTTP/1.1 GET http://localhost:5000/swagger/index.html - 404 0 null 0.4731ms
2026-01-26 09:55:34.808 +05:30 [INF] Request reached the end of the middleware pipeline without being handled by application code. Request path: GET http://localhost:5000/swagger/index.html, Response status code: 404
2026-01-26 09:55:38.373 +05:30 [INF] Request starting HTTP/1.1 GET http://localhost:5000/health - null null
2026-01-26 09:55:38.374 +05:30 [INF] Executing endpoint 'Health checks'
2026-01-26 09:55:38.396 +05:30 [INF] Executed endpoint 'Health checks'
2026-01-26 09:55:38.397 +05:30 [INF] Request finished HTTP/1.1 GET http://localhost:5000/health - 200 null text/plain 24.5476ms
2026-01-26 09:55:38.406 +05:30 [INF] Request starting HTTP/1.1 GET http://localhost:5000/favicon.ico - null null
2026-01-26 09:55:38.407 +05:30 [INF] Request finished HTTP/1.1 GET http://localhost:5000/favicon.ico - 404 0 null 0.4039ms
2026-01-26 09:55:38.407 +05:30 [INF] Request reached the end of the middleware pipeline without being handled by application code. Request path: GET http://localhost:5000/favicon.ico, Response status code: 404
2026-01-26 09:55:44.414 +05:30 [INF] Request starting HTTP/1.1 GET http://localhost:5000/swagger/index.html - null null
2026-01-26 09:55:44.414 +05:30 [INF] Request finished HTTP/1.1 GET http://localhost:5000/swagger/index.html - 404 0 null 0.3726ms
2026-01-26 09:55:44.414 +05:30 [INF] Request reached the end of the middleware pipeline without being handled by application code. Request path: GET http://localhost:5000/swagger/index.html, Response status code: 404
2026-01-26 09:55:49.268 +05:30 [INF] Request starting HTTP/1.1 GET http://localhost:5000/swagger - null null
2026-01-26 09:55:49.268 +05:30 [INF] Request finished HTTP/1.1 GET http://localhost:5000/swagger - 404 0 null 0.3665ms
2026-01-26 09:55:49.268 +05:30 [INF] Request reached the end of the middleware pipeline without being handled by application code. Request path: GET http://localhost:5000/swagger, Response status code: 404
2026-01-26 09:55:59.469 +05:30 [INF] Request starting HTTP/1.1 GET http://localhost:5000/ - null null
2026-01-26 09:55:59.470 +05:30 [INF] Request finished HTTP/1.1 GET http://localhost:5000/ - 404 0 null 0.4937ms
2026-01-26 09:55:59.470 +05:30 [INF] Request reached the end of the middleware pipeline without being handled by application code. Request path: GET http://localhost:5000/, Response status code: 404
2026-01-26 09:56:02.995 +05:30 [INF] Request starting HTTP/1.1 GET http://localhost:5000/health - null null
2026-01-26 09:56:02.995 +05:30 [INF] Executing endpoint 'Health checks'
2026-01-26 09:56:03.022 +05:30 [INF] Executed endpoint 'Health checks'
2026-01-26 09:56:03.022 +05:30 [INF] Request finished HTTP/1.1 GET http://localhost:5000/health - 200 null text/plain 27.3515ms
2026-01-26 09:56:08.519 +05:30 [INF] Request starting HTTP/1.1 GET http://localhost:5000/swagger/ - null null
2026-01-26 09:56:08.521 +05:30 [INF] Request finished HTTP/1.1 GET http://localhost:5000/swagger/ - 404 0 null 1.0597ms
2026-01-26 09:56:08.522 +05:30 [INF] Request reached the end of the middleware pipeline without being handled by application code. Request path: GET http://localhost:5000/swagger/, Response status code: 404
2026-01-26 09:56:19.939 +05:30 [INF] Request starting HTTP/1.1 GET http://localhost:5000/health - null null
2026-01-26 09:56:19.940 +05:30 [INF] Executing endpoint 'Health checks'
2026-01-26 09:56:19.942 +05:30 [INF] Executed endpoint 'Health checks'
2026-01-26 09:56:19.943 +05:30 [INF] Request finished HTTP/1.1 GET http://localhost:5000/health - 200 null text/plain 3.1638ms
2026-01-26 09:56:25.110 +05:30 [INF] Request starting HTTP/1.1 GET http://localhost:5000/ - null null
2026-01-26 09:56:25.111 +05:30 [INF] Request finished HTTP/1.1 GET http://localhost:5000/ - 404 0 null 0.5643ms
2026-01-26 09:56:25.111 +05:30 [INF] Request reached the end of the middleware pipeline without being handled by application code. Request path: GET http://localhost:5000/, Response status code: 404
2026-01-26 09:56:31.157 +05:30 [INF] Request starting HTTP/1.1 GET http://localhost:5000/swagger - null null
2026-01-26 09:56:31.158 +05:30 [INF] Request finished HTTP/1.1 GET http://localhost:5000/swagger - 404 0 null 0.7325ms
2026-01-26 09:56:31.158 +05:30 [INF] Request reached the end of the middleware pipeline without being handled by application code. Request path: GET http://localhost:5000/swagger, Response status code: 404
2026-01-26 09:56:35.974 +05:30 [INF] Request starting HTTP/1.1 GET http://localhost:5000/health - null null
2026-01-26 09:56:35.974 +05:30 [INF] Executing endpoint 'Health checks'
2026-01-26 09:56:35.976 +05:30 [INF] Executed endpoint 'Health checks'
2026-01-26 09:56:35.977 +05:30 [INF] Request finished HTTP/1.1 GET http://localhost:5000/health - 200 null text/plain 3.037ms
2026-01-26 09:56:40.343 +05:30 [INF] Request starting HTTP/1.1 GET http://localhost:5000/swagger - null null
2026-01-26 09:56:40.344 +05:30 [INF] Request finished HTTP/1.1 GET http://localhost:5000/swagger - 404 0 null 1.0244ms
2026-01-26 09:56:40.344 +05:30 [INF] Request reached the end of the middleware pipeline without being handled by application code. Request path: GET http://localhost:5000/swagger, Response status code: 404
2026-01-26 09:56:47.005 +05:30 [INF] Request starting HTTP/1.1 GET http://localhost:5000/swagger/v1/swagger.json - null null
2026-01-26 09:56:47.006 +05:30 [INF] Request finished HTTP/1.1 GET http://localhost:5000/swagger/v1/swagger.json - 404 0 null 0.7405ms
2026-01-26 09:56:47.006 +05:30 [INF] Request reached the end of the middleware pipeline without being handled by application code. Request path: GET http://localhost:5000/swagger/v1/swagger.json, Response status code: 404
2026-01-26 09:56:52.728 +05:30 [INF] Request starting HTTP/1.1 GET http://localhost:5000/api/cars - null null
2026-01-26 09:56:52.729 +05:30 [INF] Executing endpoint 'CarRental.API.Controllers.CarsController.GetAll (CarRental.API)'
2026-01-26 09:56:52.740 +05:30 [INF] Route matched with {action = "GetAll", controller = "Cars"}. Executing controller action with signature System.Threading.Tasks.Task`1[Microsoft.AspNetCore.Mvc.IActionResult] GetAll(System.Threading.CancellationToken) on controller CarRental.API.Controllers.CarsController (CarRental.API).
2026-01-26 09:56:52.752 +05:30 [INF] Getting all cars
2026-01-26 09:56:52.822 +05:30 [INF] Executed DbCommand (1ms) [Parameters=[], CommandType='"Text"', CommandTimeout='30']
SELECT "c"."Id", "c"."Category", "c"."Color", "c"."CreatedAt", "c"."CreatedBy", "c"."DailyRate", "c"."Description", "c"."FuelType", "c"."HasAirConditioning", "c"."HasGPS", "c"."ImageUrl", "c"."LicensePlate", "c"."Make", "c"."Mileage", "c"."Model", "c"."SeatingCapacity", "c"."Status", "c"."Transmission", "c"."UpdatedAt", "c"."UpdatedBy", "c"."Year"
FROM "Cars" AS "c"
2026-01-26 09:56:52.859 +05:30 [INF] Executing OkObjectResult, writing value of type 'CarRental.API.Controllers.ApiResponse`1[[System.Collections.Generic.IEnumerable`1[[CarRental.Application.DTOs.Car.CarDto, CarRental.Application, Version=1.0.0.0, Culture=neutral, PublicKeyToken=null]], System.Private.CoreLib, Version=8.0.0.0, Culture=neutral, PublicKeyToken=7cec85d7bea7798e]]'.
2026-01-26 09:56:52.874 +05:30 [INF] Executed action CarRental.API.Controllers.CarsController.GetAll (CarRental.API) in 132.3931ms
2026-01-26 09:56:52.875 +05:30 [INF] Executed endpoint 'CarRental.API.Controllers.CarsController.GetAll (CarRental.API)'
2026-01-26 09:56:52.875 +05:30 [INF] Request finished HTTP/1.1 GET http://localhost:5000/api/cars - 200 null application/json; charset=utf-8 147.3792ms
2026-01-26 09:57:01.939 +05:30 [INF] Request starting HTTP/1.1 GET http://localhost:5000/swagger - null null
2026-01-26 09:57:01.939 +05:30 [INF] Request finished HTTP/1.1 GET http://localhost:5000/swagger - 404 0 null 0.4275ms
2026-01-26 09:57:01.940 +05:30 [INF] Request reached the end of the middleware pipeline without being handled by application code. Request path: GET http://localhost:5000/swagger, Response status code: 404
2026-01-26 09:57:07.108 +05:30 [INF] Request starting HTTP/1.1 GET http://localhost:5000/api/cars - null null
2026-01-26 09:57:07.108 +05:30 [INF] Executing endpoint 'CarRental.API.Controllers.CarsController.GetAll (CarRental.API)'
2026-01-26 09:57:07.109 +05:30 [INF] Route matched with {action = "GetAll", controller = "Cars"}. Executing controller action with signature System.Threading.Tasks.Task`1[Microsoft.AspNetCore.Mvc.IActionResult] GetAll(System.Threading.CancellationToken) on controller CarRental.API.Controllers.CarsController (CarRental.API).
2026-01-26 09:57:07.111 +05:30 [INF] Getting all cars
2026-01-26 09:57:07.114 +05:30 [INF] Executed DbCommand (0ms) [Parameters=[], CommandType='"Text"', CommandTimeout='30']
SELECT "c"."Id", "c"."Category", "c"."Color", "c"."CreatedAt", "c"."CreatedBy", "c"."DailyRate", "c"."Description", "c"."FuelType", "c"."HasAirConditioning", "c"."HasGPS", "c"."ImageUrl", "c"."LicensePlate", "c"."Make", "c"."Mileage", "c"."Model", "c"."SeatingCapacity", "c"."Status", "c"."Transmission", "c"."UpdatedAt", "c"."UpdatedBy", "c"."Year"
FROM "Cars" AS "c"
2026-01-26 09:57:07.115 +05:30 [INF] Executing OkObjectResult, writing value of type 'CarRental.API.Controllers.ApiResponse`1[[System.Collections.Generic.IEnumerable`1[[CarRental.Application.DTOs.Car.CarDto, CarRental.Application, Version=1.0.0.0, Culture=neutral, PublicKeyToken=null]], System.Private.CoreLib, Version=8.0.0.0, Culture=neutral, PublicKeyToken=7cec85d7bea7798e]]'.
2026-01-26 09:57:07.116 +05:30 [INF] Executed action CarRental.API.Controllers.CarsController.GetAll (CarRental.API) in 7.1434ms
2026-01-26 09:57:07.116 +05:30 [INF] Executed endpoint 'CarRental.API.Controllers.CarsController.GetAll (CarRental.API)'
2026-01-26 09:57:07.116 +05:30 [INF] Request finished HTTP/1.1 GET http://localhost:5000/api/cars - 200 null application/json; charset=utf-8 8.9627ms
2026-01-26 09:57:13.129 +05:30 [INF] Request starting HTTP/1.1 GET http://localhost:5000/swagger/v1/swagger.json - null null
2026-01-26 09:57:13.130 +05:30 [INF] Request finished HTTP/1.1 GET http://localhost:5000/swagger/v1/swagger.json - 404 0 null 0.6576ms
2026-01-26 09:57:13.130 +05:30 [INF] Request reached the end of the middleware pipeline without being handled by application code. Request path: GET http://localhost:5000/swagger/v1/swagger.json, Response status code: 404
2026-01-26 09:57:17.292 +05:30 [INF] Request starting HTTP/1.1 GET http://localhost:5000/api/swagger/index.html - null null
2026-01-26 09:57:17.294 +05:30 [INF] Request finished HTTP/1.1 GET http://localhost:5000/api/swagger/index.html - 404 0 null 1.671ms
2026-01-26 09:57:17.294 +05:30 [INF] Request reached the end of the middleware pipeline without being handled by application code. Request path: GET http://localhost:5000/api/swagger/index.html, Response status code: 404
2026-01-26 09:57:25.752 +05:30 [INF] Request starting HTTP/1.1 GET http://localhost:5000/api/cars - null null
2026-01-26 09:57:25.753 +05:30 [INF] Executing endpoint 'CarRental.API.Controllers.CarsController.GetAll (CarRental.API)'
2026-01-26 09:57:25.753 +05:30 [INF] Route matched with {action = "GetAll", controller = "Cars"}. Executing controller action with signature System.Threading.Tasks.Task`1[Microsoft.AspNetCore.Mvc.IActionResult] GetAll(System.Threading.CancellationToken) on controller CarRental.API.Controllers.CarsController (CarRental.API).
2026-01-26 09:57:25.755 +05:30 [INF] Getting all cars
2026-01-26 09:57:25.758 +05:30 [INF] Executed DbCommand (0ms) [Parameters=[], CommandType='"Text"', CommandTimeout='30']
SELECT "c"."Id", "c"."Category", "c"."Color", "c"."CreatedAt", "c"."CreatedBy", "c"."DailyRate", "c"."Description", "c"."FuelType", "c"."HasAirConditioning", "c"."HasGPS", "c"."ImageUrl", "c"."LicensePlate", "c"."Make", "c"."Mileage", "c"."Model", "c"."SeatingCapacity", "c"."Status", "c"."Transmission", "c"."UpdatedAt", "c"."UpdatedBy", "c"."Year"
FROM "Cars" AS "c"
2026-01-26 09:57:25.768 +05:30 [INF] Executing OkObjectResult, writing value of type 'CarRental.API.Controllers.ApiResponse`1[[System.Collections.Generic.IEnumerable`1[[CarRental.Application.DTOs.Car.CarDto, CarRental.Application, Version=1.0.0.0, Culture=neutral, PublicKeyToken=null]], System.Private.CoreLib, Version=8.0.0.0, Culture=neutral, PublicKeyToken=7cec85d7bea7798e]]'.
2026-01-26 09:57:25.774 +05:30 [INF] Executed action CarRental.API.Controllers.CarsController.GetAll (CarRental.API) in 20.9831ms
2026-01-26 09:57:25.774 +05:30 [INF] Executed endpoint 'CarRental.API.Controllers.CarsController.GetAll (CarRental.API)'
2026-01-26 09:57:25.775 +05:30 [INF] Request finished HTTP/1.1 GET http://localhost:5000/api/cars - 200 null application/json; charset=utf-8 22.5852ms
2026-01-26 09:57:34.865 +05:30 [INF] Request starting HTTP/1.1 GET http://localhost:5000/swagger-ui/index.html - null null
2026-01-26 09:57:34.865 +05:30 [INF] Request finished HTTP/1.1 GET http://localhost:5000/swagger-ui/index.html - 404 0 null 0.4247ms
2026-01-26 09:57:34.865 +05:30 [INF] Request reached the end of the middleware pipeline without being handled by application code. Request path: GET http://localhost:5000/swagger-ui/index.html, Response status code: 404
2026-01-26 09:57:47.995 +05:30 [INF] Request starting HTTP/1.1 GET http://localhost:5000/swagger - null null
2026-01-26 09:57:47.995 +05:30 [INF] Request finished HTTP/1.1 GET http://localhost:5000/swagger - 404 0 null 0.5407ms
2026-01-26 09:57:47.996 +05:30 [INF] Request reached the end of the middleware pipeline without being handled by application code. Request path: GET http://localhost:5000/swagger, Response status code: 404
2026-01-26 09:57:53.790 +05:30 [INF] Request starting HTTP/1.1 GET http://localhost:5000/api - null null
2026-01-26 09:57:53.791 +05:30 [INF] Request finished HTTP/1.1 GET http://localhost:5000/api - 404 0 null 0.4427ms
2026-01-26 09:57:53.791 +05:30 [INF] Request reached the end of the middleware pipeline without being handled by application code. Request path: GET http://localhost:5000/api, Response status code: 404
2026-01-26 09:57:58.906 +05:30 [INF] Request starting HTTP/1.1 GET http://localhost:5000/Swagger/index.html - null null
2026-01-26 09:57:58.907 +05:30 [INF] Request finished HTTP/1.1 GET http://localhost:5000/Swagger/index.html - 404 0 null 0.2014ms
2026-01-26 09:57:58.907 +05:30 [INF] Request reached the end of the middleware pipeline without being handled by application code. Request path: GET http://localhost:5000/Swagger/index.html, Response status code: 404
2026-01-26 09:58:36.563 +05:30 [INF] Application is shutting down...
2026-01-26 09:58:46.613 +05:30 [INF] Executed DbCommand (3ms) [Parameters=[], CommandType='"Text"', CommandTimeout='30']
SELECT COUNT(*) FROM "sqlite_master" WHERE "type" = 'table' AND "rootpage" IS NOT NULL;
2026-01-26 09:58:46.637 +05:30 [INF] Car Rental API is starting...
2026-01-26 09:58:46.643 +05:30 [INF] User profile is available. Using '/Users/prashantkumar/.aspnet/DataProtection-Keys' as key repository; keys will not be encrypted at rest.
2026-01-26 09:58:46.660 +05:30 [INF] Now listening on: http://localhost:5000
2026-01-26 09:58:46.660 +05:30 [INF] Application started. Press Ctrl+C to shut down.
2026-01-26 09:58:46.660 +05:30 [INF] Hosting environment: Production
2026-01-26 09:58:46.661 +05:30 [INF] Content root path: /Users/prashantkumar/Desktop/CarRental-backend/src/CarRental.API
2026-01-26 09:58:59.281 +05:30 [INF] Request starting HTTP/1.1 GET http://localhost:5000/swagger/index.html - null null
2026-01-26 09:58:59.314 +05:30 [INF] Request finished HTTP/1.1 GET http://localhost:5000/swagger/index.html - 200 null text/html;charset=utf-8 33.9545ms
2026-01-26 09:58:59.320 +05:30 [INF] Request starting HTTP/1.1 GET http://localhost:5000/swagger/swagger-ui-standalone-preset.js - null null
2026-01-26 09:58:59.320 +05:30 [INF] Request starting HTTP/1.1 GET http://localhost:5000/swagger/swagger-ui.css - null null
2026-01-26 09:58:59.320 +05:30 [INF] Request starting HTTP/1.1 GET http://localhost:5000/swagger/swagger-ui-bundle.js - null null
2026-01-26 09:58:59.331 +05:30 [INF] Sending file. Request path: '/swagger-ui-bundle.js'. Physical path: 'N/A'
2026-01-26 09:58:59.331 +05:30 [INF] Sending file. Request path: '/swagger-ui.css'. Physical path: 'N/A'
2026-01-26 09:58:59.331 +05:30 [INF] Sending file. Request path: '/swagger-ui-standalone-preset.js'. Physical path: 'N/A'
2026-01-26 09:58:59.331 +05:30 [INF] Request finished HTTP/1.1 GET http://localhost:5000/swagger/swagger-ui.css - 200 144929 text/css 11.4594ms
2026-01-26 09:58:59.331 +05:30 [INF] Request finished HTTP/1.1 GET http://localhost:5000/swagger/swagger-ui-standalone-preset.js - 200 312163 text/javascript 11.5601ms
2026-01-26 09:58:59.331 +05:30 [INF] Request finished HTTP/1.1 GET http://localhost:5000/swagger/swagger-ui-bundle.js - 200 1061536 text/javascript 11.4879ms
2026-01-26 09:58:59.442 +05:30 [INF] Request starting HTTP/1.1 GET http://localhost:5000/swagger/v1/swagger.json - null null
2026-01-26 09:58:59.448 +05:30 [INF] Request starting HTTP/1.1 GET http://localhost:5000/swagger/favicon-32x32.png - null null
2026-01-26 09:58:59.449 +05:30 [INF] Sending file. Request path: '/favicon-32x32.png'. Physical path: 'N/A'
2026-01-26 09:58:59.449 +05:30 [INF] Request finished HTTP/1.1 GET http://localhost:5000/swagger/favicon-32x32.png - 200 628 image/png 0.8302ms
2026-01-26 09:58:59.515 +05:30 [INF] Request finished HTTP/1.1 GET http://localhost:5000/swagger/v1/swagger.json - 200 null application/json;charset=utf-8 73.0897ms
2026-01-26 09:58:59.556 +05:30 [INF] Request starting HTTP/1.1 GET http://localhost:5000/swagger/favicon-32x32.png - null null
2026-01-26 09:58:59.556 +05:30 [INF] Sending file. Request path: '/favicon-32x32.png'. Physical path: 'N/A'
2026-01-26 09:58:59.556 +05:30 [INF] Request finished HTTP/1.1 GET http://localhost:5000/swagger/favicon-32x32.png - 200 628 image/png 0.3847ms
2026-01-26 09:59:16.127 +05:30 [INF] Request starting HTTP/1.1 GET http://localhost:5000/swagger - null null
2026-01-26 09:59:16.129 +05:30 [INF] Request finished HTTP/1.1 GET http://localhost:5000/swagger - 301 0 null 2.155ms
2026-01-26 09:59:16.132 +05:30 [INF] Request starting HTTP/1.1 GET http://localhost:5000/swagger/index.html - null null
2026-01-26 09:59:16.132 +05:30 [INF] Request finished HTTP/1.1 GET http://localhost:5000/swagger/index.html - 200 null text/html;charset=utf-8 0.6382ms
2026-01-26 09:59:16.255 +05:30 [INF] Request starting HTTP/1.1 GET http://localhost:5000/swagger/v1/swagger.json - null null
2026-01-26 09:59:16.266 +05:30 [INF] Request finished HTTP/1.1 GET http://localhost:5000/swagger/v1/swagger.json - 200 null application/json;charset=utf-8 10.8511ms
2026-01-26 10:04:12.474 +05:30 [INF] Request starting HTTP/1.1 GET http://localhost:5000/api/Cars - null null
2026-01-26 10:04:12.479 +05:30 [WRN] Failed to determine the https port for redirect.
2026-01-26 10:04:12.506 +05:30 [INF] Executing endpoint 'CarRental.API.Controllers.CarsController.GetAll (CarRental.API)'
2026-01-26 10:04:12.514 +05:30 [INF] Route matched with {action = "GetAll", controller = "Cars"}. Executing controller action with signature System.Threading.Tasks.Task`1[Microsoft.AspNetCore.Mvc.IActionResult] GetAll(System.Threading.CancellationToken) on controller CarRental.API.Controllers.CarsController (CarRental.API).
2026-01-26 10:04:12.520 +05:30 [INF] Getting all cars
2026-01-26 10:04:12.582 +05:30 [INF] Executed DbCommand (1ms) [Parameters=[], CommandType='"Text"', CommandTimeout='30']
SELECT "c"."Id", "c"."Category", "c"."Color", "c"."CreatedAt", "c"."CreatedBy", "c"."DailyRate", "c"."Description", "c"."FuelType", "c"."HasAirConditioning", "c"."HasGPS", "c"."ImageUrl", "c"."LicensePlate", "c"."Make", "c"."Mileage", "c"."Model", "c"."SeatingCapacity", "c"."Status", "c"."Transmission", "c"."UpdatedAt", "c"."UpdatedBy", "c"."Year"
FROM "Cars" AS "c"
2026-01-26 10:04:12.602 +05:30 [INF] Executing OkObjectResult, writing value of type 'CarRental.API.Controllers.ApiResponse`1[[System.Collections.Generic.IEnumerable`1[[CarRental.Application.DTOs.Car.CarDto, CarRental.Application, Version=1.0.0.0, Culture=neutral, PublicKeyToken=null]], System.Private.CoreLib, Version=8.0.0.0, Culture=neutral, PublicKeyToken=7cec85d7bea7798e]]'.
2026-01-26 10:04:12.607 +05:30 [INF] Executed action CarRental.API.Controllers.CarsController.GetAll (CarRental.API) in 92.8492ms
2026-01-26 10:04:12.608 +05:30 [INF] Executed endpoint 'CarRental.API.Controllers.CarsController.GetAll (CarRental.API)'
2026-01-26 10:04:12.608 +05:30 [INF] Request finished HTTP/1.1 GET http://localhost:5000/api/Cars - 200 null application/json; charset=utf-8 133.4412ms
2026-01-26 10:41:15.842 +05:30 [INF] Request starting HTTP/1.1 GET http://localhost:5000/index.html - null null
2026-01-26 10:41:15.844 +05:30 [INF] Request finished HTTP/1.1 GET http://localhost:5000/index.html - 404 0 null 1.627ms
2026-01-26 10:41:15.844 +05:30 [INF] Request reached the end of the middleware pipeline without being handled by application code. Request path: GET http://localhost:5000/index.html, Response status code: 404
2026-01-26 10:41:26.551 +05:30 [INF] Request starting HTTP/1.1 GET http://localhost:5000/swagger/index.html - null null
2026-01-26 10:41:26.552 +05:30 [INF] Request finished HTTP/1.1 GET http://localhost:5000/swagger/index.html - 200 null text/html;charset=utf-8 1.1503ms
2026-01-26 10:41:26.564 +05:30 [INF] Request starting HTTP/1.1 GET http://localhost:5000/swagger/swagger-ui.css - null null
2026-01-26 10:41:26.564 +05:30 [INF] Request starting HTTP/1.1 GET http://localhost:5000/swagger/swagger-ui-bundle.js - null null
2026-01-26 10:41:26.564 +05:30 [INF] Request starting HTTP/1.1 GET http://localhost:5000/swagger/swagger-ui-standalone-preset.js - null null
2026-01-26 10:41:26.564 +05:30 [INF] Sending file. Request path: '/swagger-ui.css'. Physical path: 'N/A'
2026-01-26 10:41:26.565 +05:30 [INF] Request finished HTTP/1.1 GET http://localhost:5000/swagger/swagger-ui.css - 200 144929 text/css 0.9312ms
2026-01-26 10:41:26.566 +05:30 [INF] Sending file. Request path: '/swagger-ui-standalone-preset.js'. Physical path: 'N/A'
2026-01-26 10:41:26.567 +05:30 [INF] Request finished HTTP/1.1 GET http://localhost:5000/swagger/swagger-ui-standalone-preset.js - 200 312163 text/javascript 2.1936ms
2026-01-26 10:41:26.569 +05:30 [INF] Sending file. Request path: '/swagger-ui-bundle.js'. Physical path: 'N/A'
2026-01-26 10:41:26.569 +05:30 [INF] Request finished HTTP/1.1 GET http://localhost:5000/swagger/swagger-ui-bundle.js - 200 1061536 text/javascript 5.1087ms
2026-01-26 10:41:26.658 +05:30 [INF] Request starting HTTP/1.1 GET http://localhost:5000/swagger/v1/swagger.json - null null
2026-01-26 10:41:26.665 +05:30 [INF] Request starting HTTP/1.1 GET http://localhost:5000/swagger/favicon-32x32.png - null null
2026-01-26 10:41:26.665 +05:30 [INF] Sending file. Request path: '/favicon-32x32.png'. Physical path: 'N/A'
2026-01-26 10:41:26.665 +05:30 [INF] Request finished HTTP/1.1 GET http://localhost:5000/swagger/favicon-32x32.png - 200 628 image/png 0.4007ms
2026-01-26 10:41:26.671 +05:30 [INF] Request finished HTTP/1.1 GET http://localhost:5000/swagger/v1/swagger.json - 200 null application/json;charset=utf-8 13.9287ms
2026-01-26 11:00:32.995 +05:30 [INF] Request starting HTTP/1.1 POST http://localhost:5000/api/Auth/login - application/json 59
2026-01-26 11:00:32.997 +05:30 [INF] CORS policy execution successful.
2026-01-26 11:00:33.000 +05:30 [INF] Executing endpoint 'CarRental.API.Controllers.AuthController.Login (CarRental.API)'
2026-01-26 11:00:33.004 +05:30 [INF] Route matched with {action = "Login", controller = "Auth"}. Executing controller action with signature System.Threading.Tasks.Task`1[Microsoft.AspNetCore.Mvc.IActionResult] Login(CarRental.Application.DTOs.Auth.LoginRequest, System.Threading.CancellationToken) on controller CarRental.API.Controllers.AuthController (CarRental.API).
2026-01-26 11:00:33.018 +05:30 [INF] Executing BadRequestObjectResult, writing value of type 'Microsoft.AspNetCore.Mvc.ValidationProblemDetails'.
2026-01-26 11:00:33.024 +05:30 [INF] Executed action CarRental.API.Controllers.AuthController.Login (CarRental.API) in 19.0611ms
2026-01-26 11:00:33.024 +05:30 [INF] Executed endpoint 'CarRental.API.Controllers.AuthController.Login (CarRental.API)'
2026-01-26 11:00:33.024 +05:30 [INF] Request finished HTTP/1.1 POST http://localhost:5000/api/Auth/login - 400 null application/json; charset=utf-8 28.5601ms
2026-01-26 11:00:48.001 +05:30 [INF] Request starting HTTP/1.1 POST http://localhost:5000/api/Auth/login - application/json 63
2026-01-26 11:00:48.003 +05:30 [INF] CORS policy execution successful.
2026-01-26 11:00:48.003 +05:30 [INF] Executing endpoint 'CarRental.API.Controllers.AuthController.Login (CarRental.API)'
2026-01-26 11:00:48.003 +05:30 [INF] Route matched with {action = "Login", controller = "Auth"}. Executing controller action with signature System.Threading.Tasks.Task`1[Microsoft.AspNetCore.Mvc.IActionResult] Login(CarRental.Application.DTOs.Auth.LoginRequest, System.Threading.CancellationToken) on controller CarRental.API.Controllers.AuthController (CarRental.API).
2026-01-26 11:00:48.007 +05:30 [INF] Login attempt for email: admin@carrental.com
2026-01-26 11:00:48.084 +05:30 [INF] Executed DbCommand (2ms) [Parameters=[@__ToLower_0='?' (Size = 19)], CommandType='"Text"', CommandTimeout='30']
SELECT "u"."Id", "u"."City", "u"."Country", "u"."CreatedAt", "u"."CreatedBy", "u"."DateOfBirth", "u"."DriversLicenseExpiry", "u"."DriversLicenseNumber", "u"."Email", "u"."FirstName", "u"."IsActive", "u"."LastLoginAt", "u"."LastName", "u"."PasswordHash", "u"."PhoneNumber", "u"."PostalCode", "u"."Role", "u"."State", "u"."Street", "u"."UpdatedAt", "u"."UpdatedBy"
FROM "Users" AS "u"
WHERE lower("u"."Email") = @__ToLower_0
LIMIT 1
2026-01-26 11:00:48.219 +05:30 [INF] Executed DbCommand (1ms) [Parameters=[@p20='?' (DbType = Guid), @p0='?', @p1='?', @p2='?' (DbType = DateTime), @p3='?', @p4='?' (DbType = DateTime), @p5='?' (DbType = DateTime), @p6='?', @p7='?' (Size = 19), @p8='?' (Size = 6), @p9='?' (DbType = Boolean), @p10='?' (DbType = DateTime), @p11='?' (Size = 5), @p12='?' (Size = 60), @p13='?' (Size = 11), @p14='?', @p15='?' (DbType = Int32), @p16='?', @p17='?', @p18='?' (DbType = DateTime), @p19='?'], CommandType='"Text"', CommandTimeout='30']
UPDATE "Users" SET "City" = @p0, "Country" = @p1, "CreatedAt" = @p2, "CreatedBy" = @p3, "DateOfBirth" = @p4, "DriversLicenseExpiry" = @p5, "DriversLicenseNumber" = @p6, "Email" = @p7, "FirstName" = @p8, "IsActive" = @p9, "LastLoginAt" = @p10, "LastName" = @p11, "PasswordHash" = @p12, "PhoneNumber" = @p13, "PostalCode" = @p14, "Role" = @p15, "State" = @p16, "Street" = @p17, "UpdatedAt" = @p18, "UpdatedBy" = @p19
WHERE "Id" = @p20
RETURNING 1;
2026-01-26 11:00:48.227 +05:30 [INF] Executing OkObjectResult, writing value of type 'CarRental.API.Controllers.ApiResponse`1[[CarRental.Application.DTOs.Auth.AuthResponse, CarRental.Application, Version=1.0.0.0, Culture=neutral, PublicKeyToken=null]]'.
2026-01-26 11:00:48.228 +05:30 [INF] Executed action CarRental.API.Controllers.AuthController.Login (CarRental.API) in 224.0968ms
2026-01-26 11:00:48.228 +05:30 [INF] Executed endpoint 'CarRental.API.Controllers.AuthController.Login (CarRental.API)'
2026-01-26 11:00:48.228 +05:30 [INF] Request finished HTTP/1.1 POST http://localhost:5000/api/Auth/login - 200 null application/json; charset=utf-8 226.4213ms
2026-01-26 11:01:18.668 +05:30 [INF] Request starting HTTP/1.1 GET http://localhost:5000/api/Cars - null null
2026-01-26 11:01:18.669 +05:30 [INF] Executing endpoint 'CarRental.API.Controllers.CarsController.GetAll (CarRental.API)'
2026-01-26 11:01:18.669 +05:30 [INF] Route matched with {action = "GetAll", controller = "Cars"}. Executing controller action with signature System.Threading.Tasks.Task`1[Microsoft.AspNetCore.Mvc.IActionResult] GetAll(System.Threading.CancellationToken) on controller CarRental.API.Controllers.CarsController (CarRental.API).
2026-01-26 11:01:18.670 +05:30 [INF] Getting all cars
2026-01-26 11:01:18.675 +05:30 [INF] Executed DbCommand (0ms) [Parameters=[], CommandType='"Text"', CommandTimeout='30']
SELECT "c"."Id", "c"."Category", "c"."Color", "c"."CreatedAt", "c"."CreatedBy", "c"."DailyRate", "c"."Description", "c"."FuelType", "c"."HasAirConditioning", "c"."HasGPS", "c"."ImageUrl", "c"."LicensePlate", "c"."Make", "c"."Mileage", "c"."Model", "c"."SeatingCapacity", "c"."Status", "c"."Transmission", "c"."UpdatedAt", "c"."UpdatedBy", "c"."Year"
FROM "Cars" AS "c"
2026-01-26 11:01:18.675 +05:30 [INF] Executing OkObjectResult, writing value of type 'CarRental.API.Controllers.ApiResponse`1[[System.Collections.Generic.IEnumerable`1[[CarRental.Application.DTOs.Car.CarDto, CarRental.Application, Version=1.0.0.0, Culture=neutral, PublicKeyToken=null]], System.Private.CoreLib, Version=8.0.0.0, Culture=neutral, PublicKeyToken=7cec85d7bea7798e]]'.
2026-01-26 11:01:18.676 +05:30 [INF] Executed action CarRental.API.Controllers.CarsController.GetAll (CarRental.API) in 6.8478ms
2026-01-26 11:01:18.676 +05:30 [INF] Executed endpoint 'CarRental.API.Controllers.CarsController.GetAll (CarRental.API)'
2026-01-26 11:01:18.676 +05:30 [INF] Request finished HTTP/1.1 GET http://localhost:5000/api/Cars - 200 null application/json; charset=utf-8 8.0608ms
2026-01-26 11:02:12.610 +05:30 [INF] Request starting HTTP/1.1 GET http://localhost:5000/api/Cars/55555555-5555-5555-5555-555555555555 - null null
2026-01-26 11:02:12.611 +05:30 [INF] Executing endpoint 'CarRental.API.Controllers.CarsController.GetById (CarRental.API)'
2026-01-26 11:02:12.618 +05:30 [INF] Route matched with {action = "GetById", controller = "Cars"}. Executing controller action with signature System.Threading.Tasks.Task`1[Microsoft.AspNetCore.Mvc.IActionResult] GetById(System.Guid, System.Threading.CancellationToken) on controller CarRental.API.Controllers.CarsController (CarRental.API).
2026-01-26 11:02:12.621 +05:30 [INF] Getting car with ID: "55555555-5555-5555-5555-555555555555"
2026-01-26 11:02:12.635 +05:30 [INF] Executed DbCommand (0ms) [Parameters=[@__get_Item_0='?' (DbType = Guid)], CommandType='"Text"', CommandTimeout='30']
SELECT "c"."Id", "c"."Category", "c"."Color", "c"."CreatedAt", "c"."CreatedBy", "c"."DailyRate", "c"."Description", "c"."FuelType", "c"."HasAirConditioning", "c"."HasGPS", "c"."ImageUrl", "c"."LicensePlate", "c"."Make", "c"."Mileage", "c"."Model", "c"."SeatingCapacity", "c"."Status", "c"."Transmission", "c"."UpdatedAt", "c"."UpdatedBy", "c"."Year"
FROM "Cars" AS "c"
WHERE "c"."Id" = @__get_Item_0
LIMIT 1
2026-01-26 11:02:12.636 +05:30 [INF] Executing OkObjectResult, writing value of type 'CarRental.API.Controllers.ApiResponse`1[[CarRental.Application.DTOs.Car.CarDto, CarRental.Application, Version=1.0.0.0, Culture=neutral, PublicKeyToken=null]]'.
2026-01-26 11:02:12.637 +05:30 [INF] Executed action CarRental.API.Controllers.CarsController.GetById (CarRental.API) in 18.9107ms
2026-01-26 11:02:12.637 +05:30 [INF] Executed endpoint 'CarRental.API.Controllers.CarsController.GetById (CarRental.API)'
2026-01-26 11:02:12.637 +05:30 [INF] Request finished HTTP/1.1 GET http://localhost:5000/api/Cars/55555555-5555-5555-5555-555555555555 - 200 null application/json; charset=utf-8 26.967ms
2026-01-26 11:03:26.556 +05:30 [INF] Request starting HTTP/1.1 POST http://localhost:5000/api/Cars - application/json 541
2026-01-26 11:03:26.556 +05:30 [INF] CORS policy execution successful.
2026-01-26 11:03:26.560 +05:30 [INF] Authorization failed. These requirements were not met:
RolesAuthorizationRequirement:User.IsInRole must be true for one of the following roles: (Admin|Manager)
2026-01-26 11:03:26.564 +05:30 [INF] AuthenticationScheme: Bearer was challenged.
2026-01-26 11:03:26.564 +05:30 [INF] Request finished HTTP/1.1 POST http://localhost:5000/api/Cars - 401 0 null 8.2362ms
2026-01-26 11:04:57.842 +05:30 [INF] Request starting HTTP/1.1 POST http://localhost:5000/api/Cars - application/json 541
2026-01-26 11:04:57.842 +05:30 [INF] CORS policy execution successful.
2026-01-26 11:04:57.844 +05:30 [INF] Authorization failed. These requirements were not met:
RolesAuthorizationRequirement:User.IsInRole must be true for one of the following roles: (Admin|Manager)
2026-01-26 11:04:57.844 +05:30 [INF] AuthenticationScheme: Bearer was challenged.
2026-01-26 11:04:57.844 +05:30 [INF] Request finished HTTP/1.1 POST http://localhost:5000/api/Cars - 401 0 null 2.0346ms
2026-01-26 11:34:52.743 +05:30 [INF] Request starting HTTP/1.1 GET http://localhost:5000/swagger/index.html - null null
2026-01-26 11:34:52.743 +05:30 [INF] Request finished HTTP/1.1 GET http://localhost:5000/swagger/index.html - 200 null text/html;charset=utf-8 0.9441ms
2026-01-26 11:34:52.841 +05:30 [INF] Request starting HTTP/1.1 GET http://localhost:5000/swagger/v1/swagger.json - null null
2026-01-26 11:34:52.854 +05:30 [INF] Request finished HTTP/1.1 GET http://localhost:5000/swagger/v1/swagger.json - 200 null application/json;charset=utf-8 12.9492ms
2026-01-26 12:57:01.628 +05:30 [INF] Request starting HTTP/1.1 GET http://localhost:5000/api/cars?pageSize=100 - null null
2026-01-26 12:57:01.629 +05:30 [INF] Executing endpoint 'CarRental.API.Controllers.CarsController.GetAll (CarRental.API)'
2026-01-26 12:57:01.630 +05:30 [INF] Route matched with {action = "GetAll", controller = "Cars"}. Executing controller action with signature System.Threading.Tasks.Task`1[Microsoft.AspNetCore.Mvc.IActionResult] GetAll(System.Threading.CancellationToken) on controller CarRental.API.Controllers.CarsController (CarRental.API).
2026-01-26 12:57:01.633 +05:30 [INF] Getting all cars
2026-01-26 12:57:01.636 +05:30 [INF] Executed DbCommand (0ms) [Parameters=[], CommandType='"Text"', CommandTimeout='30']
SELECT "c"."Id", "c"."Category", "c"."Color", "c"."CreatedAt", "c"."CreatedBy", "c"."DailyRate", "c"."Description", "c"."FuelType", "c"."HasAirConditioning", "c"."HasGPS", "c"."ImageUrl", "c"."LicensePlate", "c"."Make", "c"."Mileage", "c"."Model", "c"."SeatingCapacity", "c"."Status", "c"."Transmission", "c"."UpdatedAt", "c"."UpdatedBy", "c"."Year"
FROM "Cars" AS "c"
2026-01-26 12:57:01.637 +05:30 [INF] Executing OkObjectResult, writing value of type 'CarRental.API.Controllers.ApiResponse`1[[System.Collections.Generic.IEnumerable`1[[CarRental.Application.DTOs.Car.CarDto, CarRental.Application, Version=1.0.0.0, Culture=neutral, PublicKeyToken=null]], System.Private.CoreLib, Version=8.0.0.0, Culture=neutral, PublicKeyToken=7cec85d7bea7798e]]'.
2026-01-26 12:57:01.637 +05:30 [INF] Executed action CarRental.API.Controllers.CarsController.GetAll (CarRental.API) in 6.9998ms
2026-01-26 12:57:01.637 +05:30 [INF] Executed endpoint 'CarRental.API.Controllers.CarsController.GetAll (CarRental.API)'
2026-01-26 12:57:01.637 +05:30 [INF] Request finished HTTP/1.1 GET http://localhost:5000/api/cars?pageSize=100 - 200 null application/json; charset=utf-8 9.8895ms
2026-01-26 12:57:01.641 +05:30 [INF] Request starting HTTP/1.1 GET http://localhost:5000/api/cars?pageSize=100 - null null
2026-01-26 12:57:01.641 +05:30 [INF] Executing endpoint 'CarRental.API.Controllers.CarsController.GetAll (CarRental.API)'
2026-01-26 12:57:01.642 +05:30 [INF] Route matched with {action = "GetAll", controller = "Cars"}. Executing controller action with signature System.Threading.Tasks.Task`1[Microsoft.AspNetCore.Mvc.IActionResult] GetAll(System.Threading.CancellationToken) on controller CarRental.API.Controllers.CarsController (CarRental.API).
2026-01-26 12:57:01.642 +05:30 [INF] Getting all cars
2026-01-26 12:57:01.643 +05:30 [INF] Executed DbCommand (0ms) [Parameters=[], CommandType='"Text"', CommandTimeout='30']
SELECT "c"."Id", "c"."Category", "c"."Color", "c"."CreatedAt", "c"."CreatedBy", "c"."DailyRate", "c"."Description", "c"."FuelType", "c"."HasAirConditioning", "c"."HasGPS", "c"."ImageUrl", "c"."LicensePlate", "c"."Make", "c"."Mileage", "c"."Model", "c"."SeatingCapacity", "c"."Status", "c"."Transmission", "c"."UpdatedAt", "c"."UpdatedBy", "c"."Year"
FROM "Cars" AS "c"
2026-01-26 12:57:01.643 +05:30 [INF] Executing OkObjectResult, writing value of type 'CarRental.API.Controllers.ApiResponse`1[[System.Collections.Generic.IEnumerable`1[[CarRental.Application.DTOs.Car.CarDto, CarRental.Application, Version=1.0.0.0, Culture=neutral, PublicKeyToken=null]], System.Private.CoreLib, Version=8.0.0.0, Culture=neutral, PublicKeyToken=7cec85d7bea7798e]]'.
2026-01-26 12:57:01.643 +05:30 [INF] Executed action CarRental.API.Controllers.CarsController.GetAll (CarRental.API) in 1.5169ms
2026-01-26 12:57:01.643 +05:30 [INF] Executed endpoint 'CarRental.API.Controllers.CarsController.GetAll (CarRental.API)'
2026-01-26 12:57:01.644 +05:30 [INF] Request finished HTTP/1.1 GET http://localhost:5000/api/cars?pageSize=100 - 200 null application/json; charset=utf-8 2.916ms
2026-01-26 12:57:26.530 +05:30 [INF] Request starting HTTP/1.1 GET http://localhost:5000/api/cars - null null
2026-01-26 12:57:26.530 +05:30 [INF] Executing endpoint 'CarRental.API.Controllers.CarsController.GetAll (CarRental.API)'
2026-01-26 12:57:26.531 +05:30 [INF] Route matched with {action = "GetAll", controller = "Cars"}. Executing controller action with signature System.Threading.Tasks.Task`1[Microsoft.AspNetCore.Mvc.IActionResult] GetAll(System.Threading.CancellationToken) on controller CarRental.API.Controllers.CarsController (CarRental.API).
2026-01-26 12:57:26.532 +05:30 [INF] Getting all cars
2026-01-26 12:57:26.533 +05:30 [INF] Executed DbCommand (0ms) [Parameters=[], CommandType='"Text"', CommandTimeout='30']
SELECT "c"."Id", "c"."Category", "c"."Color", "c"."CreatedAt", "c"."CreatedBy", "c"."DailyRate", "c"."Description", "c"."FuelType", "c"."HasAirConditioning", "c"."HasGPS", "c"."ImageUrl", "c"."LicensePlate", "c"."Make", "c"."Mileage", "c"."Model", "c"."SeatingCapacity", "c"."Status", "c"."Transmission", "c"."UpdatedAt", "c"."UpdatedBy", "c"."Year"
FROM "Cars" AS "c"
2026-01-26 12:57:26.540 +05:30 [INF] Executing OkObjectResult, writing value of type 'CarRental.API.Controllers.ApiResponse`1[[System.Collections.Generic.IEnumerable`1[[CarRental.Application.DTOs.Car.CarDto, CarRental.Application, Version=1.0.0.0, Culture=neutral, PublicKeyToken=null]], System.Private.CoreLib, Version=8.0.0.0, Culture=neutral, PublicKeyToken=7cec85d7bea7798e]]'.
2026-01-26 12:57:26.540 +05:30 [INF] Executed action CarRental.API.Controllers.CarsController.GetAll (CarRental.API) in 8.3262ms
2026-01-26 12:57:26.540 +05:30 [INF] Executed endpoint 'CarRental.API.Controllers.CarsController.GetAll (CarRental.API)'
2026-01-26 12:57:26.540 +05:30 [INF] Request finished HTTP/1.1 GET http://localhost:5000/api/cars - 200 null application/json; charset=utf-8 10.3228ms
2026-01-26 12:57:26.551 +05:30 [INF] Request starting HTTP/1.1 GET http://localhost:5000/favicon.ico - null null
2026-01-26 12:57:26.552 +05:30 [INF] Request finished HTTP/1.1 GET http://localhost:5000/favicon.ico - 404 0 null 0.8041ms
2026-01-26 12:57:26.553 +05:30 [INF] Request reached the end of the middleware pipeline without being handled by application code. Request path: GET http://localhost:5000/favicon.ico, Response status code: 404
2026-01-26 12:57:34.479 +05:30 [INF] Request starting HTTP/1.1 GET http://localhost:5000/api/cars?pageSize=100 - null null
2026-01-26 12:57:34.480 +05:30 [INF] Executing endpoint 'CarRental.API.Controllers.CarsController.GetAll (CarRental.API)'
2026-01-26 12:57:34.480 +05:30 [INF] Route matched with {action = "GetAll", controller = "Cars"}. Executing controller action with signature System.Threading.Tasks.Task`1[Microsoft.AspNetCore.Mvc.IActionResult] GetAll(System.Threading.CancellationToken) on controller CarRental.API.Controllers.CarsController (CarRental.API).
2026-01-26 12:57:34.480 +05:30 [INF] Getting all cars
2026-01-26 12:57:34.481 +05:30 [INF] Executed DbCommand (0ms) [Parameters=[], CommandType='"Text"', CommandTimeout='30']
SELECT "c"."Id", "c"."Category", "c"."Color", "c"."CreatedAt", "c"."CreatedBy", "c"."DailyRate", "c"."Description", "c"."FuelType", "c"."HasAirConditioning", "c"."HasGPS", "c"."ImageUrl", "c"."LicensePlate", "c"."Make", "c"."Mileage", "c"."Model", "c"."SeatingCapacity", "c"."Status", "c"."Transmission", "c"."UpdatedAt", "c"."UpdatedBy", "c"."Year"
FROM "Cars" AS "c"
2026-01-26 12:57:34.482 +05:30 [INF] Executing OkObjectResult, writing value of type 'CarRental.API.Controllers.ApiResponse`1[[System.Collections.Generic.IEnumerable`1[[CarRental.Application.DTOs.Car.CarDto, CarRental.Application, Version=1.0.0.0, Culture=neutral, PublicKeyToken=null]], System.Private.CoreLib, Version=8.0.0.0, Culture=neutral, PublicKeyToken=7cec85d7bea7798e]]'.
2026-01-26 12:57:34.482 +05:30 [INF] Executed action CarRental.API.Controllers.CarsController.GetAll (CarRental.API) in 2.629ms
2026-01-26 12:57:34.483 +05:30 [INF] Executed endpoint 'CarRental.API.Controllers.CarsController.GetAll (CarRental.API)'
2026-01-26 12:57:34.483 +05:30 [INF] Request finished HTTP/1.1 GET http://localhost:5000/api/cars?pageSize=100 - 200 null application/json; charset=utf-8 3.3203ms
2026-01-26 12:57:34.486 +05:30 [INF] Request starting HTTP/1.1 GET http://localhost:5000/api/cars?pageSize=100 - null null
2026-01-26 12:57:34.487 +05:30 [INF] Executing endpoint 'CarRental.API.Controllers.CarsController.GetAll (CarRental.API)'
2026-01-26 12:57:34.487 +05:30 [INF] Route matched with {action = "GetAll", controller = "Cars"}. Executing controller action with signature System.Threading.Tasks.Task`1[Microsoft.AspNetCore.Mvc.IActionResult] GetAll(System.Threading.CancellationToken) on controller CarRental.API.Controllers.CarsController (CarRental.API).
2026-01-26 12:57:34.487 +05:30 [INF] Getting all cars
2026-01-26 12:57:34.488 +05:30 [INF] Executed DbCommand (0ms) [Parameters=[], CommandType='"Text"', CommandTimeout='30']
SELECT "c"."Id", "c"."Category", "c"."Color", "c"."CreatedAt", "c"."CreatedBy", "c"."DailyRate", "c"."Description", "c"."FuelType", "c"."HasAirConditioning", "c"."HasGPS", "c"."ImageUrl", "c"."LicensePlate", "c"."Make", "c"."Mileage", "c"."Model", "c"."SeatingCapacity", "c"."Status", "c"."Transmission", "c"."UpdatedAt", "c"."UpdatedBy", "c"."Year"
FROM "Cars" AS "c"
2026-01-26 12:57:34.488 +05:30 [INF] Executing OkObjectResult, writing value of type 'CarRental.API.Controllers.ApiResponse`1[[System.Collections.Generic.IEnumerable`1[[CarRental.Application.DTOs.Car.CarDto, CarRental.Application, Version=1.0.0.0, Culture=neutral, PublicKeyToken=null]], System.Private.CoreLib, Version=8.0.0.0, Culture=neutral, PublicKeyToken=7cec85d7bea7798e]]'.
2026-01-26 12:57:34.489 +05:30 [INF] Executed action CarRental.API.Controllers.CarsController.GetAll (CarRental.API) in 1.7447ms
2026-01-26 12:57:34.489 +05:30 [INF] Executed endpoint 'CarRental.API.Controllers.CarsController.GetAll (CarRental.API)'
2026-01-26 12:57:34.489 +05:30 [INF] Request finished HTTP/1.1 GET http://localhost:5000/api/cars?pageSize=100 - 200 null application/json; charset=utf-8 2.5234ms
2026-01-26 13:00:04.999 +05:30 [INF] Request starting HTTP/1.1 GET http://localhost:5000/api/cars?pageSize=100 - null null
2026-01-26 13:00:04.999 +05:30 [INF] Executing endpoint 'CarRental.API.Controllers.CarsController.GetAll (CarRental.API)'
2026-01-26 13:00:05.000 +05:30 [INF] Route matched with {action = "GetAll", controller = "Cars"}. Executing controller action with signature System.Threading.Tasks.Task`1[Microsoft.AspNetCore.Mvc.IActionResult] GetAll(System.Threading.CancellationToken) on controller CarRental.API.Controllers.CarsController (CarRental.API).
2026-01-26 13:00:05.001 +05:30 [INF] Getting all cars
2026-01-26 13:00:05.002 +05:30 [INF] Executed DbCommand (0ms) [Parameters=[], CommandType='"Text"', CommandTimeout='30']
SELECT "c"."Id", "c"."Category", "c"."Color", "c"."CreatedAt", "c"."CreatedBy", "c"."DailyRate", "c"."Description", "c"."FuelType", "c"."HasAirConditioning", "c"."HasGPS", "c"."ImageUrl", "c"."LicensePlate", "c"."Make", "c"."Mileage", "c"."Model", "c"."SeatingCapacity", "c"."Status", "c"."Transmission", "c"."UpdatedAt", "c"."UpdatedBy", "c"."Year"
FROM "Cars" AS "c"
2026-01-26 13:00:05.003 +05:30 [INF] Executing OkObjectResult, writing value of type 'CarRental.API.Controllers.ApiResponse`1[[System.Collections.Generic.IEnumerable`1[[CarRental.Application.DTOs.Car.CarDto, CarRental.Application, Version=1.0.0.0, Culture=neutral, PublicKeyToken=null]], System.Private.CoreLib, Version=8.0.0.0, Culture=neutral, PublicKeyToken=7cec85d7bea7798e]]'.
2026-01-26 13:00:05.003 +05:30 [INF] Executed action CarRental.API.Controllers.CarsController.GetAll (CarRental.API) in 3.4086ms
2026-01-26 13:00:05.003 +05:30 [INF] Executed endpoint 'CarRental.API.Controllers.CarsController.GetAll (CarRental.API)'
2026-01-26 13:00:05.003 +05:30 [INF] Request finished HTTP/1.1 GET http://localhost:5000/api/cars?pageSize=100 - 200 null application/json; charset=utf-8 4.7243ms
2026-01-26 13:00:05.007 +05:30 [INF] Request starting HTTP/1.1 GET http://localhost:5000/api/cars?pageSize=100 - null null
2026-01-26 13:00:05.008 +05:30 [INF] Executing endpoint 'CarRental.API.Controllers.CarsController.GetAll (CarRental.API)'
2026-01-26 13:00:05.008 +05:30 [INF] Route matched with {action = "GetAll", controller = "Cars"}. Executing controller action with signature System.Threading.Tasks.Task`1[Microsoft.AspNetCore.Mvc.IActionResult] GetAll(System.Threading.CancellationToken) on controller CarRental.API.Controllers.CarsController (CarRental.API).
2026-01-26 13:00:05.008 +05:30 [INF] Getting all cars
2026-01-26 13:00:05.009 +05:30 [INF] Executed DbCommand (0ms) [Parameters=[], CommandType='"Text"', CommandTimeout='30']
SELECT "c"."Id", "c"."Category", "c"."Color", "c"."CreatedAt", "c"."CreatedBy", "c"."DailyRate", "c"."Description", "c"."FuelType", "c"."HasAirConditioning", "c"."HasGPS", "c"."ImageUrl", "c"."LicensePlate", "c"."Make", "c"."Mileage", "c"."Model", "c"."SeatingCapacity", "c"."Status", "c"."Transmission", "c"."UpdatedAt", "c"."UpdatedBy", "c"."Year"
FROM "Cars" AS "c"
2026-01-26 13:00:05.009 +05:30 [INF] Executing OkObjectResult, writing value of type 'CarRental.API.Controllers.ApiResponse`1[[System.Collections.Generic.IEnumerable`1[[CarRental.Application.DTOs.Car.CarDto, CarRental.Application, Version=1.0.0.0, Culture=neutral, PublicKeyToken=null]], System.Private.CoreLib, Version=8.0.0.0, Culture=neutral, PublicKeyToken=7cec85d7bea7798e]]'.
2026-01-26 13:00:05.009 +05:30 [INF] Executed action CarRental.API.Controllers.CarsController.GetAll (CarRental.API) in 1.4144ms
2026-01-26 13:00:05.009 +05:30 [INF] Executed endpoint 'CarRental.API.Controllers.CarsController.GetAll (CarRental.API)'
2026-01-26 13:00:05.009 +05:30 [INF] Request finished HTTP/1.1 GET http://localhost:5000/api/cars?pageSize=100 - 200 null application/json; charset=utf-8 2.3318ms
2026-01-26 13:00:05.012 +05:30 [INF] Request starting HTTP/1.1 GET http://localhost:5000/api/cars?pageSize=100 - null null
2026-01-26 13:00:05.012 +05:30 [INF] Executing endpoint 'CarRental.API.Controllers.CarsController.GetAll (CarRental.API)'
2026-01-26 13:00:05.012 +05:30 [INF] Route matched with {action = "GetAll", controller = "Cars"}. Executing controller action with signature System.Threading.Tasks.Task`1[Microsoft.AspNetCore.Mvc.IActionResult] GetAll(System.Threading.CancellationToken) on controller CarRental.API.Controllers.CarsController (CarRental.API).
2026-01-26 13:00:05.013 +05:30 [INF] Getting all cars
2026-01-26 13:00:05.013 +05:30 [INF] Executed DbCommand (0ms) [Parameters=[], CommandType='"Text"', CommandTimeout='30']
SELECT "c"."Id", "c"."Category", "c"."Color", "c"."CreatedAt", "c"."CreatedBy", "c"."DailyRate", "c"."Description", "c"."FuelType", "c"."HasAirConditioning", "c"."HasGPS", "c"."ImageUrl", "c"."LicensePlate", "c"."Make", "c"."Mileage", "c"."Model", "c"."SeatingCapacity", "c"."Status", "c"."Transmission", "c"."UpdatedAt", "c"."UpdatedBy", "c"."Year"
FROM "Cars" AS "c"
2026-01-26 13:00:05.013 +05:30 [INF] Executing OkObjectResult, writing value of type 'CarRental.API.Controllers.ApiResponse`1[[System.Collections.Generic.IEnumerable`1[[CarRental.Application.DTOs.Car.CarDto, CarRental.Application, Version=1.0.0.0, Culture=neutral, PublicKeyToken=null]], System.Private.CoreLib, Version=8.0.0.0, Culture=neutral, PublicKeyToken=7cec85d7bea7798e]]'.
2026-01-26 13:00:05.014 +05:30 [INF] Executed action CarRental.API.Controllers.CarsController.GetAll (CarRental.API) in 1.5161ms
2026-01-26 13:00:05.014 +05:30 [INF] Executed endpoint 'CarRental.API.Controllers.CarsController.GetAll (CarRental.API)'
2026-01-26 13:00:05.014 +05:30 [INF] Request finished HTTP/1.1 GET http://localhost:5000/api/cars?pageSize=100 - 200 null application/json; charset=utf-8 2.201ms
2026-01-26 13:00:05.015 +05:30 [INF] Request starting HTTP/1.1 GET http://localhost:5000/api/cars?pageSize=100 - null null
2026-01-26 13:00:05.016 +05:30 [INF] Executing endpoint 'CarRental.API.Controllers.CarsController.GetAll (CarRental.API)'
2026-01-26 13:00:05.016 +05:30 [INF] Route matched with {action = "GetAll", controller = "Cars"}. Executing controller action with signature System.Threading.Tasks.Task`1[Microsoft.AspNetCore.Mvc.IActionResult] GetAll(System.Threading.CancellationToken) on controller CarRental.API.Controllers.CarsController (CarRental.API).
2026-01-26 13:00:05.016 +05:30 [INF] Getting all cars
2026-01-26 13:00:05.017 +05:30 [INF] Executed DbCommand (0ms) [Parameters=[], CommandType='"Text"', CommandTimeout='30']
SELECT "c"."Id", "c"."Category", "c"."Color", "c"."CreatedAt", "c"."CreatedBy", "c"."DailyRate", "c"."Description", "c"."FuelType", "c"."HasAirConditioning", "c"."HasGPS", "c"."ImageUrl", "c"."LicensePlate", "c"."Make", "c"."Mileage", "c"."Model", "c"."SeatingCapacity", "c"."Status", "c"."Transmission", "c"."UpdatedAt", "c"."UpdatedBy", "c"."Year"
FROM "Cars" AS "c"
2026-01-26 13:00:05.017 +05:30 [INF] Executing OkObjectResult, writing value of type 'CarRental.API.Controllers.ApiResponse`1[[System.Collections.Generic.IEnumerable`1[[CarRental.Application.DTOs.Car.CarDto, CarRental.Application, Version=1.0.0.0, Culture=neutral, PublicKeyToken=null]], System.Private.CoreLib, Version=8.0.0.0, Culture=neutral, PublicKeyToken=7cec85d7bea7798e]]'.
2026-01-26 13:00:05.017 +05:30 [INF] Executed action CarRental.API.Controllers.CarsController.GetAll (CarRental.API) in 1.0548ms
2026-01-26 13:00:05.017 +05:30 [INF] Executed endpoint 'CarRental.API.Controllers.CarsController.GetAll (CarRental.API)'
2026-01-26 13:00:05.017 +05:30 [INF] Request finished HTTP/1.1 GET http://localhost:5000/api/cars?pageSize=100 - 200 null application/json; charset=utf-8 1.7594ms
2026-01-26 13:00:14.567 +05:30 [INF] Request starting HTTP/1.1 GET http://localhost:5000/api/cars?pageSize=100 - null null
2026-01-26 13:00:14.567 +05:30 [INF] Executing endpoint 'CarRental.API.Controllers.CarsController.GetAll (CarRental.API)'
2026-01-26 13:00:14.567 +05:30 [INF] Route matched with {action = "GetAll", controller = "Cars"}. Executing controller action with signature System.Threading.Tasks.Task`1[Microsoft.AspNetCore.Mvc.IActionResult] GetAll(System.Threading.CancellationToken) on controller CarRental.API.Controllers.CarsController (CarRental.API).
2026-01-26 13:00:14.568 +05:30 [INF] Getting all cars
2026-01-26 13:00:14.568 +05:30 [INF] Executed DbCommand (0ms) [Parameters=[], CommandType='"Text"', CommandTimeout='30']
SELECT "c"."Id", "c"."Category", "c"."Color", "c"."CreatedAt", "c"."CreatedBy", "c"."DailyRate", "c"."Description", "c"."FuelType", "c"."HasAirConditioning", "c"."HasGPS", "c"."ImageUrl", "c"."LicensePlate", "c"."Make", "c"."Mileage", "c"."Model", "c"."SeatingCapacity", "c"."Status", "c"."Transmission", "c"."UpdatedAt", "c"."UpdatedBy", "c"."Year"
FROM "Cars" AS "c"
2026-01-26 13:00:14.569 +05:30 [INF] Executing OkObjectResult, writing value of type 'CarRental.API.Controllers.ApiResponse`1[[System.Collections.Generic.IEnumerable`1[[CarRental.Application.DTOs.Car.CarDto, CarRental.Application, Version=1.0.0.0, Culture=neutral, PublicKeyToken=null]], System.Private.CoreLib, Version=8.0.0.0, Culture=neutral, PublicKeyToken=7cec85d7bea7798e]]'.
2026-01-26 13:00:14.569 +05:30 [INF] Executed action CarRental.API.Controllers.CarsController.GetAll (CarRental.API) in 1.4822ms
2026-01-26 13:00:14.569 +05:30 [INF] Executed endpoint 'CarRental.API.Controllers.CarsController.GetAll (CarRental.API)'
2026-01-26 13:00:14.569 +05:30 [INF] Request finished HTTP/1.1 GET http://localhost:5000/api/cars?pageSize=100 - 200 null application/json; charset=utf-8 2.2837ms
2026-01-26 13:00:14.572 +05:30 [INF] Request starting HTTP/1.1 GET http://localhost:5000/api/cars?pageSize=100 - null null
2026-01-26 13:00:14.572 +05:30 [INF] Executing endpoint 'CarRental.API.Controllers.CarsController.GetAll (CarRental.API)'
2026-01-26 13:00:14.573 +05:30 [INF] Route matched with {action = "GetAll", controller = "Cars"}. Executing controller action with signature System.Threading.Tasks.Task`1[Microsoft.AspNetCore.Mvc.IActionResult] GetAll(System.Threading.CancellationToken) on controller CarRental.API.Controllers.CarsController (CarRental.API).
2026-01-26 13:00:14.573 +05:30 [INF] Getting all cars
2026-01-26 13:00:14.573 +05:30 [INF] Executed DbCommand (0ms) [Parameters=[], CommandType='"Text"', CommandTimeout='30']
SELECT "c"."Id", "c"."Category", "c"."Color", "c"."CreatedAt", "c"."CreatedBy", "c"."DailyRate", "c"."Description", "c"."FuelType", "c"."HasAirConditioning", "c"."HasGPS", "c"."ImageUrl", "c"."LicensePlate", "c"."Make", "c"."Mileage", "c"."Model", "c"."SeatingCapacity", "c"."Status", "c"."Transmission", "c"."UpdatedAt", "c"."UpdatedBy", "c"."Year"
FROM "Cars" AS "c"
2026-01-26 13:00:14.574 +05:30 [INF] Executing OkObjectResult, writing value of type 'CarRental.API.Controllers.ApiResponse`1[[System.Collections.Generic.IEnumerable`1[[CarRental.Application.DTOs.Car.CarDto, CarRental.Application, Version=1.0.0.0, Culture=neutral, PublicKeyToken=null]], System.Private.CoreLib, Version=8.0.0.0, Culture=neutral, PublicKeyToken=7cec85d7bea7798e]]'.
2026-01-26 13:00:14.574 +05:30 [INF] Executed action CarRental.API.Controllers.CarsController.GetAll (CarRental.API) in 1.4911ms
2026-01-26 13:00:14.574 +05:30 [INF] Executed endpoint 'CarRental.API.Controllers.CarsController.GetAll (CarRental.API)'
2026-01-26 13:00:14.574 +05:30 [INF] Request finished HTTP/1.1 GET http://localhost:5000/api/cars?pageSize=100 - 200 null application/json; charset=utf-8 2.2786ms
2026-01-26 13:00:14.578 +05:30 [INF] Request starting HTTP/1.1 GET http://localhost:5000/api/cars?pageSize=100 - null null
2026-01-26 13:00:14.578 +05:30 [INF] Executing endpoint 'CarRental.API.Controllers.CarsController.GetAll (CarRental.API)'
2026-01-26 13:00:14.578 +05:30 [INF] Route matched with {action = "GetAll", controller = "Cars"}. Executing controller action with signature System.Threading.Tasks.Task`1[Microsoft.AspNetCore.Mvc.IActionResult] GetAll(System.Threading.CancellationToken) on controller CarRental.API.Controllers.CarsController (CarRental.API).
2026-01-26 13:00:14.579 +05:30 [INF] Getting all cars
2026-01-26 13:00:14.580 +05:30 [INF] Executed DbCommand (0ms) [Parameters=[], CommandType='"Text"', CommandTimeout='30']
SELECT "c"."Id", "c"."Category", "c"."Color", "c"."CreatedAt", "c"."CreatedBy", "c"."DailyRate", "c"."Description", "c"."FuelType", "c"."HasAirConditioning", "c"."HasGPS", "c"."ImageUrl", "c"."LicensePlate", "c"."Make", "c"."Mileage", "c"."Model", "c"."SeatingCapacity", "c"."Status", "c"."Transmission", "c"."UpdatedAt", "c"."UpdatedBy", "c"."Year"
FROM "Cars" AS "c"
2026-01-26 13:00:14.580 +05:30 [INF] Executing OkObjectResult, writing value of type 'CarRental.API.Controllers.ApiResponse`1[[System.Collections.Generic.IEnumerable`1[[CarRental.Application.DTOs.Car.CarDto, CarRental.Application, Version=1.0.0.0, Culture=neutral, PublicKeyToken=null]], System.Private.CoreLib, Version=8.0.0.0, Culture=neutral, PublicKeyToken=7cec85d7bea7798e]]'.
2026-01-26 13:00:14.581 +05:30 [INF] Executed action CarRental.API.Controllers.CarsController.GetAll (CarRental.API) in 2.6309ms
2026-01-26 13:00:14.581 +05:30 [INF] Executed endpoint 'CarRental.API.Controllers.CarsController.GetAll (CarRental.API)'
2026-01-26 13:00:14.581 +05:30 [INF] Request finished HTTP/1.1 GET http://localhost:5000/api/cars?pageSize=100 - 200 null application/json; charset=utf-8 3.3091ms
2026-01-26 13:00:14.589 +05:30 [INF] Request starting HTTP/1.1 GET http://localhost:5000/api/cars?pageSize=100 - null null
2026-01-26 13:00:14.590 +05:30 [INF] Executing endpoint 'CarRental.API.Controllers.CarsController.GetAll (CarRental.API)'
2026-01-26 13:00:14.590 +05:30 [INF] Route matched with {action = "GetAll", controller = "Cars"}. Executing controller action with signature System.Threading.Tasks.Task`1[Microsoft.AspNetCore.Mvc.IActionResult] GetAll(System.Threading.CancellationToken) on controller CarRental.API.Controllers.CarsController (CarRental.API).
2026-01-26 13:00:14.590 +05:30 [INF] Getting all cars
2026-01-26 13:00:14.590 +05:30 [INF] Executed DbCommand (0ms) [Parameters=[], CommandType='"Text"', CommandTimeout='30']
SELECT "c"."Id", "c"."Category", "c"."Color", "c"."CreatedAt", "c"."CreatedBy", "c"."DailyRate", "c"."Description", "c"."FuelType", "c"."HasAirConditioning", "c"."HasGPS", "c"."ImageUrl", "c"."LicensePlate", "c"."Make", "c"."Mileage", "c"."Model", "c"."SeatingCapacity", "c"."Status", "c"."Transmission", "c"."UpdatedAt", "c"."UpdatedBy", "c"."Year"
FROM "Cars" AS "c"
2026-01-26 13:00:14.591 +05:30 [INF] Executing OkObjectResult, writing value of type 'CarRental.API.Controllers.ApiResponse`1[[System.Collections.Generic.IEnumerable`1[[CarRental.Application.DTOs.Car.CarDto, CarRental.Application, Version=1.0.0.0, Culture=neutral, PublicKeyToken=null]], System.Private.CoreLib, Version=8.0.0.0, Culture=neutral, PublicKeyToken=7cec85d7bea7798e]]'.
2026-01-26 13:00:14.591 +05:30 [INF] Executed action CarRental.API.Controllers.CarsController.GetAll (CarRental.API) in 0.8897ms
2026-01-26 13:00:14.591 +05:30 [INF] Executed endpoint 'CarRental.API.Controllers.CarsController.GetAll (CarRental.API)'
2026-01-26 13:00:14.591 +05:30 [INF] Request finished HTTP/1.1 GET http://localhost:5000/api/cars?pageSize=100 - 200 null application/json; charset=utf-8 1.5107ms
2026-01-26 13:00:14.614 +05:30 [INF] Request starting HTTP/1.1 GET http://localhost:5000/api/cars?pageSize=100 - null null
2026-01-26 13:00:14.615 +05:30 [INF] Executing endpoint 'CarRental.API.Controllers.CarsController.GetAll (CarRental.API)'
2026-01-26 13:00:14.615 +05:30 [INF] Route matched with {action = "GetAll", controller = "Cars"}. Executing controller action with signature System.Threading.Tasks.Task`1[Microsoft.AspNetCore.Mvc.IActionResult] GetAll(System.Threading.CancellationToken) on controller CarRental.API.Controllers.CarsController (CarRental.API).
2026-01-26 13:00:14.615 +05:30 [INF] Getting all cars
2026-01-26 13:00:14.615 +05:30 [INF] Executed DbCommand (0ms) [Parameters=[], CommandType='"Text"', CommandTimeout='30']
SELECT "c"."Id", "c"."Category", "c"."Color", "c"."CreatedAt", "c"."CreatedBy", "c"."DailyRate", "c"."Description", "c"."FuelType", "c"."HasAirConditioning", "c"."HasGPS", "c"."ImageUrl", "c"."LicensePlate", "c"."Make", "c"."Mileage", "c"."Model", "c"."SeatingCapacity", "c"."Status", "c"."Transmission", "c"."UpdatedAt", "c"."UpdatedBy", "c"."Year"
FROM "Cars" AS "c"
2026-01-26 13:00:14.615 +05:30 [INF] Executing OkObjectResult, writing value of type 'CarRental.API.Controllers.ApiResponse`1[[System.Collections.Generic.IEnumerable`1[[CarRental.Application.DTOs.Car.CarDto, CarRental.Application, Version=1.0.0.0, Culture=neutral, PublicKeyToken=null]], System.Private.CoreLib, Version=8.0.0.0, Culture=neutral, PublicKeyToken=7cec85d7bea7798e]]'.
2026-01-26 13:00:14.615 +05:30 [INF] Executed action CarRental.API.Controllers.CarsController.GetAll (CarRental.API) in 0.7032ms
2026-01-26 13:00:14.615 +05:30 [INF] Executed endpoint 'CarRental.API.Controllers.CarsController.GetAll (CarRental.API)'
2026-01-26 13:00:14.615 +05:30 [INF] Request finished HTTP/1.1 GET http://localhost:5000/api/cars?pageSize=100 - 200 null application/json; charset=utf-8 1.0669ms
2026-01-26 13:00:14.617 +05:30 [INF] Request starting HTTP/1.1 GET http://localhost:5000/api/cars?pageSize=100 - null null
2026-01-26 13:00:14.617 +05:30 [INF] Executing endpoint 'CarRental.API.Controllers.CarsController.GetAll (CarRental.API)'
2026-01-26 13:00:14.617 +05:30 [INF] Route matched with {action = "GetAll", controller = "Cars"}. Executing controller action with signature System.Threading.Tasks.Task`1[Microsoft.AspNetCore.Mvc.IActionResult] GetAll(System.Threading.CancellationToken) on controller CarRental.API.Controllers.CarsController (CarRental.API).
2026-01-26 13:00:14.617 +05:30 [INF] Getting all cars
2026-01-26 13:00:14.617 +05:30 [INF] Executed DbCommand (0ms) [Parameters=[], CommandType='"Text"', CommandTimeout='30']
SELECT "c"."Id", "c"."Category", "c"."Color", "c"."CreatedAt", "c"."CreatedBy", "c"."DailyRate", "c"."Description", "c"."FuelType", "c"."HasAirConditioning", "c"."HasGPS", "c"."ImageUrl", "c"."LicensePlate", "c"."Make", "c"."Mileage", "c"."Model", "c"."SeatingCapacity", "c"."Status", "c"."Transmission", "c"."UpdatedAt", "c"."UpdatedBy", "c"."Year"
FROM "Cars" AS "c"
2026-01-26 13:00:14.617 +05:30 [INF] Executing OkObjectResult, writing value of type 'CarRental.API.Controllers.ApiResponse`1[[System.Collections.Generic.IEnumerable`1[[CarRental.Application.DTOs.Car.CarDto, CarRental.Application, Version=1.0.0.0, Culture=neutral, PublicKeyToken=null]], System.Private.CoreLib, Version=8.0.0.0, Culture=neutral, PublicKeyToken=7cec85d7bea7798e]]'.
2026-01-26 13:00:14.618 +05:30 [INF] Executed action CarRental.API.Controllers.CarsController.GetAll (CarRental.API) in 0.5929ms
2026-01-26 13:00:14.618 +05:30 [INF] Executed endpoint 'CarRental.API.Controllers.CarsController.GetAll (CarRental.API)'
2026-01-26 13:00:14.618 +05:30 [INF] Request finished HTTP/1.1 GET http://localhost:5000/api/cars?pageSize=100 - 200 null application/json; charset=utf-8 0.9578ms
2026-01-26 13:00:14.619 +05:30 [INF] Request starting HTTP/1.1 GET http://localhost:5000/api/cars?pageSize=100 - null null
2026-01-26 13:00:14.619 +05:30 [INF] Executing endpoint 'CarRental.API.Controllers.CarsController.GetAll (CarRental.API)'
2026-01-26 13:00:14.619 +05:30 [INF] Route matched with {action = "GetAll", controller = "Cars"}. Executing controller action with signature System.Threading.Tasks.Task`1[Microsoft.AspNetCore.Mvc.IActionResult] GetAll(System.Threading.CancellationToken) on controller CarRental.API.Controllers.CarsController (CarRental.API).
2026-01-26 13:00:14.619 +05:30 [INF] Getting all cars
2026-01-26 13:00:14.619 +05:30 [INF] Executed DbCommand (0ms) [Parameters=[], CommandType='"Text"', CommandTimeout='30']
SELECT "c"."Id", "c"."Category", "c"."Color", "c"."CreatedAt", "c"."CreatedBy", "c"."DailyRate", "c"."Description", "c"."FuelType", "c"."HasAirConditioning", "c"."HasGPS", "c"."ImageUrl", "c"."LicensePlate", "c"."Make", "c"."Mileage", "c"."Model", "c"."SeatingCapacity", "c"."Status", "c"."Transmission", "c"."UpdatedAt", "c"."UpdatedBy", "c"."Year"
FROM "Cars" AS "c"
2026-01-26 13:00:14.619 +05:30 [INF] Executing OkObjectResult, writing value of type 'CarRental.API.Controllers.ApiResponse`1[[System.Collections.Generic.IEnumerable`1[[CarRental.Application.DTOs.Car.CarDto, CarRental.Application, Version=1.0.0.0, Culture=neutral, PublicKeyToken=null]], System.Private.CoreLib, Version=8.0.0.0, Culture=neutral, PublicKeyToken=7cec85d7bea7798e]]'.
2026-01-26 13:00:14.619 +05:30 [INF] Executed action CarRental.API.Controllers.CarsController.GetAll (CarRental.API) in 0.4095ms
2026-01-26 13:00:14.619 +05:30 [INF] Executed endpoint 'CarRental.API.Controllers.CarsController.GetAll (CarRental.API)'
2026-01-26 13:00:14.619 +05:30 [INF] Request finished HTTP/1.1 GET http://localhost:5000/api/cars?pageSize=100 - 200 null application/json; charset=utf-8 0.6162ms
2026-01-26 13:00:14.621 +05:30 [INF] Request starting HTTP/1.1 GET http://localhost:5000/api/cars?pageSize=100 - null null
2026-01-26 13:00:14.621 +05:30 [INF] Executing endpoint 'CarRental.API.Controllers.CarsController.GetAll (CarRental.API)'
2026-01-26 13:00:14.621 +05:30 [INF] Route matched with {action = "GetAll", controller = "Cars"}. Executing controller action with signature System.Threading.Tasks.Task`1[Microsoft.AspNetCore.Mvc.IActionResult] GetAll(System.Threading.CancellationToken) on controller CarRental.API.Controllers.CarsController (CarRental.API).
2026-01-26 13:00:14.621 +05:30 [INF] Getting all cars
2026-01-26 13:00:14.621 +05:30 [INF] Executed DbCommand (0ms) [Parameters=[], CommandType='"Text"', CommandTimeout='30']
SELECT "c"."Id", "c"."Category", "c"."Color", "c"."CreatedAt", "c"."CreatedBy", "c"."DailyRate", "c"."Description", "c"."FuelType", "c"."HasAirConditioning", "c"."HasGPS", "c"."ImageUrl", "c"."LicensePlate", "c"."Make", "c"."Mileage", "c"."Model", "c"."SeatingCapacity", "c"."Status", "c"."Transmission", "c"."UpdatedAt", "c"."UpdatedBy", "c"."Year"
FROM "Cars" AS "c"
2026-01-26 13:00:14.621 +05:30 [INF] Executing OkObjectResult, writing value of type 'CarRental.API.Controllers.ApiResponse`1[[System.Collections.Generic.IEnumerable`1[[CarRental.Application.DTOs.Car.CarDto, CarRental.Application, Version=1.0.0.0, Culture=neutral, PublicKeyToken=null]], System.Private.CoreLib, Version=8.0.0.0, Culture=neutral, PublicKeyToken=7cec85d7bea7798e]]'.
2026-01-26 13:00:14.622 +05:30 [INF] Executed action CarRental.API.Controllers.CarsController.GetAll (CarRental.API) in 0.5692ms
2026-01-26 13:00:14.622 +05:30 [INF] Executed endpoint 'CarRental.API.Controllers.CarsController.GetAll (CarRental.API)'
2026-01-26 13:00:14.622 +05:30 [INF] Request finished HTTP/1.1 GET http://localhost:5000/api/cars?pageSize=100 - 200 null application/json; charset=utf-8 0.828ms
2026-01-26 13:00:19.442 +05:30 [INF] Request starting HTTP/1.1 GET http://localhost:5000/api/cars - null null
2026-01-26 13:00:19.442 +05:30 [INF] Executing endpoint 'CarRental.API.Controllers.CarsController.GetAll (CarRental.API)'
2026-01-26 13:00:19.442 +05:30 [INF] Route matched with {action = "GetAll", controller = "Cars"}. Executing controller action with signature System.Threading.Tasks.Task`1[Microsoft.AspNetCore.Mvc.IActionResult] GetAll(System.Threading.CancellationToken) on controller CarRental.API.Controllers.CarsController (CarRental.API).
2026-01-26 13:00:19.442 +05:30 [INF] Getting all cars
2026-01-26 13:00:19.442 +05:30 [INF] Executed DbCommand (0ms) [Parameters=[], CommandType='"Text"', CommandTimeout='30']
SELECT "c"."Id", "c"."Category", "c"."Color", "c"."CreatedAt", "c"."CreatedBy", "c"."DailyRate", "c"."Description", "c"."FuelType", "c"."HasAirConditioning", "c"."HasGPS", "c"."ImageUrl", "c"."LicensePlate", "c"."Make", "c"."Mileage", "c"."Model", "c"."SeatingCapacity", "c"."Status", "c"."Transmission", "c"."UpdatedAt", "c"."UpdatedBy", "c"."Year"
FROM "Cars" AS "c"
2026-01-26 13:00:19.443 +05:30 [INF] Executing OkObjectResult, writing value of type 'CarRental.API.Controllers.ApiResponse`1[[System.Collections.Generic.IEnumerable`1[[CarRental.Application.DTOs.Car.CarDto, CarRental.Application, Version=1.0.0.0, Culture=neutral, PublicKeyToken=null]], System.Private.CoreLib, Version=8.0.0.0, Culture=neutral, PublicKeyToken=7cec85d7bea7798e]]'.
2026-01-26 13:00:19.443 +05:30 [INF] Executed action CarRental.API.Controllers.CarsController.GetAll (CarRental.API) in 0.7079ms
2026-01-26 13:00:19.443 +05:30 [INF] Executed endpoint 'CarRental.API.Controllers.CarsController.GetAll (CarRental.API)'
2026-01-26 13:00:19.443 +05:30 [INF] Request finished HTTP/1.1 GET http://localhost:5000/api/cars - 200 null application/json; charset=utf-8 1.1529ms
2026-01-26 13:00:19.444 +05:30 [INF] Request starting HTTP/1.1 GET http://localhost:5000/api/cars - null null
2026-01-26 13:00:19.444 +05:30 [INF] Executing endpoint 'CarRental.API.Controllers.CarsController.GetAll (CarRental.API)'
2026-01-26 13:00:19.444 +05:30 [INF] Route matched with {action = "GetAll", controller = "Cars"}. Executing controller action with signature System.Threading.Tasks.Task`1[Microsoft.AspNetCore.Mvc.IActionResult] GetAll(System.Threading.CancellationToken) on controller CarRental.API.Controllers.CarsController (CarRental.API).
2026-01-26 13:00:19.444 +05:30 [INF] Getting all cars
2026-01-26 13:00:19.445 +05:30 [INF] Executed DbCommand (0ms) [Parameters=[], CommandType='"Text"', CommandTimeout='30']
SELECT "c"."Id", "c"."Category", "c"."Color", "c"."CreatedAt", "c"."CreatedBy", "c"."DailyRate", "c"."Description", "c"."FuelType", "c"."HasAirConditioning", "c"."HasGPS", "c"."ImageUrl", "c"."LicensePlate", "c"."Make", "c"."Mileage", "c"."Model", "c"."SeatingCapacity", "c"."Status", "c"."Transmission", "c"."UpdatedAt", "c"."UpdatedBy", "c"."Year"
FROM "Cars" AS "c"
2026-01-26 13:00:19.445 +05:30 [INF] Executing OkObjectResult, writing value of type 'CarRental.API.Controllers.ApiResponse`1[[System.Collections.Generic.IEnumerable`1[[CarRental.Application.DTOs.Car.CarDto, CarRental.Application, Version=1.0.0.0, Culture=neutral, PublicKeyToken=null]], System.Private.CoreLib, Version=8.0.0.0, Culture=neutral, PublicKeyToken=7cec85d7bea7798e]]'.
2026-01-26 13:00:19.445 +05:30 [INF] Executed action CarRental.API.Controllers.CarsController.GetAll (CarRental.API) in 0.5281ms
2026-01-26 13:00:19.445 +05:30 [INF] Executed endpoint 'CarRental.API.Controllers.CarsController.GetAll (CarRental.API)'
2026-01-26 13:00:19.445 +05:30 [INF] Request finished HTTP/1.1 GET http://localhost:5000/api/cars - 200 null application/json; charset=utf-8 0.7729ms
2026-01-26 13:00:19.446 +05:30 [INF] Request starting HTTP/1.1 GET http://localhost:5000/api/cars - null null
2026-01-26 13:00:19.447 +05:30 [INF] Executing endpoint 'CarRental.API.Controllers.CarsController.GetAll (CarRental.API)'
2026-01-26 13:00:19.447 +05:30 [INF] Route matched with {action = "GetAll", controller = "Cars"}. Executing controller action with signature System.Threading.Tasks.Task`1[Microsoft.AspNetCore.Mvc.IActionResult] GetAll(System.Threading.CancellationToken) on controller CarRental.API.Controllers.CarsController (CarRental.API).
2026-01-26 13:00:19.447 +05:30 [INF] Getting all cars
2026-01-26 13:00:19.447 +05:30 [INF] Executed DbCommand (0ms) [Parameters=[], CommandType='"Text"', CommandTimeout='30']
SELECT "c"."Id", "c"."Category", "c"."Color", "c"."CreatedAt", "c"."CreatedBy", "c"."DailyRate", "c"."Description", "c"."FuelType", "c"."HasAirConditioning", "c"."HasGPS", "c"."ImageUrl", "c"."LicensePlate", "c"."Make", "c"."Mileage", "c"."Model", "c"."SeatingCapacity", "c"."Status", "c"."Transmission", "c"."UpdatedAt", "c"."UpdatedBy", "c"."Year"
FROM "Cars" AS "c"
2026-01-26 13:00:19.447 +05:30 [INF] Executing OkObjectResult, writing value of type 'CarRental.API.Controllers.ApiResponse`1[[System.Collections.Generic.IEnumerable`1[[CarRental.Application.DTOs.Car.CarDto, CarRental.Application, Version=1.0.0.0, Culture=neutral, PublicKeyToken=null]], System.Private.CoreLib, Version=8.0.0.0, Culture=neutral, PublicKeyToken=7cec85d7bea7798e]]'.
2026-01-26 13:00:19.447 +05:30 [INF] Executed action CarRental.API.Controllers.CarsController.GetAll (CarRental.API) in 0.5734ms
2026-01-26 13:00:19.447 +05:30 [INF] Executed endpoint 'CarRental.API.Controllers.CarsController.GetAll (CarRental.API)'
2026-01-26 13:00:19.447 +05:30 [INF] Request finished HTTP/1.1 GET http://localhost:5000/api/cars - 200 null application/json; charset=utf-8 0.8422ms
2026-01-26 13:00:19.450 +05:30 [INF] Request starting HTTP/1.1 GET http://localhost:5000/api/cars - null null
2026-01-26 13:00:19.450 +05:30 [INF] Executing endpoint 'CarRental.API.Controllers.CarsController.GetAll (CarRental.API)'
2026-01-26 13:00:19.450 +05:30 [INF] Route matched with {action = "GetAll", controller = "Cars"}. Executing controller action with signature System.Threading.Tasks.Task`1[Microsoft.AspNetCore.Mvc.IActionResult] GetAll(System.Threading.CancellationToken) on controller CarRental.API.Controllers.CarsController (CarRental.API).
2026-01-26 13:00:19.451 +05:30 [INF] Getting all cars
2026-01-26 13:00:19.451 +05:30 [INF] Executed DbCommand (0ms) [Parameters=[], CommandType='"Text"', CommandTimeout='30']
SELECT "c"."Id", "c"."Category", "c"."Color", "c"."CreatedAt", "c"."CreatedBy", "c"."DailyRate", "c"."Description", "c"."FuelType", "c"."HasAirConditioning", "c"."HasGPS", "c"."ImageUrl", "c"."LicensePlate", "c"."Make", "c"."Mileage", "c"."Model", "c"."SeatingCapacity", "c"."Status", "c"."Transmission", "c"."UpdatedAt", "c"."UpdatedBy", "c"."Year"
FROM "Cars" AS "c"
2026-01-26 13:00:19.452 +05:30 [INF] Executing OkObjectResult, writing value of type 'CarRental.API.Controllers.ApiResponse`1[[System.Collections.Generic.IEnumerable`1[[CarRental.Application.DTOs.Car.CarDto, CarRental.Application, Version=1.0.0.0, Culture=neutral, PublicKeyToken=null]], System.Private.CoreLib, Version=8.0.0.0, Culture=neutral, PublicKeyToken=7cec85d7bea7798e]]'.
2026-01-26 13:00:19.452 +05:30 [INF] Executed action CarRental.API.Controllers.CarsController.GetAll (CarRental.API) in 1.6019ms
2026-01-26 13:00:19.452 +05:30 [INF] Executed endpoint 'CarRental.API.Controllers.CarsController.GetAll (CarRental.API)'
2026-01-26 13:00:19.452 +05:30 [INF] Request finished HTTP/1.1 GET http://localhost:5000/api/cars - 200 null application/json; charset=utf-8 2.3047ms
2026-01-26 13:04:50.568 +05:30 [INF] Request starting HTTP/1.1 GET http://localhost:5000/api/cars - null null
2026-01-26 13:04:50.569 +05:30 [INF] Executing endpoint 'CarRental.API.Controllers.CarsController.GetAll (CarRental.API)'
2026-01-26 13:04:50.569 +05:30 [INF] Route matched with {action = "GetAll", controller = "Cars"}. Executing controller action with signature System.Threading.Tasks.Task`1[Microsoft.AspNetCore.Mvc.IActionResult] GetAll(System.Threading.CancellationToken) on controller CarRental.API.Controllers.CarsController (CarRental.API).
2026-01-26 13:04:50.569 +05:30 [INF] Getting all cars
2026-01-26 13:04:50.572 +05:30 [INF] Executed DbCommand (1ms) [Parameters=[], CommandType='"Text"', CommandTimeout='30']
SELECT "c"."Id", "c"."Category", "c"."Color", "c"."CreatedAt", "c"."CreatedBy", "c"."DailyRate", "c"."Description", "c"."FuelType", "c"."HasAirConditioning", "c"."HasGPS", "c"."ImageUrl", "c"."LicensePlate", "c"."Make", "c"."Mileage", "c"."Model", "c"."SeatingCapacity", "c"."Status", "c"."Transmission", "c"."UpdatedAt", "c"."UpdatedBy", "c"."Year"
FROM "Cars" AS "c"
2026-01-26 13:04:50.573 +05:30 [INF] Executing OkObjectResult, writing value of type 'CarRental.API.Controllers.ApiResponse`1[[System.Collections.Generic.IEnumerable`1[[CarRental.Application.DTOs.Car.CarDto, CarRental.Application, Version=1.0.0.0, Culture=neutral, PublicKeyToken=null]], System.Private.CoreLib, Version=8.0.0.0, Culture=neutral, PublicKeyToken=7cec85d7bea7798e]]'.
2026-01-26 13:04:50.573 +05:30 [INF] Executed action CarRental.API.Controllers.CarsController.GetAll (CarRental.API) in 4.3133ms
2026-01-26 13:04:50.573 +05:30 [INF] Executed endpoint 'CarRental.API.Controllers.CarsController.GetAll (CarRental.API)'
2026-01-26 13:04:50.574 +05:30 [INF] Request finished HTTP/1.1 GET http://localhost:5000/api/cars - 200 null application/json; charset=utf-8 5.6135ms
2026-01-26 13:04:50.575 +05:30 [INF] Request starting HTTP/1.1 GET http://localhost:5000/api/cars - null null
2026-01-26 13:04:50.576 +05:30 [INF] Executing endpoint 'CarRental.API.Controllers.CarsController.GetAll (CarRental.API)'
2026-01-26 13:04:50.576 +05:30 [INF] Route matched with {action = "GetAll", controller = "Cars"}. Executing controller action with signature System.Threading.Tasks.Task`1[Microsoft.AspNetCore.Mvc.IActionResult] GetAll(System.Threading.CancellationToken) on controller CarRental.API.Controllers.CarsController (CarRental.API).
2026-01-26 13:04:50.576 +05:30 [INF] Getting all cars
2026-01-26 13:04:50.576 +05:30 [INF] Executed DbCommand (0ms) [Parameters=[], CommandType='"Text"', CommandTimeout='30']
SELECT "c"."Id", "c"."Category", "c"."Color", "c"."CreatedAt", "c"."CreatedBy", "c"."DailyRate", "c"."Description", "c"."FuelType", "c"."HasAirConditioning", "c"."HasGPS", "c"."ImageUrl", "c"."LicensePlate", "c"."Make", "c"."Mileage", "c"."Model", "c"."SeatingCapacity", "c"."Status", "c"."Transmission", "c"."UpdatedAt", "c"."UpdatedBy", "c"."Year"
FROM "Cars" AS "c"
2026-01-26 13:04:50.577 +05:30 [INF] Executing OkObjectResult, writing value of type 'CarRental.API.Controllers.ApiResponse`1[[System.Collections.Generic.IEnumerable`1[[CarRental.Application.DTOs.Car.CarDto, CarRental.Application, Version=1.0.0.0, Culture=neutral, PublicKeyToken=null]], System.Private.CoreLib, Version=8.0.0.0, Culture=neutral, PublicKeyToken=7cec85d7bea7798e]]'.
2026-01-26 13:04:50.577 +05:30 [INF] Executed action CarRental.API.Controllers.CarsController.GetAll (CarRental.API) in 0.92ms
2026-01-26 13:04:50.577 +05:30 [INF] Executed endpoint 'CarRental.API.Controllers.CarsController.GetAll (CarRental.API)'
2026-01-26 13:04:50.577 +05:30 [INF] Request finished HTTP/1.1 GET http://localhost:5000/api/cars - 200 null application/json; charset=utf-8 1.384ms
2026-01-26 13:04:51.170 +05:30 [INF] Request starting HTTP/1.1 GET http://localhost:5000/api/cars - null null
2026-01-26 13:04:51.171 +05:30 [INF] Executing endpoint 'CarRental.API.Controllers.CarsController.GetAll (CarRental.API)'
2026-01-26 13:04:51.171 +05:30 [INF] Route matched with {action = "GetAll", controller = "Cars"}. Executing controller action with signature System.Threading.Tasks.Task`1[Microsoft.AspNetCore.Mvc.IActionResult] GetAll(System.Threading.CancellationToken) on controller CarRental.API.Controllers.CarsController (CarRental.API).
2026-01-26 13:04:51.171 +05:30 [INF] Getting all cars
2026-01-26 13:04:51.171 +05:30 [INF] Executed DbCommand (0ms) [Parameters=[], CommandType='"Text"', CommandTimeout='30']
SELECT "c"."Id", "c"."Category", "c"."Color", "c"."CreatedAt", "c"."CreatedBy", "c"."DailyRate", "c"."Description", "c"."FuelType", "c"."HasAirConditioning", "c"."HasGPS", "c"."ImageUrl", "c"."LicensePlate", "c"."Make", "c"."Mileage", "c"."Model", "c"."SeatingCapacity", "c"."Status", "c"."Transmission", "c"."UpdatedAt", "c"."UpdatedBy", "c"."Year"
FROM "Cars" AS "c"
2026-01-26 13:04:51.172 +05:30 [INF] Executing OkObjectResult, writing value of type 'CarRental.API.Controllers.ApiResponse`1[[System.Collections.Generic.IEnumerable`1[[CarRental.Application.DTOs.Car.CarDto, CarRental.Application, Version=1.0.0.0, Culture=neutral, PublicKeyToken=null]], System.Private.CoreLib, Version=8.0.0.0, Culture=neutral, PublicKeyToken=7cec85d7bea7798e]]'.
2026-01-26 13:04:51.172 +05:30 [INF] Executed action CarRental.API.Controllers.CarsController.GetAll (CarRental.API) in 0.9494ms
2026-01-26 13:04:51.172 +05:30 [INF] Executed endpoint 'CarRental.API.Controllers.CarsController.GetAll (CarRental.API)'
2026-01-26 13:04:51.172 +05:30 [INF] Request finished HTTP/1.1 GET http://localhost:5000/api/cars - 200 null application/json; charset=utf-8 1.5047ms
2026-01-26 13:04:51.174 +05:30 [INF] Request starting HTTP/1.1 GET http://localhost:5000/api/cars - null null
2026-01-26 13:04:51.174 +05:30 [INF] Executing endpoint 'CarRental.API.Controllers.CarsController.GetAll (CarRental.API)'
2026-01-26 13:04:51.174 +05:30 [INF] Route matched with {action = "GetAll", controller = "Cars"}. Executing controller action with signature System.Threading.Tasks.Task`1[Microsoft.AspNetCore.Mvc.IActionResult] GetAll(System.Threading.CancellationToken) on controller CarRental.API.Controllers.CarsController (CarRental.API).
2026-01-26 13:04:51.174 +05:30 [INF] Getting all cars
2026-01-26 13:04:51.174 +05:30 [INF] Executed DbCommand (0ms) [Parameters=[], CommandType='"Text"', CommandTimeout='30']
SELECT "c"."Id", "c"."Category", "c"."Color", "c"."CreatedAt", "c"."CreatedBy", "c"."DailyRate", "c"."Description", "c"."FuelType", "c"."HasAirConditioning", "c"."HasGPS", "c"."ImageUrl", "c"."LicensePlate", "c"."Make", "c"."Mileage", "c"."Model", "c"."SeatingCapacity", "c"."Status", "c"."Transmission", "c"."UpdatedAt", "c"."UpdatedBy", "c"."Year"
FROM "Cars" AS "c"
2026-01-26 13:04:51.175 +05:30 [INF] Executing OkObjectResult, writing value of type 'CarRental.API.Controllers.ApiResponse`1[[System.Collections.Generic.IEnumerable`1[[CarRental.Application.DTOs.Car.CarDto, CarRental.Application, Version=1.0.0.0, Culture=neutral, PublicKeyToken=null]], System.Private.CoreLib, Version=8.0.0.0, Culture=neutral, PublicKeyToken=7cec85d7bea7798e]]'.
2026-01-26 13:04:51.175 +05:30 [INF] Executed action CarRental.API.Controllers.CarsController.GetAll (CarRental.API) in 1.08ms
2026-01-26 13:04:51.175 +05:30 [INF] Executed endpoint 'CarRental.API.Controllers.CarsController.GetAll (CarRental.API)'
2026-01-26 13:04:51.175 +05:30 [INF] Request finished HTTP/1.1 GET http://localhost:5000/api/cars - 200 null application/json; charset=utf-8 1.4811ms
2026-01-26 13:04:51.353 +05:30 [INF] Request starting HTTP/1.1 GET http://localhost:5000/api/cars - null null
2026-01-26 13:04:51.353 +05:30 [INF] Executing endpoint 'CarRental.API.Controllers.CarsController.GetAll (CarRental.API)'
2026-01-26 13:04:51.353 +05:30 [INF] Route matched with {action = "GetAll", controller = "Cars"}. Executing controller action with signature System.Threading.Tasks.Task`1[Microsoft.AspNetCore.Mvc.IActionResult] GetAll(System.Threading.CancellationToken) on controller CarRental.API.Controllers.CarsController (CarRental.API).
2026-01-26 13:04:51.354 +05:30 [INF] Getting all cars
2026-01-26 13:04:51.355 +05:30 [INF] Executed DbCommand (0ms) [Parameters=[], CommandType='"Text"', CommandTimeout='30']
SELECT "c"."Id", "c"."Category", "c"."Color", "c"."CreatedAt", "c"."CreatedBy", "c"."DailyRate", "c"."Description", "c"."FuelType", "c"."HasAirConditioning", "c"."HasGPS", "c"."ImageUrl", "c"."LicensePlate", "c"."Make", "c"."Mileage", "c"."Model", "c"."SeatingCapacity", "c"."Status", "c"."Transmission", "c"."UpdatedAt", "c"."UpdatedBy", "c"."Year"
FROM "Cars" AS "c"
2026-01-26 13:04:51.355 +05:30 [INF] Executing OkObjectResult, writing value of type 'CarRental.API.Controllers.ApiResponse`1[[System.Collections.Generic.IEnumerable`1[[CarRental.Application.DTOs.Car.CarDto, CarRental.Application, Version=1.0.0.0, Culture=neutral, PublicKeyToken=null]], System.Private.CoreLib, Version=8.0.0.0, Culture=neutral, PublicKeyToken=7cec85d7bea7798e]]'.
2026-01-26 13:04:51.356 +05:30 [INF] Executed action CarRental.API.Controllers.CarsController.GetAll (CarRental.API) in 2.1919ms
2026-01-26 13:04:51.356 +05:30 [INF] Executed endpoint 'CarRental.API.Controllers.CarsController.GetAll (CarRental.API)'
2026-01-26 13:04:51.356 +05:30 [INF] Request finished HTTP/1.1 GET http://localhost:5000/api/cars - 200 null application/json; charset=utf-8 3.114ms
2026-01-26 13:04:51.357 +05:30 [INF] Request starting HTTP/1.1 GET http://localhost:5000/api/cars - null null
2026-01-26 13:04:51.357 +05:30 [INF] Executing endpoint 'CarRental.API.Controllers.CarsController.GetAll (CarRental.API)'
2026-01-26 13:04:51.358 +05:30 [INF] Route matched with {action = "GetAll", controller = "Cars"}. Executing controller action with signature System.Threading.Tasks.Task`1[Microsoft.AspNetCore.Mvc.IActionResult] GetAll(System.Threading.CancellationToken) on controller CarRental.API.Controllers.CarsController (CarRental.API).
2026-01-26 13:04:51.358 +05:30 [INF] Getting all cars
2026-01-26 13:04:51.358 +05:30 [INF] Executed DbCommand (0ms) [Parameters=[], CommandType='"Text"', CommandTimeout='30']
SELECT "c"."Id", "c"."Category", "c"."Color", "c"."CreatedAt", "c"."CreatedBy", "c"."DailyRate", "c"."Description", "c"."FuelType", "c"."HasAirConditioning", "c"."HasGPS", "c"."ImageUrl", "c"."LicensePlate", "c"."Make", "c"."Mileage", "c"."Model", "c"."SeatingCapacity", "c"."Status", "c"."Transmission", "c"."UpdatedAt", "c"."UpdatedBy", "c"."Year"
FROM "Cars" AS "c"
2026-01-26 13:04:51.358 +05:30 [INF] Executing OkObjectResult, writing value of type 'CarRental.API.Controllers.ApiResponse`1[[System.Collections.Generic.IEnumerable`1[[CarRental.Application.DTOs.Car.CarDto, CarRental.Application, Version=1.0.0.0, Culture=neutral, PublicKeyToken=null]], System.Private.CoreLib, Version=8.0.0.0, Culture=neutral, PublicKeyToken=7cec85d7bea7798e]]'.
2026-01-26 13:04:51.358 +05:30 [INF] Executed action CarRental.API.Controllers.CarsController.GetAll (CarRental.API) in 0.8687ms
2026-01-26 13:04:51.358 +05:30 [INF] Executed endpoint 'CarRental.API.Controllers.CarsController.GetAll (CarRental.API)'
2026-01-26 13:04:51.359 +05:30 [INF] Request finished HTTP/1.1 GET http://localhost:5000/api/cars - 200 null application/json; charset=utf-8 1.2986ms
2026-01-26 13:04:59.098 +05:30 [INF] Request starting HTTP/1.1 GET http://localhost:5000/api/cars - null null
2026-01-26 13:04:59.099 +05:30 [INF] Executing endpoint 'CarRental.API.Controllers.CarsController.GetAll (CarRental.API)'
2026-01-26 13:04:59.099 +05:30 [INF] Route matched with {action = "GetAll", controller = "Cars"}. Executing controller action with signature System.Threading.Tasks.Task`1[Microsoft.AspNetCore.Mvc.IActionResult] GetAll(System.Threading.CancellationToken) on controller CarRental.API.Controllers.CarsController (CarRental.API).
2026-01-26 13:04:59.100 +05:30 [INF] Getting all cars
2026-01-26 13:04:59.100 +05:30 [INF] Executed DbCommand (0ms) [Parameters=[], CommandType='"Text"', CommandTimeout='30']
SELECT "c"."Id", "c"."Category", "c"."Color", "c"."CreatedAt", "c"."CreatedBy", "c"."DailyRate", "c"."Description", "c"."FuelType", "c"."HasAirConditioning", "c"."HasGPS", "c"."ImageUrl", "c"."LicensePlate", "c"."Make", "c"."Mileage", "c"."Model", "c"."SeatingCapacity", "c"."Status", "c"."Transmission", "c"."UpdatedAt", "c"."UpdatedBy", "c"."Year"
FROM "Cars" AS "c"
2026-01-26 13:04:59.101 +05:30 [INF] Executing OkObjectResult, writing value of type 'CarRental.API.Controllers.ApiResponse`1[[System.Collections.Generic.IEnumerable`1[[CarRental.Application.DTOs.Car.CarDto, CarRental.Application, Version=1.0.0.0, Culture=neutral, PublicKeyToken=null]], System.Private.CoreLib, Version=8.0.0.0, Culture=neutral, PublicKeyToken=7cec85d7bea7798e]]'.
2026-01-26 13:04:59.101 +05:30 [INF] Executed action CarRental.API.Controllers.CarsController.GetAll (CarRental.API) in 1.6531ms
2026-01-26 13:04:59.101 +05:30 [INF] Executed endpoint 'CarRental.API.Controllers.CarsController.GetAll (CarRental.API)'
2026-01-26 13:04:59.101 +05:30 [INF] Request finished HTTP/1.1 GET http://localhost:5000/api/cars - 200 null application/json; charset=utf-8 2.5557ms
2026-01-26 13:04:59.104 +05:30 [INF] Request starting HTTP/1.1 GET http://localhost:5000/api/cars - null null
2026-01-26 13:04:59.104 +05:30 [INF] Executing endpoint 'CarRental.API.Controllers.CarsController.GetAll (CarRental.API)'
2026-01-26 13:04:59.104 +05:30 [INF] Route matched with {action = "GetAll", controller = "Cars"}. Executing controller action with signature System.Threading.Tasks.Task`1[Microsoft.AspNetCore.Mvc.IActionResult] GetAll(System.Threading.CancellationToken) on controller CarRental.API.Controllers.CarsController (CarRental.API).
2026-01-26 13:04:59.105 +05:30 [INF] Getting all cars
2026-01-26 13:04:59.105 +05:30 [INF] Executed DbCommand (0ms) [Parameters=[], CommandType='"Text"', CommandTimeout='30']
SELECT "c"."Id", "c"."Category", "c"."Color", "c"."CreatedAt", "c"."CreatedBy", "c"."DailyRate", "c"."Description", "c"."FuelType", "c"."HasAirConditioning", "c"."HasGPS", "c"."ImageUrl", "c"."LicensePlate", "c"."Make", "c"."Mileage", "c"."Model", "c"."SeatingCapacity", "c"."Status", "c"."Transmission", "c"."UpdatedAt", "c"."UpdatedBy", "c"."Year"
FROM "Cars" AS "c"
2026-01-26 13:04:59.105 +05:30 [INF] Executing OkObjectResult, writing value of type 'CarRental.API.Controllers.ApiResponse`1[[System.Collections.Generic.IEnumerable`1[[CarRental.Application.DTOs.Car.CarDto, CarRental.Application, Version=1.0.0.0, Culture=neutral, PublicKeyToken=null]], System.Private.CoreLib, Version=8.0.0.0, Culture=neutral, PublicKeyToken=7cec85d7bea7798e]]'.
2026-01-26 13:04:59.105 +05:30 [INF] Executed action CarRental.API.Controllers.CarsController.GetAll (CarRental.API) in 0.8453ms
2026-01-26 13:04:59.105 +05:30 [INF] Executed endpoint 'CarRental.API.Controllers.CarsController.GetAll (CarRental.API)'
2026-01-26 13:04:59.105 +05:30 [INF] Request finished HTTP/1.1 GET http://localhost:5000/api/cars - 200 null application/json; charset=utf-8 1.2579ms
2026-01-26 13:04:59.107 +05:30 [INF] Request starting HTTP/1.1 GET http://localhost:5000/api/cars - null null
2026-01-26 13:04:59.107 +05:30 [INF] Executing endpoint 'CarRental.API.Controllers.CarsController.GetAll (CarRental.API)'
2026-01-26 13:04:59.107 +05:30 [INF] Route matched with {action = "GetAll", controller = "Cars"}. Executing controller action with signature System.Threading.Tasks.Task`1[Microsoft.AspNetCore.Mvc.IActionResult] GetAll(System.Threading.CancellationToken) on controller CarRental.API.Controllers.CarsController (CarRental.API).
2026-01-26 13:04:59.107 +05:30 [INF] Getting all cars
2026-01-26 13:04:59.107 +05:30 [INF] Executed DbCommand (0ms) [Parameters=[], CommandType='"Text"', CommandTimeout='30']
SELECT "c"."Id", "c"."Category", "c"."Color", "c"."CreatedAt", "c"."CreatedBy", "c"."DailyRate", "c"."Description", "c"."FuelType", "c"."HasAirConditioning", "c"."HasGPS", "c"."ImageUrl", "c"."LicensePlate", "c"."Make", "c"."Mileage", "c"."Model", "c"."SeatingCapacity", "c"."Status", "c"."Transmission", "c"."UpdatedAt", "c"."UpdatedBy", "c"."Year"
FROM "Cars" AS "c"
2026-01-26 13:04:59.107 +05:30 [INF] Executing OkObjectResult, writing value of type 'CarRental.API.Controllers.ApiResponse`1[[System.Collections.Generic.IEnumerable`1[[CarRental.Application.DTOs.Car.CarDto, CarRental.Application, Version=1.0.0.0, Culture=neutral, PublicKeyToken=null]], System.Private.CoreLib, Version=8.0.0.0, Culture=neutral, PublicKeyToken=7cec85d7bea7798e]]'.
2026-01-26 13:04:59.107 +05:30 [INF] Executed action CarRental.API.Controllers.CarsController.GetAll (CarRental.API) in 0.4821ms
2026-01-26 13:04:59.107 +05:30 [INF] Executed endpoint 'CarRental.API.Controllers.CarsController.GetAll (CarRental.API)'
2026-01-26 13:04:59.107 +05:30 [INF] Request finished HTTP/1.1 GET http://localhost:5000/api/cars - 200 null application/json; charset=utf-8 0.7204ms
2026-01-26 13:04:59.109 +05:30 [INF] Request starting HTTP/1.1 GET http://localhost:5000/api/cars - null null
2026-01-26 13:04:59.109 +05:30 [INF] Executing endpoint 'CarRental.API.Controllers.CarsController.GetAll (CarRental.API)'
2026-01-26 13:04:59.109 +05:30 [INF] Route matched with {action = "GetAll", controller = "Cars"}. Executing controller action with signature System.Threading.Tasks.Task`1[Microsoft.AspNetCore.Mvc.IActionResult] GetAll(System.Threading.CancellationToken) on controller CarRental.API.Controllers.CarsController (CarRental.API).
2026-01-26 13:04:59.109 +05:30 [INF] Getting all cars
2026-01-26 13:04:59.110 +05:30 [INF] Executed DbCommand (0ms) [Parameters=[], CommandType='"Text"', CommandTimeout='30']
SELECT "c"."Id", "c"."Category", "c"."Color", "c"."CreatedAt", "c"."CreatedBy", "c"."DailyRate", "c"."Description", "c"."FuelType", "c"."HasAirConditioning", "c"."HasGPS", "c"."ImageUrl", "c"."LicensePlate", "c"."Make", "c"."Mileage", "c"."Model", "c"."SeatingCapacity", "c"."Status", "c"."Transmission", "c"."UpdatedAt", "c"."UpdatedBy", "c"."Year"
FROM "Cars" AS "c"
2026-01-26 13:04:59.110 +05:30 [INF] Executing OkObjectResult, writing value of type 'CarRental.API.Controllers.ApiResponse`1[[System.Collections.Generic.IEnumerable`1[[CarRental.Application.DTOs.Car.CarDto, CarRental.Application, Version=1.0.0.0, Culture=neutral, PublicKeyToken=null]], System.Private.CoreLib, Version=8.0.0.0, Culture=neutral, PublicKeyToken=7cec85d7bea7798e]]'.
2026-01-26 13:04:59.110 +05:30 [INF] Executed action CarRental.API.Controllers.CarsController.GetAll (CarRental.API) in 1.1475ms
2026-01-26 13:04:59.110 +05:30 [INF] Executed endpoint 'CarRental.API.Controllers.CarsController.GetAll (CarRental.API)'
2026-01-26 13:04:59.111 +05:30 [INF] Request finished HTTP/1.1 GET http://localhost:5000/api/cars - 200 null application/json; charset=utf-8 1.9691ms
2026-01-26 13:05:06.766 +05:30 [INF] Request starting HTTP/1.1 GET http://localhost:5000/api/cars - null null
2026-01-26 13:05:06.766 +05:30 [INF] Executing endpoint 'CarRental.API.Controllers.CarsController.GetAll (CarRental.API)'
2026-01-26 13:05:06.766 +05:30 [INF] Route matched with {action = "GetAll", controller = "Cars"}. Executing controller action with signature System.Threading.Tasks.Task`1[Microsoft.AspNetCore.Mvc.IActionResult] GetAll(System.Threading.CancellationToken) on controller CarRental.API.Controllers.CarsController (CarRental.API).
2026-01-26 13:05:06.767 +05:30 [INF] Getting all cars
2026-01-26 13:05:06.767 +05:30 [INF] Executed DbCommand (0ms) [Parameters=[], CommandType='"Text"', CommandTimeout='30']
SELECT "c"."Id", "c"."Category", "c"."Color", "c"."CreatedAt", "c"."CreatedBy", "c"."DailyRate", "c"."Description", "c"."FuelType", "c"."HasAirConditioning", "c"."HasGPS", "c"."ImageUrl", "c"."LicensePlate", "c"."Make", "c"."Mileage", "c"."Model", "c"."SeatingCapacity", "c"."Status", "c"."Transmission", "c"."UpdatedAt", "c"."UpdatedBy", "c"."Year"
FROM "Cars" AS "c"
2026-01-26 13:05:06.767 +05:30 [INF] Executing OkObjectResult, writing value of type 'CarRental.API.Controllers.ApiResponse`1[[System.Collections.Generic.IEnumerable`1[[CarRental.Application.DTOs.Car.CarDto, CarRental.Application, Version=1.0.0.0, Culture=neutral, PublicKeyToken=null]], System.Private.CoreLib, Version=8.0.0.0, Culture=neutral, PublicKeyToken=7cec85d7bea7798e]]'.
2026-01-26 13:05:06.767 +05:30 [INF] Executed action CarRental.API.Controllers.CarsController.GetAll (CarRental.API) in 0.9394ms
2026-01-26 13:05:06.767 +05:30 [INF] Executed endpoint 'CarRental.API.Controllers.CarsController.GetAll (CarRental.API)'
2026-01-26 13:05:06.767 +05:30 [INF] Request finished HTTP/1.1 GET http://localhost:5000/api/cars - 200 null application/json; charset=utf-8 1.3462ms
2026-01-26 13:05:06.769 +05:30 [INF] Request starting HTTP/1.1 GET http://localhost:5000/api/cars - null null
2026-01-26 13:05:06.769 +05:30 [INF] Executing endpoint 'CarRental.API.Controllers.CarsController.GetAll (CarRental.API)'
2026-01-26 13:05:06.769 +05:30 [INF] Route matched with {action = "GetAll", controller = "Cars"}. Executing controller action with signature System.Threading.Tasks.Task`1[Microsoft.AspNetCore.Mvc.IActionResult] GetAll(System.Threading.CancellationToken) on controller CarRental.API.Controllers.CarsController (CarRental.API).
2026-01-26 13:05:06.769 +05:30 [INF] Getting all cars
2026-01-26 13:05:06.770 +05:30 [INF] Executed DbCommand (0ms) [Parameters=[], CommandType='"Text"', CommandTimeout='30']
SELECT "c"."Id", "c"."Category", "c"."Color", "c"."CreatedAt", "c"."CreatedBy", "c"."DailyRate", "c"."Description", "c"."FuelType", "c"."HasAirConditioning", "c"."HasGPS", "c"."ImageUrl", "c"."LicensePlate", "c"."Make", "c"."Mileage", "c"."Model", "c"."SeatingCapacity", "c"."Status", "c"."Transmission", "c"."UpdatedAt", "c"."UpdatedBy", "c"."Year"
FROM "Cars" AS "c"
2026-01-26 13:05:06.770 +05:30 [INF] Executing OkObjectResult, writing value of type 'CarRental.API.Controllers.ApiResponse`1[[System.Collections.Generic.IEnumerable`1[[CarRental.Application.DTOs.Car.CarDto, CarRental.Application, Version=1.0.0.0, Culture=neutral, PublicKeyToken=null]], System.Private.CoreLib, Version=8.0.0.0, Culture=neutral, PublicKeyToken=7cec85d7bea7798e]]'.
2026-01-26 13:05:06.770 +05:30 [INF] Executed action CarRental.API.Controllers.CarsController.GetAll (CarRental.API) in 0.9943ms
2026-01-26 13:05:06.770 +05:30 [INF] Executed endpoint 'CarRental.API.Controllers.CarsController.GetAll (CarRental.API)'
2026-01-26 13:05:06.771 +05:30 [INF] Request finished HTTP/1.1 GET http://localhost:5000/api/cars - 200 null application/json; charset=utf-8 1.4364ms
2026-01-26 13:05:06.773 +05:30 [INF] Request starting HTTP/1.1 GET http://localhost:5000/api/cars - null null
2026-01-26 13:05:06.773 +05:30 [INF] Executing endpoint 'CarRental.API.Controllers.CarsController.GetAll (CarRental.API)'
2026-01-26 13:05:06.773 +05:30 [INF] Route matched with {action = "GetAll", controller = "Cars"}. Executing controller action with signature System.Threading.Tasks.Task`1[Microsoft.AspNetCore.Mvc.IActionResult] GetAll(System.Threading.CancellationToken) on controller CarRental.API.Controllers.CarsController (CarRental.API).
2026-01-26 13:05:06.774 +05:30 [INF] Getting all cars
2026-01-26 13:05:06.774 +05:30 [INF] Executed DbCommand (0ms) [Parameters=[], CommandType='"Text"', CommandTimeout='30']
SELECT "c"."Id", "c"."Category", "c"."Color", "c"."CreatedAt", "c"."CreatedBy", "c"."DailyRate", "c"."Description", "c"."FuelType", "c"."HasAirConditioning", "c"."HasGPS", "c"."ImageUrl", "c"."LicensePlate", "c"."Make", "c"."Mileage", "c"."Model", "c"."SeatingCapacity", "c"."Status", "c"."Transmission", "c"."UpdatedAt", "c"."UpdatedBy", "c"."Year"
FROM "Cars" AS "c"
2026-01-26 13:05:06.774 +05:30 [INF] Executing OkObjectResult, writing value of type 'CarRental.API.Controllers.ApiResponse`1[[System.Collections.Generic.IEnumerable`1[[CarRental.Application.DTOs.Car.CarDto, CarRental.Application, Version=1.0.0.0, Culture=neutral, PublicKeyToken=null]], System.Private.CoreLib, Version=8.0.0.0, Culture=neutral, PublicKeyToken=7cec85d7bea7798e]]'.
2026-01-26 13:05:06.774 +05:30 [INF] Executed action CarRental.API.Controllers.CarsController.GetAll (CarRental.API) in 0.9083ms
2026-01-26 13:05:06.774 +05:30 [INF] Executed endpoint 'CarRental.API.Controllers.CarsController.GetAll (CarRental.API)'
2026-01-26 13:05:06.774 +05:30 [INF] Request finished HTTP/1.1 GET http://localhost:5000/api/cars - 200 null application/json; charset=utf-8 1.586ms
2026-01-26 13:05:06.776 +05:30 [INF] Request starting HTTP/1.1 GET http://localhost:5000/api/cars - null null
2026-01-26 13:05:06.776 +05:30 [INF] Executing endpoint 'CarRental.API.Controllers.CarsController.GetAll (CarRental.API)'
2026-01-26 13:05:06.777 +05:30 [INF] Route matched with {action = "GetAll", controller = "Cars"}. Executing controller action with signature System.Threading.Tasks.Task`1[Microsoft.AspNetCore.Mvc.IActionResult] GetAll(System.Threading.CancellationToken) on controller CarRental.API.Controllers.CarsController (CarRental.API).
2026-01-26 13:05:06.777 +05:30 [INF] Getting all cars
2026-01-26 13:05:06.777 +05:30 [INF] Executed DbCommand (0ms) [Parameters=[], CommandType='"Text"', CommandTimeout='30']
SELECT "c"."Id", "c"."Category", "c"."Color", "c"."CreatedAt", "c"."CreatedBy", "c"."DailyRate", "c"."Description", "c"."FuelType", "c"."HasAirConditioning", "c"."HasGPS", "c"."ImageUrl", "c"."LicensePlate", "c"."Make", "c"."Mileage", "c"."Model", "c"."SeatingCapacity", "c"."Status", "c"."Transmission", "c"."UpdatedAt", "c"."UpdatedBy", "c"."Year"
FROM "Cars" AS "c"
2026-01-26 13:05:06.778 +05:30 [INF] Executing OkObjectResult, writing value of type 'CarRental.API.Controllers.ApiResponse`1[[System.Collections.Generic.IEnumerable`1[[CarRental.Application.DTOs.Car.CarDto, CarRental.Application, Version=1.0.0.0, Culture=neutral, PublicKeyToken=null]], System.Private.CoreLib, Version=8.0.0.0, Culture=neutral, PublicKeyToken=7cec85d7bea7798e]]'.
2026-01-26 13:05:06.778 +05:30 [INF] Executed action CarRental.API.Controllers.CarsController.GetAll (CarRental.API) in 1.444ms
2026-01-26 13:05:06.778 +05:30 [INF] Executed endpoint 'CarRental.API.Controllers.CarsController.GetAll (CarRental.API)'
2026-01-26 13:05:06.778 +05:30 [INF] Request finished HTTP/1.1 GET http://localhost:5000/api/cars - 200 null application/json; charset=utf-8 1.9646ms
2026-01-26 13:05:07.710 +05:30 [INF] Request starting HTTP/1.1 GET http://localhost:5000/api/cars - null null
2026-01-26 13:05:07.710 +05:30 [INF] Executing endpoint 'CarRental.API.Controllers.CarsController.GetAll (CarRental.API)'
2026-01-26 13:05:07.710 +05:30 [INF] Route matched with {action = "GetAll", controller = "Cars"}. Executing controller action with signature System.Threading.Tasks.Task`1[Microsoft.AspNetCore.Mvc.IActionResult] GetAll(System.Threading.CancellationToken) on controller CarRental.API.Controllers.CarsController (CarRental.API).
2026-01-26 13:05:07.710 +05:30 [INF] Getting all cars
2026-01-26 13:05:07.711 +05:30 [INF] Executed DbCommand (0ms) [Parameters=[], CommandType='"Text"', CommandTimeout='30']
SELECT "c"."Id", "c"."Category", "c"."Color", "c"."CreatedAt", "c"."CreatedBy", "c"."DailyRate", "c"."Description", "c"."FuelType", "c"."HasAirConditioning", "c"."HasGPS", "c"."ImageUrl", "c"."LicensePlate", "c"."Make", "c"."Mileage", "c"."Model", "c"."SeatingCapacity", "c"."Status", "c"."Transmission", "c"."UpdatedAt", "c"."UpdatedBy", "c"."Year"
FROM "Cars" AS "c"
2026-01-26 13:05:07.711 +05:30 [INF] Executing OkObjectResult, writing value of type 'CarRental.API.Controllers.ApiResponse`1[[System.Collections.Generic.IEnumerable`1[[CarRental.Application.DTOs.Car.CarDto, CarRental.Application, Version=1.0.0.0, Culture=neutral, PublicKeyToken=null]], System.Private.CoreLib, Version=8.0.0.0, Culture=neutral, PublicKeyToken=7cec85d7bea7798e]]'.
2026-01-26 13:05:07.711 +05:30 [INF] Executed action CarRental.API.Controllers.CarsController.GetAll (CarRental.API) in 0.6406ms
2026-01-26 13:05:07.711 +05:30 [INF] Executed endpoint 'CarRental.API.Controllers.CarsController.GetAll (CarRental.API)'
2026-01-26 13:05:07.711 +05:30 [INF] Request finished HTTP/1.1 GET http://localhost:5000/api/cars - 200 null application/json; charset=utf-8 1.1791ms
2026-01-26 13:05:07.713 +05:30 [INF] Request starting HTTP/1.1 GET http://localhost:5000/api/cars - null null
2026-01-26 13:05:07.713 +05:30 [INF] Executing endpoint 'CarRental.API.Controllers.CarsController.GetAll (CarRental.API)'
2026-01-26 13:05:07.713 +05:30 [INF] Route matched with {action = "GetAll", controller = "Cars"}. Executing controller action with signature System.Threading.Tasks.Task`1[Microsoft.AspNetCore.Mvc.IActionResult] GetAll(System.Threading.CancellationToken) on controller CarRental.API.Controllers.CarsController (CarRental.API).
2026-01-26 13:05:07.713 +05:30 [INF] Getting all cars
2026-01-26 13:05:07.713 +05:30 [INF] Executed DbCommand (0ms) [Parameters=[], CommandType='"Text"', CommandTimeout='30']
SELECT "c"."Id", "c"."Category", "c"."Color", "c"."CreatedAt", "c"."CreatedBy", "c"."DailyRate", "c"."Description", "c"."FuelType", "c"."HasAirConditioning", "c"."HasGPS", "c"."ImageUrl", "c"."LicensePlate", "c"."Make", "c"."Mileage", "c"."Model", "c"."SeatingCapacity", "c"."Status", "c"."Transmission", "c"."UpdatedAt", "c"."UpdatedBy", "c"."Year"
FROM "Cars" AS "c"
2026-01-26 13:05:07.713 +05:30 [INF] Executing OkObjectResult, writing value of type 'CarRental.API.Controllers.ApiResponse`1[[System.Collections.Generic.IEnumerable`1[[CarRental.Application.DTOs.Car.CarDto, CarRental.Application, Version=1.0.0.0, Culture=neutral, PublicKeyToken=null]], System.Private.CoreLib, Version=8.0.0.0, Culture=neutral, PublicKeyToken=7cec85d7bea7798e]]'.
2026-01-26 13:05:07.713 +05:30 [INF] Executed action CarRental.API.Controllers.CarsController.GetAll (CarRental.API) in 0.4135ms
2026-01-26 13:05:07.713 +05:30 [INF] Executed endpoint 'CarRental.API.Controllers.CarsController.GetAll (CarRental.API)'
2026-01-26 13:05:07.713 +05:30 [INF] Request finished HTTP/1.1 GET http://localhost:5000/api/cars - 200 null application/json; charset=utf-8 0.6472ms
2026-01-26 13:05:07.714 +05:30 [INF] Request starting HTTP/1.1 GET http://localhost:5000/api/cars - null null
2026-01-26 13:05:07.714 +05:30 [INF] Executing endpoint 'CarRental.API.Controllers.CarsController.GetAll (CarRental.API)'
2026-01-26 13:05:07.714 +05:30 [INF] Route matched with {action = "GetAll", controller = "Cars"}. Executing controller action with signature System.Threading.Tasks.Task`1[Microsoft.AspNetCore.Mvc.IActionResult] GetAll(System.Threading.CancellationToken) on controller CarRental.API.Controllers.CarsController (CarRental.API).
2026-01-26 13:05:07.715 +05:30 [INF] Getting all cars
2026-01-26 13:05:07.715 +05:30 [INF] Executed DbCommand (0ms) [Parameters=[], CommandType='"Text"', CommandTimeout='30']
SELECT "c"."Id", "c"."Category", "c"."Color", "c"."CreatedAt", "c"."CreatedBy", "c"."DailyRate", "c"."Description", "c"."FuelType", "c"."HasAirConditioning", "c"."HasGPS", "c"."ImageUrl", "c"."LicensePlate", "c"."Make", "c"."Mileage", "c"."Model", "c"."SeatingCapacity", "c"."Status", "c"."Transmission", "c"."UpdatedAt", "c"."UpdatedBy", "c"."Year"
FROM "Cars" AS "c"
2026-01-26 13:05:07.715 +05:30 [INF] Executing OkObjectResult, writing value of type 'CarRental.API.Controllers.ApiResponse`1[[System.Collections.Generic.IEnumerable`1[[CarRental.Application.DTOs.Car.CarDto, CarRental.Application, Version=1.0.0.0, Culture=neutral, PublicKeyToken=null]], System.Private.CoreLib, Version=8.0.0.0, Culture=neutral, PublicKeyToken=7cec85d7bea7798e]]'.
2026-01-26 13:05:07.715 +05:30 [INF] Executed action CarRental.API.Controllers.CarsController.GetAll (CarRental.API) in 0.3838ms
2026-01-26 13:05:07.715 +05:30 [INF] Executed endpoint 'CarRental.API.Controllers.CarsController.GetAll (CarRental.API)'
2026-01-26 13:05:07.715 +05:30 [INF] Request finished HTTP/1.1 GET http://localhost:5000/api/cars - 200 null application/json; charset=utf-8 0.5797ms
2026-01-26 13:05:07.716 +05:30 [INF] Request starting HTTP/1.1 GET http://localhost:5000/api/cars - null null
2026-01-26 13:05:07.716 +05:30 [INF] Executing endpoint 'CarRental.API.Controllers.CarsController.GetAll (CarRental.API)'
2026-01-26 13:05:07.716 +05:30 [INF] Route matched with {action = "GetAll", controller = "Cars"}. Executing controller action with signature System.Threading.Tasks.Task`1[Microsoft.AspNetCore.Mvc.IActionResult] GetAll(System.Threading.CancellationToken) on controller CarRental.API.Controllers.CarsController (CarRental.API).
2026-01-26 13:05:07.716 +05:30 [INF] Getting all cars
2026-01-26 13:05:07.717 +05:30 [INF] Executed DbCommand (0ms) [Parameters=[], CommandType='"Text"', CommandTimeout='30']
SELECT "c"."Id", "c"."Category", "c"."Color", "c"."CreatedAt", "c"."CreatedBy", "c"."DailyRate", "c"."Description", "c"."FuelType", "c"."HasAirConditioning", "c"."HasGPS", "c"."ImageUrl", "c"."LicensePlate", "c"."Make", "c"."Mileage", "c"."Model", "c"."SeatingCapacity", "c"."Status", "c"."Transmission", "c"."UpdatedAt", "c"."UpdatedBy", "c"."Year"
FROM "Cars" AS "c"
2026-01-26 13:05:07.717 +05:30 [INF] Executing OkObjectResult, writing value of type 'CarRental.API.Controllers.ApiResponse`1[[System.Collections.Generic.IEnumerable`1[[CarRental.Application.DTOs.Car.CarDto, CarRental.Application, Version=1.0.0.0, Culture=neutral, PublicKeyToken=null]], System.Private.CoreLib, Version=8.0.0.0, Culture=neutral, PublicKeyToken=7cec85d7bea7798e]]'.
2026-01-26 13:05:07.717 +05:30 [INF] Executed action CarRental.API.Controllers.CarsController.GetAll (CarRental.API) in 0.3234ms
2026-01-26 13:05:07.717 +05:30 [INF] Executed endpoint 'CarRental.API.Controllers.CarsController.GetAll (CarRental.API)'
2026-01-26 13:05:07.717 +05:30 [INF] Request finished HTTP/1.1 GET http://localhost:5000/api/cars - 200 null application/json; charset=utf-8 0.5505ms
2026-01-26 13:05:33.641 +05:30 [INF] Request starting HTTP/1.1 GET http://localhost:5000/api/cars - null null
2026-01-26 13:05:33.642 +05:30 [INF] Executing endpoint 'CarRental.API.Controllers.CarsController.GetAll (CarRental.API)'
2026-01-26 13:05:33.642 +05:30 [INF] Route matched with {action = "GetAll", controller = "Cars"}. Executing controller action with signature System.Threading.Tasks.Task`1[Microsoft.AspNetCore.Mvc.IActionResult] GetAll(System.Threading.CancellationToken) on controller CarRental.API.Controllers.CarsController (CarRental.API).
2026-01-26 13:05:33.643 +05:30 [INF] Getting all cars
2026-01-26 13:05:33.644 +05:30 [INF] Executed DbCommand (0ms) [Parameters=[], CommandType='"Text"', CommandTimeout='30']
SELECT "c"."Id", "c"."Category", "c"."Color", "c"."CreatedAt", "c"."CreatedBy", "c"."DailyRate", "c"."Description", "c"."FuelType", "c"."HasAirConditioning", "c"."HasGPS", "c"."ImageUrl", "c"."LicensePlate", "c"."Make", "c"."Mileage", "c"."Model", "c"."SeatingCapacity", "c"."Status", "c"."Transmission", "c"."UpdatedAt", "c"."UpdatedBy", "c"."Year"
FROM "Cars" AS "c"
2026-01-26 13:05:33.644 +05:30 [INF] Executing OkObjectResult, writing value of type 'CarRental.API.Controllers.ApiResponse`1[[System.Collections.Generic.IEnumerable`1[[CarRental.Application.DTOs.Car.CarDto, CarRental.Application, Version=1.0.0.0, Culture=neutral, PublicKeyToken=null]], System.Private.CoreLib, Version=8.0.0.0, Culture=neutral, PublicKeyToken=7cec85d7bea7798e]]'.
2026-01-26 13:05:33.644 +05:30 [INF] Executed action CarRental.API.Controllers.CarsController.GetAll (CarRental.API) in 1.7097ms
2026-01-26 13:05:33.644 +05:30 [INF] Executed endpoint 'CarRental.API.Controllers.CarsController.GetAll (CarRental.API)'
2026-01-26 13:05:33.644 +05:30 [INF] Request finished HTTP/1.1 GET http://localhost:5000/api/cars - 200 null application/json; charset=utf-8 3.1151ms
2026-01-26 13:05:33.647 +05:30 [INF] Request starting HTTP/1.1 GET http://localhost:5000/api/cars - null null
2026-01-26 13:05:33.647 +05:30 [INF] Executing endpoint 'CarRental.API.Controllers.CarsController.GetAll (CarRental.API)'
2026-01-26 13:05:33.647 +05:30 [INF] Route matched with {action = "GetAll", controller = "Cars"}. Executing controller action with signature System.Threading.Tasks.Task`1[Microsoft.AspNetCore.Mvc.IActionResult] GetAll(System.Threading.CancellationToken) on controller CarRental.API.Controllers.CarsController (CarRental.API).
2026-01-26 13:05:33.647 +05:30 [INF] Getting all cars
2026-01-26 13:05:33.648 +05:30 [INF] Executed DbCommand (0ms) [Parameters=[], CommandType='"Text"', CommandTimeout='30']
SELECT "c"."Id", "c"."Category", "c"."Color", "c"."CreatedAt", "c"."CreatedBy", "c"."DailyRate", "c"."Description", "c"."FuelType", "c"."HasAirConditioning", "c"."HasGPS", "c"."ImageUrl", "c"."LicensePlate", "c"."Make", "c"."Mileage", "c"."Model", "c"."SeatingCapacity", "c"."Status", "c"."Transmission", "c"."UpdatedAt", "c"."UpdatedBy", "c"."Year"
FROM "Cars" AS "c"
2026-01-26 13:05:33.648 +05:30 [INF] Executing OkObjectResult, writing value of type 'CarRental.API.Controllers.ApiResponse`1[[System.Collections.Generic.IEnumerable`1[[CarRental.Application.DTOs.Car.CarDto, CarRental.Application, Version=1.0.0.0, Culture=neutral, PublicKeyToken=null]], System.Private.CoreLib, Version=8.0.0.0, Culture=neutral, PublicKeyToken=7cec85d7bea7798e]]'.
2026-01-26 13:05:33.648 +05:30 [INF] Executed action CarRental.API.Controllers.CarsController.GetAll (CarRental.API) in 1.1452ms
2026-01-26 13:05:33.648 +05:30 [INF] Executed endpoint 'CarRental.API.Controllers.CarsController.GetAll (CarRental.API)'
2026-01-26 13:05:33.648 +05:30 [INF] Request finished HTTP/1.1 GET http://localhost:5000/api/cars - 200 null application/json; charset=utf-8 1.7967ms
2026-01-26 13:05:33.650 +05:30 [INF] Request starting HTTP/1.1 GET http://localhost:5000/api/cars - null null
2026-01-26 13:05:33.650 +05:30 [INF] Executing endpoint 'CarRental.API.Controllers.CarsController.GetAll (CarRental.API)'
2026-01-26 13:05:33.650 +05:30 [INF] Route matched with {action = "GetAll", controller = "Cars"}. Executing controller action with signature System.Threading.Tasks.Task`1[Microsoft.AspNetCore.Mvc.IActionResult] GetAll(System.Threading.CancellationToken) on controller CarRental.API.Controllers.CarsController (CarRental.API).
2026-01-26 13:05:33.651 +05:30 [INF] Getting all cars
2026-01-26 13:05:33.651 +05:30 [INF] Executed DbCommand (0ms) [Parameters=[], CommandType='"Text"', CommandTimeout='30']
SELECT "c"."Id", "c"."Category", "c"."Color", "c"."CreatedAt", "c"."CreatedBy", "c"."DailyRate", "c"."Description", "c"."FuelType", "c"."HasAirConditioning", "c"."HasGPS", "c"."ImageUrl", "c"."LicensePlate", "c"."Make", "c"."Mileage", "c"."Model", "c"."SeatingCapacity", "c"."Status", "c"."Transmission", "c"."UpdatedAt", "c"."UpdatedBy", "c"."Year"
FROM "Cars" AS "c"
2026-01-26 13:05:33.651 +05:30 [INF] Executing OkObjectResult, writing value of type 'CarRental.API.Controllers.ApiResponse`1[[System.Collections.Generic.IEnumerable`1[[CarRental.Application.DTOs.Car.CarDto, CarRental.Application, Version=1.0.0.0, Culture=neutral, PublicKeyToken=null]], System.Private.CoreLib, Version=8.0.0.0, Culture=neutral, PublicKeyToken=7cec85d7bea7798e]]'.
2026-01-26 13:05:33.651 +05:30 [INF] Executed action CarRental.API.Controllers.CarsController.GetAll (CarRental.API) in 0.9816ms
2026-01-26 13:05:33.651 +05:30 [INF] Executed endpoint 'CarRental.API.Controllers.CarsController.GetAll (CarRental.API)'
2026-01-26 13:05:33.651 +05:30 [INF] Request finished HTTP/1.1 GET http://localhost:5000/api/cars - 200 null application/json; charset=utf-8 1.5928ms
2026-01-26 13:05:33.654 +05:30 [INF] Request starting HTTP/1.1 GET http://localhost:5000/api/cars - null null
2026-01-26 13:05:33.654 +05:30 [INF] Executing endpoint 'CarRental.API.Controllers.CarsController.GetAll (CarRental.API)'
2026-01-26 13:05:33.654 +05:30 [INF] Route matched with {action = "GetAll", controller = "Cars"}. Executing controller action with signature System.Threading.Tasks.Task`1[Microsoft.AspNetCore.Mvc.IActionResult] GetAll(System.Threading.CancellationToken) on controller CarRental.API.Controllers.CarsController (CarRental.API).
2026-01-26 13:05:33.654 +05:30 [INF] Getting all cars
2026-01-26 13:05:33.655 +05:30 [INF] Executed DbCommand (0ms) [Parameters=[], CommandType='"Text"', CommandTimeout='30']
SELECT "c"."Id", "c"."Category", "c"."Color", "c"."CreatedAt", "c"."CreatedBy", "c"."DailyRate", "c"."Description", "c"."FuelType", "c"."HasAirConditioning", "c"."HasGPS", "c"."ImageUrl", "c"."LicensePlate", "c"."Make", "c"."Mileage", "c"."Model", "c"."SeatingCapacity", "c"."Status", "c"."Transmission", "c"."UpdatedAt", "c"."UpdatedBy", "c"."Year"
FROM "Cars" AS "c"
2026-01-26 13:05:33.655 +05:30 [INF] Executing OkObjectResult, writing value of type 'CarRental.API.Controllers.ApiResponse`1[[System.Collections.Generic.IEnumerable`1[[CarRental.Application.DTOs.Car.CarDto, CarRental.Application, Version=1.0.0.0, Culture=neutral, PublicKeyToken=null]], System.Private.CoreLib, Version=8.0.0.0, Culture=neutral, PublicKeyToken=7cec85d7bea7798e]]'.
2026-01-26 13:05:33.655 +05:30 [INF] Executed action CarRental.API.Controllers.CarsController.GetAll (CarRental.API) in 0.7263ms
2026-01-26 13:05:33.655 +05:30 [INF] Executed endpoint 'CarRental.API.Controllers.CarsController.GetAll (CarRental.API)'
2026-01-26 13:05:33.655 +05:30 [INF] Request finished HTTP/1.1 GET http://localhost:5000/api/cars - 200 null application/json; charset=utf-8 1.0892ms
2026-01-26 13:07:20.650 +05:30 [INF] Request starting HTTP/1.1 GET http://localhost:5000/api/cars - null null
2026-01-26 13:07:20.650 +05:30 [INF] Executing endpoint 'CarRental.API.Controllers.CarsController.GetAll (CarRental.API)'
2026-01-26 13:07:20.650 +05:30 [INF] Route matched with {action = "GetAll", controller = "Cars"}. Executing controller action with signature System.Threading.Tasks.Task`1[Microsoft.AspNetCore.Mvc.IActionResult] GetAll(System.Threading.CancellationToken) on controller CarRental.API.Controllers.CarsController (CarRental.API).
2026-01-26 13:07:20.651 +05:30 [INF] Getting all cars
2026-01-26 13:07:20.652 +05:30 [INF] Executed DbCommand (0ms) [Parameters=[], CommandType='"Text"', CommandTimeout='30']
SELECT "c"."Id", "c"."Category", "c"."Color", "c"."CreatedAt", "c"."CreatedBy", "c"."DailyRate", "c"."Description", "c"."FuelType", "c"."HasAirConditioning", "c"."HasGPS", "c"."ImageUrl", "c"."LicensePlate", "c"."Make", "c"."Mileage", "c"."Model", "c"."SeatingCapacity", "c"."Status", "c"."Transmission", "c"."UpdatedAt", "c"."UpdatedBy", "c"."Year"
FROM "Cars" AS "c"
2026-01-26 13:07:20.652 +05:30 [INF] Executing OkObjectResult, writing value of type 'CarRental.API.Controllers.ApiResponse`1[[System.Collections.Generic.IEnumerable`1[[CarRental.Application.DTOs.Car.CarDto, CarRental.Application, Version=1.0.0.0, Culture=neutral, PublicKeyToken=null]], System.Private.CoreLib, Version=8.0.0.0, Culture=neutral, PublicKeyToken=7cec85d7bea7798e]]'.
2026-01-26 13:07:20.652 +05:30 [INF] Executed action CarRental.API.Controllers.CarsController.GetAll (CarRental.API) in 1.5529ms
2026-01-26 13:07:20.652 +05:30 [INF] Executed endpoint 'CarRental.API.Controllers.CarsController.GetAll (CarRental.API)'
2026-01-26 13:07:20.652 +05:30 [INF] Request finished HTTP/1.1 GET http://localhost:5000/api/cars - 200 null application/json; charset=utf-8 2.425ms
2026-01-26 13:07:44.125 +05:30 [INF] Request starting HTTP/1.1 GET http://localhost:5000/api/cars - null null
2026-01-26 13:07:44.126 +05:30 [INF] Executing endpoint 'CarRental.API.Controllers.CarsController.GetAll (CarRental.API)'
2026-01-26 13:07:44.126 +05:30 [INF] Route matched with {action = "GetAll", controller = "Cars"}. Executing controller action with signature System.Threading.Tasks.Task`1[Microsoft.AspNetCore.Mvc.IActionResult] GetAll(System.Threading.CancellationToken) on controller CarRental.API.Controllers.CarsController (CarRental.API).
2026-01-26 13:07:44.127 +05:30 [INF] Getting all cars
2026-01-26 13:07:44.128 +05:30 [INF] Executed DbCommand (0ms) [Parameters=[], CommandType='"Text"', CommandTimeout='30']
SELECT "c"."Id", "c"."Category", "c"."Color", "c"."CreatedAt", "c"."CreatedBy", "c"."DailyRate", "c"."Description", "c"."FuelType", "c"."HasAirConditioning", "c"."HasGPS", "c"."ImageUrl", "c"."LicensePlate", "c"."Make", "c"."Mileage", "c"."Model", "c"."SeatingCapacity", "c"."Status", "c"."Transmission", "c"."UpdatedAt", "c"."UpdatedBy", "c"."Year"
FROM "Cars" AS "c"
2026-01-26 13:07:44.128 +05:30 [INF] Executing OkObjectResult, writing value of type 'CarRental.API.Controllers.ApiResponse`1[[System.Collections.Generic.IEnumerable`1[[CarRental.Application.DTOs.Car.CarDto, CarRental.Application, Version=1.0.0.0, Culture=neutral, PublicKeyToken=null]], System.Private.CoreLib, Version=8.0.0.0, Culture=neutral, PublicKeyToken=7cec85d7bea7798e]]'.
2026-01-26 13:07:44.128 +05:30 [INF] Executed action CarRental.API.Controllers.CarsController.GetAll (CarRental.API) in 1.7587ms
2026-01-26 13:07:44.128 +05:30 [INF] Executed endpoint 'CarRental.API.Controllers.CarsController.GetAll (CarRental.API)'
2026-01-26 13:07:44.129 +05:30 [INF] Request finished HTTP/1.1 GET http://localhost:5000/api/cars - 200 null application/json; charset=utf-8 3.1656ms
2026-01-26 13:07:44.131 +05:30 [INF] Request starting HTTP/1.1 GET http://localhost:5000/api/cars - null null
2026-01-26 13:07:44.131 +05:30 [INF] Executing endpoint 'CarRental.API.Controllers.CarsController.GetAll (CarRental.API)'
2026-01-26 13:07:44.131 +05:30 [INF] Route matched with {action = "GetAll", controller = "Cars"}. Executing controller action with signature System.Threading.Tasks.Task`1[Microsoft.AspNetCore.Mvc.IActionResult] GetAll(System.Threading.CancellationToken) on controller CarRental.API.Controllers.CarsController (CarRental.API).
2026-01-26 13:07:44.132 +05:30 [INF] Getting all cars
2026-01-26 13:07:44.133 +05:30 [INF] Executed DbCommand (0ms) [Parameters=[], CommandType='"Text"', CommandTimeout='30']
SELECT "c"."Id", "c"."Category", "c"."Color", "c"."CreatedAt", "c"."CreatedBy", "c"."DailyRate", "c"."Description", "c"."FuelType", "c"."HasAirConditioning", "c"."HasGPS", "c"."ImageUrl", "c"."LicensePlate", "c"."Make", "c"."Mileage", "c"."Model", "c"."SeatingCapacity", "c"."Status", "c"."Transmission", "c"."UpdatedAt", "c"."UpdatedBy", "c"."Year"
FROM "Cars" AS "c"
2026-01-26 13:07:44.133 +05:30 [INF] Executing OkObjectResult, writing value of type 'CarRental.API.Controllers.ApiResponse`1[[System.Collections.Generic.IEnumerable`1[[CarRental.Application.DTOs.Car.CarDto, CarRental.Application, Version=1.0.0.0, Culture=neutral, PublicKeyToken=null]], System.Private.CoreLib, Version=8.0.0.0, Culture=neutral, PublicKeyToken=7cec85d7bea7798e]]'.
2026-01-26 13:07:44.134 +05:30 [INF] Executed action CarRental.API.Controllers.CarsController.GetAll (CarRental.API) in 2.1168ms
2026-01-26 13:07:44.134 +05:30 [INF] Executed endpoint 'CarRental.API.Controllers.CarsController.GetAll (CarRental.API)'
2026-01-26 13:07:44.134 +05:30 [INF] Request finished HTTP/1.1 GET http://localhost:5000/api/cars - 200 null application/json; charset=utf-8 2.8871ms
2026-01-26 13:08:10.712 +05:30 [INF] Request starting HTTP/1.1 POST http://localhost:5000/api/auth/login - application/json 54
2026-01-26 13:08:10.713 +05:30 [INF] CORS policy execution successful.
2026-01-26 13:08:10.713 +05:30 [INF] Executing endpoint 'CarRental.API.Controllers.AuthController.Login (CarRental.API)'
2026-01-26 13:08:10.713 +05:30 [INF] Route matched with {action = "Login", controller = "Auth"}. Executing controller action with signature System.Threading.Tasks.Task`1[Microsoft.AspNetCore.Mvc.IActionResult] Login(CarRental.Application.DTOs.Auth.LoginRequest, System.Threading.CancellationToken) on controller CarRental.API.Controllers.AuthController (CarRental.API).
2026-01-26 13:08:10.715 +05:30 [INF] Login attempt for email: admin@carrental.com
2026-01-26 13:08:10.717 +05:30 [INF] Executed DbCommand (0ms) [Parameters=[@__ToLower_0='?' (Size = 19)], CommandType='"Text"', CommandTimeout='30']
SELECT "u"."Id", "u"."City", "u"."Country", "u"."CreatedAt", "u"."CreatedBy", "u"."DateOfBirth", "u"."DriversLicenseExpiry", "u"."DriversLicenseNumber", "u"."Email", "u"."FirstName", "u"."IsActive", "u"."LastLoginAt", "u"."LastName", "u"."PasswordHash", "u"."PhoneNumber", "u"."PostalCode", "u"."Role", "u"."State", "u"."Street", "u"."UpdatedAt", "u"."UpdatedBy"
FROM "Users" AS "u"
WHERE lower("u"."Email") = @__ToLower_0
LIMIT 1
2026-01-26 13:08:10.873 +05:30 [INF] Executing UnauthorizedObjectResult, writing value of type 'CarRental.API.Controllers.ApiResponse`1[[CarRental.Application.DTOs.Auth.AuthResponse, CarRental.Application, Version=1.0.0.0, Culture=neutral, PublicKeyToken=null]]'.
2026-01-26 13:08:10.873 +05:30 [INF] Executed action CarRental.API.Controllers.AuthController.Login (CarRental.API) in 160.1897ms
2026-01-26 13:08:10.873 +05:30 [INF] Executed endpoint 'CarRental.API.Controllers.AuthController.Login (CarRental.API)'
2026-01-26 13:08:10.873 +05:30 [INF] Request finished HTTP/1.1 POST http://localhost:5000/api/auth/login - 401 null application/json; charset=utf-8 161.1806ms
2026-01-26 13:08:51.290 +05:30 [INF] Request starting HTTP/1.1 OPTIONS http://localhost:5000/api/auth/login - null null
2026-01-26 13:08:51.291 +05:30 [INF] CORS policy execution successful.
2026-01-26 13:08:51.292 +05:30 [INF] Request finished HTTP/1.1 OPTIONS http://localhost:5000/api/auth/login - 204 null null 1.8847ms
2026-01-26 13:08:51.294 +05:30 [INF] Request starting HTTP/1.1 POST http://localhost:5000/api/auth/login - application/json 54
2026-01-26 13:08:51.294 +05:30 [INF] CORS policy execution successful.
2026-01-26 13:08:51.294 +05:30 [INF] Executing endpoint 'CarRental.API.Controllers.AuthController.Login (CarRental.API)'
2026-01-26 13:08:51.294 +05:30 [INF] Route matched with {action = "Login", controller = "Auth"}. Executing controller action with signature System.Threading.Tasks.Task`1[Microsoft.AspNetCore.Mvc.IActionResult] Login(CarRental.Application.DTOs.Auth.LoginRequest, System.Threading.CancellationToken) on controller CarRental.API.Controllers.AuthController (CarRental.API).
2026-01-26 13:08:51.295 +05:30 [INF] Login attempt for email: admin@carrental.com
2026-01-26 13:08:51.297 +05:30 [INF] Executed DbCommand (0ms) [Parameters=[@__ToLower_0='?' (Size = 19)], CommandType='"Text"', CommandTimeout='30']
SELECT "u"."Id", "u"."City", "u"."Country", "u"."CreatedAt", "u"."CreatedBy", "u"."DateOfBirth", "u"."DriversLicenseExpiry", "u"."DriversLicenseNumber", "u"."Email", "u"."FirstName", "u"."IsActive", "u"."LastLoginAt", "u"."LastName", "u"."PasswordHash", "u"."PhoneNumber", "u"."PostalCode", "u"."Role", "u"."State", "u"."Street", "u"."UpdatedAt", "u"."UpdatedBy"
FROM "Users" AS "u"
WHERE lower("u"."Email") = @__ToLower_0
LIMIT 1
2026-01-26 13:08:51.435 +05:30 [INF] Executing UnauthorizedObjectResult, writing value of type 'CarRental.API.Controllers.ApiResponse`1[[CarRental.Application.DTOs.Auth.AuthResponse, CarRental.Application, Version=1.0.0.0, Culture=neutral, PublicKeyToken=null]]'.
2026-01-26 13:08:51.435 +05:30 [INF] Executed action CarRental.API.Controllers.AuthController.Login (CarRental.API) in 140.3869ms
2026-01-26 13:08:51.435 +05:30 [INF] Executed endpoint 'CarRental.API.Controllers.AuthController.Login (CarRental.API)'
2026-01-26 13:08:51.435 +05:30 [INF] Request finished HTTP/1.1 POST http://localhost:5000/api/auth/login - 401 null application/json; charset=utf-8 141.3776ms
2026-01-26 13:09:13.547 +05:30 [INF] Request starting HTTP/1.1 OPTIONS http://localhost:5000/api/auth/login - null null
2026-01-26 13:09:13.548 +05:30 [INF] CORS policy execution successful.
2026-01-26 13:09:13.548 +05:30 [INF] Request finished HTTP/1.1 OPTIONS http://localhost:5000/api/auth/login - 204 null null 0.6091ms
2026-01-26 13:09:13.549 +05:30 [INF] Request starting HTTP/1.1 POST http://localhost:5000/api/auth/login - application/json 54
2026-01-26 13:09:13.549 +05:30 [INF] CORS policy execution successful.
2026-01-26 13:09:13.549 +05:30 [INF] Executing endpoint 'CarRental.API.Controllers.AuthController.Login (CarRental.API)'
2026-01-26 13:09:13.549 +05:30 [INF] Route matched with {action = "Login", controller = "Auth"}. Executing controller action with signature System.Threading.Tasks.Task`1[Microsoft.AspNetCore.Mvc.IActionResult] Login(CarRental.Application.DTOs.Auth.LoginRequest, System.Threading.CancellationToken) on controller CarRental.API.Controllers.AuthController (CarRental.API).
2026-01-26 13:09:13.550 +05:30 [INF] Login attempt for email: admin@carrental.com
2026-01-26 13:09:13.551 +05:30 [INF] Executed DbCommand (0ms) [Parameters=[@__ToLower_0='?' (Size = 19)], CommandType='"Text"', CommandTimeout='30']
SELECT "u"."Id", "u"."City", "u"."Country", "u"."CreatedAt", "u"."CreatedBy", "u"."DateOfBirth", "u"."DriversLicenseExpiry", "u"."DriversLicenseNumber", "u"."Email", "u"."FirstName", "u"."IsActive", "u"."LastLoginAt", "u"."LastName", "u"."PasswordHash", "u"."PhoneNumber", "u"."PostalCode", "u"."Role", "u"."State", "u"."Street", "u"."UpdatedAt", "u"."UpdatedBy"
FROM "Users" AS "u"
WHERE lower("u"."Email") = @__ToLower_0
LIMIT 1
2026-01-26 13:09:13.713 +05:30 [INF] Executing UnauthorizedObjectResult, writing value of type 'CarRental.API.Controllers.ApiResponse`1[[CarRental.Application.DTOs.Auth.AuthResponse, CarRental.Application, Version=1.0.0.0, Culture=neutral, PublicKeyToken=null]]'.
2026-01-26 13:09:13.714 +05:30 [INF] Executed action CarRental.API.Controllers.AuthController.Login (CarRental.API) in 163.9516ms
2026-01-26 13:09:13.714 +05:30 [INF] Executed endpoint 'CarRental.API.Controllers.AuthController.Login (CarRental.API)'
2026-01-26 13:09:13.714 +05:30 [INF] Request finished HTTP/1.1 POST http://localhost:5000/api/auth/login - 401 null application/json; charset=utf-8 164.5445ms
2026-01-26 13:09:24.912 +05:30 [INF] Request starting HTTP/1.1 GET http://localhost:5000/api/cars/33333333-3333-3333-3333-333333333333 - null null
2026-01-26 13:09:24.913 +05:30 [INF] Executing endpoint 'CarRental.API.Controllers.CarsController.GetById (CarRental.API)'
2026-01-26 13:09:24.913 +05:30 [INF] Route matched with {action = "GetById", controller = "Cars"}. Executing controller action with signature System.Threading.Tasks.Task`1[Microsoft.AspNetCore.Mvc.IActionResult] GetById(System.Guid, System.Threading.CancellationToken) on controller CarRental.API.Controllers.CarsController (CarRental.API).
2026-01-26 13:09:24.914 +05:30 [INF] Getting car with ID: "33333333-3333-3333-3333-333333333333"
2026-01-26 13:09:24.916 +05:30 [INF] Executed DbCommand (0ms) [Parameters=[@__get_Item_0='?' (DbType = Guid)], CommandType='"Text"', CommandTimeout='30']
SELECT "c"."Id", "c"."Category", "c"."Color", "c"."CreatedAt", "c"."CreatedBy", "c"."DailyRate", "c"."Description", "c"."FuelType", "c"."HasAirConditioning", "c"."HasGPS", "c"."ImageUrl", "c"."LicensePlate", "c"."Make", "c"."Mileage", "c"."Model", "c"."SeatingCapacity", "c"."Status", "c"."Transmission", "c"."UpdatedAt", "c"."UpdatedBy", "c"."Year"
FROM "Cars" AS "c"
WHERE "c"."Id" = @__get_Item_0
LIMIT 1
2026-01-26 13:09:24.916 +05:30 [INF] Executing OkObjectResult, writing value of type 'CarRental.API.Controllers.ApiResponse`1[[CarRental.Application.DTOs.Car.CarDto, CarRental.Application, Version=1.0.0.0, Culture=neutral, PublicKeyToken=null]]'.
2026-01-26 13:09:24.916 +05:30 [INF] Executed action CarRental.API.Controllers.CarsController.GetById (CarRental.API) in 2.8841ms
2026-01-26 13:09:24.917 +05:30 [INF] Executed endpoint 'CarRental.API.Controllers.CarsController.GetById (CarRental.API)'
2026-01-26 13:09:24.917 +05:30 [INF] Request finished HTTP/1.1 GET http://localhost:5000/api/cars/33333333-3333-3333-3333-333333333333 - 200 null application/json; charset=utf-8 4.5966ms
2026-01-26 13:09:24.919 +05:30 [INF] Request starting HTTP/1.1 GET http://localhost:5000/api/cars/33333333-3333-3333-3333-333333333333 - null null
2026-01-26 13:09:24.920 +05:30 [INF] Executing endpoint 'CarRental.API.Controllers.CarsController.GetById (CarRental.API)'
2026-01-26 13:09:24.920 +05:30 [INF] Route matched with {action = "GetById", controller = "Cars"}. Executing controller action with signature System.Threading.Tasks.Task`1[Microsoft.AspNetCore.Mvc.IActionResult] GetById(System.Guid, System.Threading.CancellationToken) on controller CarRental.API.Controllers.CarsController (CarRental.API).
2026-01-26 13:09:24.920 +05:30 [INF] Getting car with ID: "33333333-3333-3333-3333-333333333333"
2026-01-26 13:09:24.921 +05:30 [INF] Executed DbCommand (0ms) [Parameters=[@__get_Item_0='?' (DbType = Guid)], CommandType='"Text"', CommandTimeout='30']
SELECT "c"."Id", "c"."Category", "c"."Color", "c"."CreatedAt", "c"."CreatedBy", "c"."DailyRate", "c"."Description", "c"."FuelType", "c"."HasAirConditioning", "c"."HasGPS", "c"."ImageUrl", "c"."LicensePlate", "c"."Make", "c"."Mileage", "c"."Model", "c"."SeatingCapacity", "c"."Status", "c"."Transmission", "c"."UpdatedAt", "c"."UpdatedBy", "c"."Year"
FROM "Cars" AS "c"
WHERE "c"."Id" = @__get_Item_0
LIMIT 1
2026-01-26 13:09:24.921 +05:30 [INF] Executing OkObjectResult, writing value of type 'CarRental.API.Controllers.ApiResponse`1[[CarRental.Application.DTOs.Car.CarDto, CarRental.Application, Version=1.0.0.0, Culture=neutral, PublicKeyToken=null]]'.
2026-01-26 13:09:24.922 +05:30 [INF] Executed action CarRental.API.Controllers.CarsController.GetById (CarRental.API) in 1.6949ms
2026-01-26 13:09:24.922 +05:30 [INF] Executed endpoint 'CarRental.API.Controllers.CarsController.GetById (CarRental.API)'
2026-01-26 13:09:24.922 +05:30 [INF] Request finished HTTP/1.1 GET http://localhost:5000/api/cars/33333333-3333-3333-3333-333333333333 - 200 null application/json; charset=utf-8 2.703ms
2026-01-26 13:09:32.079 +05:30 [INF] Request starting HTTP/1.1 GET http://localhost:5000/api/cars/33333333-3333-3333-3333-333333333333 - null null
2026-01-26 13:09:32.079 +05:30 [INF] Executing endpoint 'CarRental.API.Controllers.CarsController.GetById (CarRental.API)'
2026-01-26 13:09:32.079 +05:30 [INF] Route matched with {action = "GetById", controller = "Cars"}. Executing controller action with signature System.Threading.Tasks.Task`1[Microsoft.AspNetCore.Mvc.IActionResult] GetById(System.Guid, System.Threading.CancellationToken) on controller CarRental.API.Controllers.CarsController (CarRental.API).
2026-01-26 13:09:32.081 +05:30 [INF] Getting car with ID: "33333333-3333-3333-3333-333333333333"
2026-01-26 13:09:32.082 +05:30 [INF] Executed DbCommand (0ms) [Parameters=[@__get_Item_0='?' (DbType = Guid)], CommandType='"Text"', CommandTimeout='30']
SELECT "c"."Id", "c"."Category", "c"."Color", "c"."CreatedAt", "c"."CreatedBy", "c"."DailyRate", "c"."Description", "c"."FuelType", "c"."HasAirConditioning", "c"."HasGPS", "c"."ImageUrl", "c"."LicensePlate", "c"."Make", "c"."Mileage", "c"."Model", "c"."SeatingCapacity", "c"."Status", "c"."Transmission", "c"."UpdatedAt", "c"."UpdatedBy", "c"."Year"
FROM "Cars" AS "c"
WHERE "c"."Id" = @__get_Item_0
LIMIT 1
2026-01-26 13:09:32.083 +05:30 [INF] Executing OkObjectResult, writing value of type 'CarRental.API.Controllers.ApiResponse`1[[CarRental.Application.DTOs.Car.CarDto, CarRental.Application, Version=1.0.0.0, Culture=neutral, PublicKeyToken=null]]'.
2026-01-26 13:09:32.083 +05:30 [INF] Executed action CarRental.API.Controllers.CarsController.GetById (CarRental.API) in 3.1429ms
2026-01-26 13:09:32.083 +05:30 [INF] Executed endpoint 'CarRental.API.Controllers.CarsController.GetById (CarRental.API)'
2026-01-26 13:09:32.083 +05:30 [INF] Request finished HTTP/1.1 GET http://localhost:5000/api/cars/33333333-3333-3333-3333-333333333333 - 200 null application/json; charset=utf-8 3.9865ms
2026-01-26 13:09:32.086 +05:30 [INF] Request starting HTTP/1.1 GET http://localhost:5000/api/cars/33333333-3333-3333-3333-333333333333 - null null
2026-01-26 13:09:32.086 +05:30 [INF] Executing endpoint 'CarRental.API.Controllers.CarsController.GetById (CarRental.API)'
2026-01-26 13:09:32.087 +05:30 [INF] Route matched with {action = "GetById", controller = "Cars"}. Executing controller action with signature System.Threading.Tasks.Task`1[Microsoft.AspNetCore.Mvc.IActionResult] GetById(System.Guid, System.Threading.CancellationToken) on controller CarRental.API.Controllers.CarsController (CarRental.API).
2026-01-26 13:09:32.087 +05:30 [INF] Getting car with ID: "33333333-3333-3333-3333-333333333333"
2026-01-26 13:09:32.088 +05:30 [INF] Executed DbCommand (0ms) [Parameters=[@__get_Item_0='?' (DbType = Guid)], CommandType='"Text"', CommandTimeout='30']
SELECT "c"."Id", "c"."Category", "c"."Color", "c"."CreatedAt", "c"."CreatedBy", "c"."DailyRate", "c"."Description", "c"."FuelType", "c"."HasAirConditioning", "c"."HasGPS", "c"."ImageUrl", "c"."LicensePlate", "c"."Make", "c"."Mileage", "c"."Model", "c"."SeatingCapacity", "c"."Status", "c"."Transmission", "c"."UpdatedAt", "c"."UpdatedBy", "c"."Year"
FROM "Cars" AS "c"
WHERE "c"."Id" = @__get_Item_0
LIMIT 1
2026-01-26 13:09:32.088 +05:30 [INF] Executing OkObjectResult, writing value of type 'CarRental.API.Controllers.ApiResponse`1[[CarRental.Application.DTOs.Car.CarDto, CarRental.Application, Version=1.0.0.0, Culture=neutral, PublicKeyToken=null]]'.
2026-01-26 13:09:32.089 +05:30 [INF] Executed action CarRental.API.Controllers.CarsController.GetById (CarRental.API) in 1.9654ms
2026-01-26 13:09:32.089 +05:30 [INF] Executed endpoint 'CarRental.API.Controllers.CarsController.GetById (CarRental.API)'
2026-01-26 13:09:32.089 +05:30 [INF] Request finished HTTP/1.1 GET http://localhost:5000/api/cars/33333333-3333-3333-3333-333333333333 - 200 null application/json; charset=utf-8 2.7997ms
2026-01-26 13:09:49.826 +05:30 [INF] Request starting HTTP/1.1 OPTIONS http://localhost:5000/api/auth/login - null null
2026-01-26 13:09:49.827 +05:30 [INF] CORS policy execution successful.
2026-01-26 13:09:49.827 +05:30 [INF] Request finished HTTP/1.1 OPTIONS http://localhost:5000/api/auth/login - 204 null null 1.3288ms
2026-01-26 13:09:49.828 +05:30 [INF] Request starting HTTP/1.1 POST http://localhost:5000/api/auth/login - application/json 53
2026-01-26 13:09:49.828 +05:30 [INF] CORS policy execution successful.
2026-01-26 13:09:49.829 +05:30 [INF] Executing endpoint 'CarRental.API.Controllers.AuthController.Login (CarRental.API)'
2026-01-26 13:09:49.829 +05:30 [INF] Route matched with {action = "Login", controller = "Auth"}. Executing controller action with signature System.Threading.Tasks.Task`1[Microsoft.AspNetCore.Mvc.IActionResult] Login(CarRental.Application.DTOs.Auth.LoginRequest, System.Threading.CancellationToken) on controller CarRental.API.Controllers.AuthController (CarRental.API).
2026-01-26 13:09:49.829 +05:30 [INF] Login attempt for email: admin@carrental.com
2026-01-26 13:09:49.830 +05:30 [INF] Executed DbCommand (0ms) [Parameters=[@__ToLower_0='?' (Size = 19)], CommandType='"Text"', CommandTimeout='30']
SELECT "u"."Id", "u"."City", "u"."Country", "u"."CreatedAt", "u"."CreatedBy", "u"."DateOfBirth", "u"."DriversLicenseExpiry", "u"."DriversLicenseNumber", "u"."Email", "u"."FirstName", "u"."IsActive", "u"."LastLoginAt", "u"."LastName", "u"."PasswordHash", "u"."PhoneNumber", "u"."PostalCode", "u"."Role", "u"."State", "u"."Street", "u"."UpdatedAt", "u"."UpdatedBy"
FROM "Users" AS "u"
WHERE lower("u"."Email") = @__ToLower_0
LIMIT 1
2026-01-26 13:09:49.963 +05:30 [INF] Executing UnauthorizedObjectResult, writing value of type 'CarRental.API.Controllers.ApiResponse`1[[CarRental.Application.DTOs.Auth.AuthResponse, CarRental.Application, Version=1.0.0.0, Culture=neutral, PublicKeyToken=null]]'.
2026-01-26 13:09:49.963 +05:30 [INF] Executed action CarRental.API.Controllers.AuthController.Login (CarRental.API) in 133.9516ms
2026-01-26 13:09:49.963 +05:30 [INF] Executed endpoint 'CarRental.API.Controllers.AuthController.Login (CarRental.API)'
2026-01-26 13:09:49.963 +05:30 [INF] Request finished HTTP/1.1 POST http://localhost:5000/api/auth/login - 401 null application/json; charset=utf-8 134.608ms
2026-01-26 13:11:46.307 +05:30 [INF] Request starting HTTP/1.1 GET http://localhost:5000/api/cars - null null
2026-01-26 13:11:46.308 +05:30 [INF] Executing endpoint 'CarRental.API.Controllers.CarsController.GetAll (CarRental.API)'
2026-01-26 13:11:46.308 +05:30 [INF] Route matched with {action = "GetAll", controller = "Cars"}. Executing controller action with signature System.Threading.Tasks.Task`1[Microsoft.AspNetCore.Mvc.IActionResult] GetAll(System.Threading.CancellationToken) on controller CarRental.API.Controllers.CarsController (CarRental.API).
2026-01-26 13:11:46.309 +05:30 [INF] Getting all cars
2026-01-26 13:11:46.309 +05:30 [INF] Executed DbCommand (0ms) [Parameters=[], CommandType='"Text"', CommandTimeout='30']
SELECT "c"."Id", "c"."Category", "c"."Color", "c"."CreatedAt", "c"."CreatedBy", "c"."DailyRate", "c"."Description", "c"."FuelType", "c"."HasAirConditioning", "c"."HasGPS", "c"."ImageUrl", "c"."LicensePlate", "c"."Make", "c"."Mileage", "c"."Model", "c"."SeatingCapacity", "c"."Status", "c"."Transmission", "c"."UpdatedAt", "c"."UpdatedBy", "c"."Year"
FROM "Cars" AS "c"
2026-01-26 13:11:46.309 +05:30 [INF] Executing OkObjectResult, writing value of type 'CarRental.API.Controllers.ApiResponse`1[[System.Collections.Generic.IEnumerable`1[[CarRental.Application.DTOs.Car.CarDto, CarRental.Application, Version=1.0.0.0, Culture=neutral, PublicKeyToken=null]], System.Private.CoreLib, Version=8.0.0.0, Culture=neutral, PublicKeyToken=7cec85d7bea7798e]]'.
2026-01-26 13:11:46.310 +05:30 [INF] Executed action CarRental.API.Controllers.CarsController.GetAll (CarRental.API) in 1.1591ms
2026-01-26 13:11:46.310 +05:30 [INF] Executed endpoint 'CarRental.API.Controllers.CarsController.GetAll (CarRental.API)'
2026-01-26 13:11:46.310 +05:30 [INF] Request finished HTTP/1.1 GET http://localhost:5000/api/cars - 200 null application/json; charset=utf-8 2.4797ms
2026-01-26 13:11:46.312 +05:30 [INF] Request starting HTTP/1.1 GET http://localhost:5000/api/cars - null null
2026-01-26 13:11:46.312 +05:30 [INF] Executing endpoint 'CarRental.API.Controllers.CarsController.GetAll (CarRental.API)'
2026-01-26 13:11:46.312 +05:30 [INF] Route matched with {action = "GetAll", controller = "Cars"}. Executing controller action with signature System.Threading.Tasks.Task`1[Microsoft.AspNetCore.Mvc.IActionResult] GetAll(System.Threading.CancellationToken) on controller CarRental.API.Controllers.CarsController (CarRental.API).
2026-01-26 13:11:46.312 +05:30 [INF] Getting all cars
2026-01-26 13:11:46.312 +05:30 [INF] Executed DbCommand (0ms) [Parameters=[], CommandType='"Text"', CommandTimeout='30']
SELECT "c"."Id", "c"."Category", "c"."Color", "c"."CreatedAt", "c"."CreatedBy", "c"."DailyRate", "c"."Description", "c"."FuelType", "c"."HasAirConditioning", "c"."HasGPS", "c"."ImageUrl", "c"."LicensePlate", "c"."Make", "c"."Mileage", "c"."Model", "c"."SeatingCapacity", "c"."Status", "c"."Transmission", "c"."UpdatedAt", "c"."UpdatedBy", "c"."Year"
FROM "Cars" AS "c"
2026-01-26 13:11:46.313 +05:30 [INF] Executing OkObjectResult, writing value of type 'CarRental.API.Controllers.ApiResponse`1[[System.Collections.Generic.IEnumerable`1[[CarRental.Application.DTOs.Car.CarDto, CarRental.Application, Version=1.0.0.0, Culture=neutral, PublicKeyToken=null]], System.Private.CoreLib, Version=8.0.0.0, Culture=neutral, PublicKeyToken=7cec85d7bea7798e]]'.
2026-01-26 13:11:46.313 +05:30 [INF] Executed action CarRental.API.Controllers.CarsController.GetAll (CarRental.API) in 0.8598ms
2026-01-26 13:11:46.313 +05:30 [INF] Executed endpoint 'CarRental.API.Controllers.CarsController.GetAll (CarRental.API)'
2026-01-26 13:11:46.313 +05:30 [INF] Request finished HTTP/1.1 GET http://localhost:5000/api/cars - 200 null application/json; charset=utf-8 1.371ms
2026-01-26 13:15:49.935 +05:30 [INF] Request starting HTTP/1.1 OPTIONS http://localhost:5000/api/auth/register - null null
2026-01-26 13:15:49.936 +05:30 [INF] CORS policy execution successful.
2026-01-26 13:15:49.936 +05:30 [INF] Request finished HTTP/1.1 OPTIONS http://localhost:5000/api/auth/register - 204 null null 1.3362ms
2026-01-26 13:15:49.937 +05:30 [INF] Request starting HTTP/1.1 POST http://localhost:5000/api/auth/register - application/json 116
2026-01-26 13:15:49.938 +05:30 [INF] CORS policy execution successful.
2026-01-26 13:15:49.938 +05:30 [INF] Executing endpoint 'CarRental.API.Controllers.AuthController.Register (CarRental.API)'
2026-01-26 13:15:49.941 +05:30 [INF] Route matched with {action = "Register", controller = "Auth"}. Executing controller action with signature System.Threading.Tasks.Task`1[Microsoft.AspNetCore.Mvc.IActionResult] Register(CarRental.Application.DTOs.Auth.RegisterRequest, System.Threading.CancellationToken) on controller CarRental.API.Controllers.AuthController (CarRental.API).
2026-01-26 13:15:49.966 +05:30 [INF] Executing BadRequestObjectResult, writing value of type 'Microsoft.AspNetCore.Mvc.ValidationProblemDetails'.
2026-01-26 13:15:49.966 +05:30 [INF] Executed action CarRental.API.Controllers.AuthController.Register (CarRental.API) in 25.2416ms
2026-01-26 13:15:49.966 +05:30 [INF] Executed endpoint 'CarRental.API.Controllers.AuthController.Register (CarRental.API)'
2026-01-26 13:15:49.966 +05:30 [INF] Request finished HTTP/1.1 POST http://localhost:5000/api/auth/register - 400 null application/json; charset=utf-8 28.779ms
2026-01-26 13:16:37.884 +05:30 [INF] Request starting HTTP/1.1 OPTIONS http://localhost:5000/api/auth/register - null null
2026-01-26 13:16:37.885 +05:30 [INF] CORS policy execution successful.
2026-01-26 13:16:37.885 +05:30 [INF] Request finished HTTP/1.1 OPTIONS http://localhost:5000/api/auth/register - 204 null null 1.2021ms
2026-01-26 13:16:37.885 +05:30 [INF] Request starting HTTP/1.1 POST http://localhost:5000/api/auth/register - application/json 146
2026-01-26 13:16:37.886 +05:30 [INF] CORS policy execution successful.
2026-01-26 13:16:37.886 +05:30 [INF] Executing endpoint 'CarRental.API.Controllers.AuthController.Register (CarRental.API)'
2026-01-26 13:16:37.886 +05:30 [INF] Route matched with {action = "Register", controller = "Auth"}. Executing controller action with signature System.Threading.Tasks.Task`1[Microsoft.AspNetCore.Mvc.IActionResult] Register(CarRental.Application.DTOs.Auth.RegisterRequest, System.Threading.CancellationToken) on controller CarRental.API.Controllers.AuthController (CarRental.API).
2026-01-26 13:16:37.888 +05:30 [INF] User registration attempt for email: test5@example.com
2026-01-26 13:16:37.898 +05:30 [INF] Executed DbCommand (1ms) [Parameters=[@__ToLower_0='?' (Size = 17)], CommandType='"Text"', CommandTimeout='30']
SELECT EXISTS (
    SELECT 1
    FROM "Users" AS "u"
    WHERE lower("u"."Email") = @__ToLower_0)
2026-01-26 13:16:38.061 +05:30 [INF] Executed DbCommand (1ms) [Parameters=[@p0='?' (DbType = Guid), @p1='?', @p2='?', @p3='?' (DbType = DateTime), @p4='?', @p5='?' (DbType = DateTime), @p6='?' (DbType = DateTime), @p7='?', @p8='?' (Size = 17), @p9='?' (Size = 4), @p10='?' (DbType = Boolean), @p11='?' (DbType = DateTime), @p12='?' (Size = 4), @p13='?' (Size = 60), @p14='?' (Size = 10), @p15='?', @p16='?' (DbType = Int32), @p17='?', @p18='?', @p19='?' (DbType = DateTime), @p20='?'], CommandType='"Text"', CommandTimeout='30']
INSERT INTO "Users" ("Id", "City", "Country", "CreatedAt", "CreatedBy", "DateOfBirth", "DriversLicenseExpiry", "DriversLicenseNumber", "Email", "FirstName", "IsActive", "LastLoginAt", "LastName", "PasswordHash", "PhoneNumber", "PostalCode", "Role", "State", "Street", "UpdatedAt", "UpdatedBy")
VALUES (@p0, @p1, @p2, @p3, @p4, @p5, @p6, @p7, @p8, @p9, @p10, @p11, @p12, @p13, @p14, @p15, @p16, @p17, @p18, @p19, @p20);
2026-01-26 13:16:38.062 +05:30 [INF] Executing OkObjectResult, writing value of type 'CarRental.API.Controllers.ApiResponse`1[[CarRental.Application.DTOs.Auth.AuthResponse, CarRental.Application, Version=1.0.0.0, Culture=neutral, PublicKeyToken=null]]'.
2026-01-26 13:16:38.062 +05:30 [INF] Executed action CarRental.API.Controllers.AuthController.Register (CarRental.API) in 175.7921ms
2026-01-26 13:16:38.062 +05:30 [INF] Executed endpoint 'CarRental.API.Controllers.AuthController.Register (CarRental.API)'
2026-01-26 13:16:38.062 +05:30 [INF] Request finished HTTP/1.1 POST http://localhost:5000/api/auth/register - 200 null application/json; charset=utf-8 176.3023ms
2026-01-26 13:19:28.323 +05:30 [INF] Request starting HTTP/1.1 POST http://localhost:5000/api/auth/login - application/json 26
2026-01-26 13:19:28.324 +05:30 [INF] CORS policy execution successful.
2026-01-26 13:19:28.324 +05:30 [INF] Executing endpoint 'CarRental.API.Controllers.AuthController.Login (CarRental.API)'
2026-01-26 13:19:28.324 +05:30 [INF] Route matched with {action = "Login", controller = "Auth"}. Executing controller action with signature System.Threading.Tasks.Task`1[Microsoft.AspNetCore.Mvc.IActionResult] Login(CarRental.Application.DTOs.Auth.LoginRequest, System.Threading.CancellationToken) on controller CarRental.API.Controllers.AuthController (CarRental.API).
2026-01-26 13:19:28.325 +05:30 [INF] Login attempt for email: 
2026-01-26 13:19:28.325 +05:30 [INF] Executed DbCommand (0ms) [Parameters=[@__ToLower_0='?'], CommandType='"Text"', CommandTimeout='30']
SELECT "u"."Id", "u"."City", "u"."Country", "u"."CreatedAt", "u"."CreatedBy", "u"."DateOfBirth", "u"."DriversLicenseExpiry", "u"."DriversLicenseNumber", "u"."Email", "u"."FirstName", "u"."IsActive", "u"."LastLoginAt", "u"."LastName", "u"."PasswordHash", "u"."PhoneNumber", "u"."PostalCode", "u"."Role", "u"."State", "u"."Street", "u"."UpdatedAt", "u"."UpdatedBy"
FROM "Users" AS "u"
WHERE lower("u"."Email") = @__ToLower_0
LIMIT 1
2026-01-26 13:19:28.326 +05:30 [INF] Executing UnauthorizedObjectResult, writing value of type 'CarRental.API.Controllers.ApiResponse`1[[CarRental.Application.DTOs.Auth.AuthResponse, CarRental.Application, Version=1.0.0.0, Culture=neutral, PublicKeyToken=null]]'.
2026-01-26 13:19:28.326 +05:30 [INF] Executed action CarRental.API.Controllers.AuthController.Login (CarRental.API) in 1.6234ms
2026-01-26 13:19:28.326 +05:30 [INF] Executed endpoint 'CarRental.API.Controllers.AuthController.Login (CarRental.API)'
2026-01-26 13:19:28.326 +05:30 [INF] Request finished HTTP/1.1 POST http://localhost:5000/api/auth/login - 401 null application/json; charset=utf-8 2.6959ms
2026-01-26 13:20:30.516 +05:30 [INF] Request starting HTTP/1.1 GET http://localhost:5000/api/cars - null null
2026-01-26 13:20:30.516 +05:30 [INF] Executing endpoint 'CarRental.API.Controllers.CarsController.GetAll (CarRental.API)'
2026-01-26 13:20:30.517 +05:30 [INF] Route matched with {action = "GetAll", controller = "Cars"}. Executing controller action with signature System.Threading.Tasks.Task`1[Microsoft.AspNetCore.Mvc.IActionResult] GetAll(System.Threading.CancellationToken) on controller CarRental.API.Controllers.CarsController (CarRental.API).
2026-01-26 13:20:30.517 +05:30 [INF] Getting all cars
2026-01-26 13:20:30.517 +05:30 [INF] Executed DbCommand (0ms) [Parameters=[], CommandType='"Text"', CommandTimeout='30']
SELECT "c"."Id", "c"."Category", "c"."Color", "c"."CreatedAt", "c"."CreatedBy", "c"."DailyRate", "c"."Description", "c"."FuelType", "c"."HasAirConditioning", "c"."HasGPS", "c"."ImageUrl", "c"."LicensePlate", "c"."Make", "c"."Mileage", "c"."Model", "c"."SeatingCapacity", "c"."Status", "c"."Transmission", "c"."UpdatedAt", "c"."UpdatedBy", "c"."Year"
FROM "Cars" AS "c"
2026-01-26 13:20:30.517 +05:30 [INF] Executing OkObjectResult, writing value of type 'CarRental.API.Controllers.ApiResponse`1[[System.Collections.Generic.IEnumerable`1[[CarRental.Application.DTOs.Car.CarDto, CarRental.Application, Version=1.0.0.0, Culture=neutral, PublicKeyToken=null]], System.Private.CoreLib, Version=8.0.0.0, Culture=neutral, PublicKeyToken=7cec85d7bea7798e]]'.
2026-01-26 13:20:30.517 +05:30 [INF] Executed action CarRental.API.Controllers.CarsController.GetAll (CarRental.API) in 0.5416ms
2026-01-26 13:20:30.517 +05:30 [INF] Executed endpoint 'CarRental.API.Controllers.CarsController.GetAll (CarRental.API)'
2026-01-26 13:20:30.517 +05:30 [INF] Request finished HTTP/1.1 GET http://localhost:5000/api/cars - 200 null application/json; charset=utf-8 1.0395ms
2026-01-26 13:20:30.519 +05:30 [INF] Request starting HTTP/1.1 GET http://localhost:5000/api/cars - null null
2026-01-26 13:20:30.519 +05:30 [INF] Executing endpoint 'CarRental.API.Controllers.CarsController.GetAll (CarRental.API)'
2026-01-26 13:20:30.519 +05:30 [INF] Route matched with {action = "GetAll", controller = "Cars"}. Executing controller action with signature System.Threading.Tasks.Task`1[Microsoft.AspNetCore.Mvc.IActionResult] GetAll(System.Threading.CancellationToken) on controller CarRental.API.Controllers.CarsController (CarRental.API).
2026-01-26 13:20:30.519 +05:30 [INF] Getting all cars
2026-01-26 13:20:30.519 +05:30 [INF] Executed DbCommand (0ms) [Parameters=[], CommandType='"Text"', CommandTimeout='30']
SELECT "c"."Id", "c"."Category", "c"."Color", "c"."CreatedAt", "c"."CreatedBy", "c"."DailyRate", "c"."Description", "c"."FuelType", "c"."HasAirConditioning", "c"."HasGPS", "c"."ImageUrl", "c"."LicensePlate", "c"."Make", "c"."Mileage", "c"."Model", "c"."SeatingCapacity", "c"."Status", "c"."Transmission", "c"."UpdatedAt", "c"."UpdatedBy", "c"."Year"
FROM "Cars" AS "c"
2026-01-26 13:20:30.519 +05:30 [INF] Executing OkObjectResult, writing value of type 'CarRental.API.Controllers.ApiResponse`1[[System.Collections.Generic.IEnumerable`1[[CarRental.Application.DTOs.Car.CarDto, CarRental.Application, Version=1.0.0.0, Culture=neutral, PublicKeyToken=null]], System.Private.CoreLib, Version=8.0.0.0, Culture=neutral, PublicKeyToken=7cec85d7bea7798e]]'.
2026-01-26 13:20:30.519 +05:30 [INF] Executed action CarRental.API.Controllers.CarsController.GetAll (CarRental.API) in 0.6133ms
2026-01-26 13:20:30.519 +05:30 [INF] Executed endpoint 'CarRental.API.Controllers.CarsController.GetAll (CarRental.API)'
2026-01-26 13:20:30.519 +05:30 [INF] Request finished HTTP/1.1 GET http://localhost:5000/api/cars - 200 null application/json; charset=utf-8 0.9316ms
2026-01-26 13:32:40.879 +05:30 [INF] Request starting HTTP/1.1 GET http://localhost:5000/api/cars - null null
2026-01-26 13:32:40.881 +05:30 [INF] Executing endpoint 'CarRental.API.Controllers.CarsController.GetAll (CarRental.API)'
2026-01-26 13:32:40.881 +05:30 [INF] Route matched with {action = "GetAll", controller = "Cars"}. Executing controller action with signature System.Threading.Tasks.Task`1[Microsoft.AspNetCore.Mvc.IActionResult] GetAll(System.Threading.CancellationToken) on controller CarRental.API.Controllers.CarsController (CarRental.API).
2026-01-26 13:32:40.882 +05:30 [INF] Getting all cars
2026-01-26 13:32:40.886 +05:30 [INF] Executed DbCommand (1ms) [Parameters=[], CommandType='"Text"', CommandTimeout='30']
SELECT "c"."Id", "c"."Category", "c"."Color", "c"."CreatedAt", "c"."CreatedBy", "c"."DailyRate", "c"."Description", "c"."FuelType", "c"."HasAirConditioning", "c"."HasGPS", "c"."ImageUrl", "c"."LicensePlate", "c"."Make", "c"."Mileage", "c"."Model", "c"."SeatingCapacity", "c"."Status", "c"."Transmission", "c"."UpdatedAt", "c"."UpdatedBy", "c"."Year"
FROM "Cars" AS "c"
2026-01-26 13:32:40.893 +05:30 [INF] Executing OkObjectResult, writing value of type 'CarRental.API.Controllers.ApiResponse`1[[System.Collections.Generic.IEnumerable`1[[CarRental.Application.DTOs.Car.CarDto, CarRental.Application, Version=1.0.0.0, Culture=neutral, PublicKeyToken=null]], System.Private.CoreLib, Version=8.0.0.0, Culture=neutral, PublicKeyToken=7cec85d7bea7798e]]'.
2026-01-26 13:32:40.893 +05:30 [INF] Executed action CarRental.API.Controllers.CarsController.GetAll (CarRental.API) in 11.7519ms
2026-01-26 13:32:40.893 +05:30 [INF] Executed endpoint 'CarRental.API.Controllers.CarsController.GetAll (CarRental.API)'
2026-01-26 13:32:40.893 +05:30 [INF] Request finished HTTP/1.1 GET http://localhost:5000/api/cars - 200 null application/json; charset=utf-8 14.3023ms
2026-01-26 13:32:40.928 +05:30 [INF] Request starting HTTP/1.1 GET http://localhost:5000/api/cars - null null
2026-01-26 13:32:40.928 +05:30 [INF] Executing endpoint 'CarRental.API.Controllers.CarsController.GetAll (CarRental.API)'
2026-01-26 13:32:40.929 +05:30 [INF] Route matched with {action = "GetAll", controller = "Cars"}. Executing controller action with signature System.Threading.Tasks.Task`1[Microsoft.AspNetCore.Mvc.IActionResult] GetAll(System.Threading.CancellationToken) on controller CarRental.API.Controllers.CarsController (CarRental.API).
2026-01-26 13:32:40.929 +05:30 [INF] Getting all cars
2026-01-26 13:32:40.930 +05:30 [INF] Executed DbCommand (0ms) [Parameters=[], CommandType='"Text"', CommandTimeout='30']
SELECT "c"."Id", "c"."Category", "c"."Color", "c"."CreatedAt", "c"."CreatedBy", "c"."DailyRate", "c"."Description", "c"."FuelType", "c"."HasAirConditioning", "c"."HasGPS", "c"."ImageUrl", "c"."LicensePlate", "c"."Make", "c"."Mileage", "c"."Model", "c"."SeatingCapacity", "c"."Status", "c"."Transmission", "c"."UpdatedAt", "c"."UpdatedBy", "c"."Year"
FROM "Cars" AS "c"
2026-01-26 13:32:40.931 +05:30 [INF] Executing OkObjectResult, writing value of type 'CarRental.API.Controllers.ApiResponse`1[[System.Collections.Generic.IEnumerable`1[[CarRental.Application.DTOs.Car.CarDto, CarRental.Application, Version=1.0.0.0, Culture=neutral, PublicKeyToken=null]], System.Private.CoreLib, Version=8.0.0.0, Culture=neutral, PublicKeyToken=7cec85d7bea7798e]]'.
2026-01-26 13:32:40.933 +05:30 [INF] Executed action CarRental.API.Controllers.CarsController.GetAll (CarRental.API) in 4.4017ms
2026-01-26 13:32:40.933 +05:30 [INF] Executed endpoint 'CarRental.API.Controllers.CarsController.GetAll (CarRental.API)'
2026-01-26 13:32:40.933 +05:30 [INF] Request finished HTTP/1.1 GET http://localhost:5000/api/cars - 200 null application/json; charset=utf-8 5.2291ms
2026-01-26 13:32:40.948 +05:30 [INF] Request starting HTTP/1.1 GET http://localhost:5000/api/cars - null null
2026-01-26 13:32:40.949 +05:30 [INF] Executing endpoint 'CarRental.API.Controllers.CarsController.GetAll (CarRental.API)'
2026-01-26 13:32:40.949 +05:30 [INF] Route matched with {action = "GetAll", controller = "Cars"}. Executing controller action with signature System.Threading.Tasks.Task`1[Microsoft.AspNetCore.Mvc.IActionResult] GetAll(System.Threading.CancellationToken) on controller CarRental.API.Controllers.CarsController (CarRental.API).
2026-01-26 13:32:40.950 +05:30 [INF] Getting all cars
2026-01-26 13:32:40.950 +05:30 [INF] Executed DbCommand (0ms) [Parameters=[], CommandType='"Text"', CommandTimeout='30']
SELECT "c"."Id", "c"."Category", "c"."Color", "c"."CreatedAt", "c"."CreatedBy", "c"."DailyRate", "c"."Description", "c"."FuelType", "c"."HasAirConditioning", "c"."HasGPS", "c"."ImageUrl", "c"."LicensePlate", "c"."Make", "c"."Mileage", "c"."Model", "c"."SeatingCapacity", "c"."Status", "c"."Transmission", "c"."UpdatedAt", "c"."UpdatedBy", "c"."Year"
FROM "Cars" AS "c"
2026-01-26 13:32:40.951 +05:30 [INF] Executing OkObjectResult, writing value of type 'CarRental.API.Controllers.ApiResponse`1[[System.Collections.Generic.IEnumerable`1[[CarRental.Application.DTOs.Car.CarDto, CarRental.Application, Version=1.0.0.0, Culture=neutral, PublicKeyToken=null]], System.Private.CoreLib, Version=8.0.0.0, Culture=neutral, PublicKeyToken=7cec85d7bea7798e]]'.
2026-01-26 13:32:40.952 +05:30 [INF] Executed action CarRental.API.Controllers.CarsController.GetAll (CarRental.API) in 2.1247ms
2026-01-26 13:32:40.954 +05:30 [INF] Executed endpoint 'CarRental.API.Controllers.CarsController.GetAll (CarRental.API)'
2026-01-26 13:32:40.954 +05:30 [INF] Request finished HTTP/1.1 GET http://localhost:5000/api/cars - 200 null application/json; charset=utf-8 6.1077ms
2026-01-26 13:32:40.988 +05:30 [INF] Request starting HTTP/1.1 GET http://localhost:5000/api/cars - null null
2026-01-26 13:32:40.988 +05:30 [INF] Executing endpoint 'CarRental.API.Controllers.CarsController.GetAll (CarRental.API)'
2026-01-26 13:32:40.988 +05:30 [INF] Route matched with {action = "GetAll", controller = "Cars"}. Executing controller action with signature System.Threading.Tasks.Task`1[Microsoft.AspNetCore.Mvc.IActionResult] GetAll(System.Threading.CancellationToken) on controller CarRental.API.Controllers.CarsController (CarRental.API).
2026-01-26 13:32:40.992 +05:30 [INF] Getting all cars
2026-01-26 13:32:40.993 +05:30 [INF] Executed DbCommand (0ms) [Parameters=[], CommandType='"Text"', CommandTimeout='30']
SELECT "c"."Id", "c"."Category", "c"."Color", "c"."CreatedAt", "c"."CreatedBy", "c"."DailyRate", "c"."Description", "c"."FuelType", "c"."HasAirConditioning", "c"."HasGPS", "c"."ImageUrl", "c"."LicensePlate", "c"."Make", "c"."Mileage", "c"."Model", "c"."SeatingCapacity", "c"."Status", "c"."Transmission", "c"."UpdatedAt", "c"."UpdatedBy", "c"."Year"
FROM "Cars" AS "c"
2026-01-26 13:32:40.996 +05:30 [INF] Executing OkObjectResult, writing value of type 'CarRental.API.Controllers.ApiResponse`1[[System.Collections.Generic.IEnumerable`1[[CarRental.Application.DTOs.Car.CarDto, CarRental.Application, Version=1.0.0.0, Culture=neutral, PublicKeyToken=null]], System.Private.CoreLib, Version=8.0.0.0, Culture=neutral, PublicKeyToken=7cec85d7bea7798e]]'.
2026-01-26 13:32:40.996 +05:30 [INF] Executed action CarRental.API.Controllers.CarsController.GetAll (CarRental.API) in 7.1865ms
2026-01-26 13:32:40.996 +05:30 [INF] Executed endpoint 'CarRental.API.Controllers.CarsController.GetAll (CarRental.API)'
2026-01-26 13:32:41.001 +05:30 [INF] Request finished HTTP/1.1 GET http://localhost:5000/api/cars - 200 null application/json; charset=utf-8 13.2879ms
2026-01-26 13:32:41.049 +05:30 [INF] Request starting HTTP/1.1 GET http://localhost:5000/api/cars - null null
2026-01-26 13:32:41.050 +05:30 [INF] Executing endpoint 'CarRental.API.Controllers.CarsController.GetAll (CarRental.API)'
2026-01-26 13:32:41.050 +05:30 [INF] Route matched with {action = "GetAll", controller = "Cars"}. Executing controller action with signature System.Threading.Tasks.Task`1[Microsoft.AspNetCore.Mvc.IActionResult] GetAll(System.Threading.CancellationToken) on controller CarRental.API.Controllers.CarsController (CarRental.API).
2026-01-26 13:32:41.051 +05:30 [INF] Getting all cars
2026-01-26 13:32:41.051 +05:30 [INF] Executed DbCommand (0ms) [Parameters=[], CommandType='"Text"', CommandTimeout='30']
SELECT "c"."Id", "c"."Category", "c"."Color", "c"."CreatedAt", "c"."CreatedBy", "c"."DailyRate", "c"."Description", "c"."FuelType", "c"."HasAirConditioning", "c"."HasGPS", "c"."ImageUrl", "c"."LicensePlate", "c"."Make", "c"."Mileage", "c"."Model", "c"."SeatingCapacity", "c"."Status", "c"."Transmission", "c"."UpdatedAt", "c"."UpdatedBy", "c"."Year"
FROM "Cars" AS "c"
2026-01-26 13:32:41.052 +05:30 [INF] Executing OkObjectResult, writing value of type 'CarRental.API.Controllers.ApiResponse`1[[System.Collections.Generic.IEnumerable`1[[CarRental.Application.DTOs.Car.CarDto, CarRental.Application, Version=1.0.0.0, Culture=neutral, PublicKeyToken=null]], System.Private.CoreLib, Version=8.0.0.0, Culture=neutral, PublicKeyToken=7cec85d7bea7798e]]'.
2026-01-26 13:32:41.052 +05:30 [INF] Executed action CarRental.API.Controllers.CarsController.GetAll (CarRental.API) in 1.8972ms
2026-01-26 13:32:41.052 +05:30 [INF] Executed endpoint 'CarRental.API.Controllers.CarsController.GetAll (CarRental.API)'
2026-01-26 13:32:41.053 +05:30 [INF] Request finished HTTP/1.1 GET http://localhost:5000/api/cars - 200 null application/json; charset=utf-8 4.3024ms
2026-01-26 13:32:41.062 +05:30 [INF] Request starting HTTP/1.1 GET http://localhost:5000/api/cars - null null
2026-01-26 13:32:41.063 +05:30 [INF] Executing endpoint 'CarRental.API.Controllers.CarsController.GetAll (CarRental.API)'
2026-01-26 13:32:41.063 +05:30 [INF] Route matched with {action = "GetAll", controller = "Cars"}. Executing controller action with signature System.Threading.Tasks.Task`1[Microsoft.AspNetCore.Mvc.IActionResult] GetAll(System.Threading.CancellationToken) on controller CarRental.API.Controllers.CarsController (CarRental.API).
2026-01-26 13:32:41.063 +05:30 [INF] Getting all cars
2026-01-26 13:32:41.064 +05:30 [INF] Executed DbCommand (0ms) [Parameters=[], CommandType='"Text"', CommandTimeout='30']
SELECT "c"."Id", "c"."Category", "c"."Color", "c"."CreatedAt", "c"."CreatedBy", "c"."DailyRate", "c"."Description", "c"."FuelType", "c"."HasAirConditioning", "c"."HasGPS", "c"."ImageUrl", "c"."LicensePlate", "c"."Make", "c"."Mileage", "c"."Model", "c"."SeatingCapacity", "c"."Status", "c"."Transmission", "c"."UpdatedAt", "c"."UpdatedBy", "c"."Year"
FROM "Cars" AS "c"
2026-01-26 13:32:41.065 +05:30 [INF] Executing OkObjectResult, writing value of type 'CarRental.API.Controllers.ApiResponse`1[[System.Collections.Generic.IEnumerable`1[[CarRental.Application.DTOs.Car.CarDto, CarRental.Application, Version=1.0.0.0, Culture=neutral, PublicKeyToken=null]], System.Private.CoreLib, Version=8.0.0.0, Culture=neutral, PublicKeyToken=7cec85d7bea7798e]]'.
2026-01-26 13:32:41.065 +05:30 [INF] Executed action CarRental.API.Controllers.CarsController.GetAll (CarRental.API) in 2.2723ms
2026-01-26 13:32:41.065 +05:30 [INF] Executed endpoint 'CarRental.API.Controllers.CarsController.GetAll (CarRental.API)'
2026-01-26 13:32:41.065 +05:30 [INF] Request finished HTTP/1.1 GET http://localhost:5000/api/cars - 200 null application/json; charset=utf-8 3.1198ms
2026-01-26 13:32:41.080 +05:30 [INF] Request starting HTTP/1.1 GET http://localhost:5000/api/cars/33333333-3333-3333-3333-333333333333 - null null
2026-01-26 13:32:41.080 +05:30 [INF] Request starting HTTP/1.1 GET http://localhost:5000/api/cars - null null
2026-01-26 13:32:41.081 +05:30 [INF] Executing endpoint 'CarRental.API.Controllers.CarsController.GetAll (CarRental.API)'
2026-01-26 13:32:41.081 +05:30 [INF] Route matched with {action = "GetAll", controller = "Cars"}. Executing controller action with signature System.Threading.Tasks.Task`1[Microsoft.AspNetCore.Mvc.IActionResult] GetAll(System.Threading.CancellationToken) on controller CarRental.API.Controllers.CarsController (CarRental.API).
2026-01-26 13:32:41.081 +05:30 [INF] Executing endpoint 'CarRental.API.Controllers.CarsController.GetById (CarRental.API)'
2026-01-26 13:32:41.081 +05:30 [INF] Getting all cars
2026-01-26 13:32:41.081 +05:30 [INF] Route matched with {action = "GetById", controller = "Cars"}. Executing controller action with signature System.Threading.Tasks.Task`1[Microsoft.AspNetCore.Mvc.IActionResult] GetById(System.Guid, System.Threading.CancellationToken) on controller CarRental.API.Controllers.CarsController (CarRental.API).
2026-01-26 13:32:41.082 +05:30 [INF] Getting car with ID: "33333333-3333-3333-3333-333333333333"
2026-01-26 13:32:41.082 +05:30 [INF] Executed DbCommand (0ms) [Parameters=[], CommandType='"Text"', CommandTimeout='30']
SELECT "c"."Id", "c"."Category", "c"."Color", "c"."CreatedAt", "c"."CreatedBy", "c"."DailyRate", "c"."Description", "c"."FuelType", "c"."HasAirConditioning", "c"."HasGPS", "c"."ImageUrl", "c"."LicensePlate", "c"."Make", "c"."Mileage", "c"."Model", "c"."SeatingCapacity", "c"."Status", "c"."Transmission", "c"."UpdatedAt", "c"."UpdatedBy", "c"."Year"
FROM "Cars" AS "c"
2026-01-26 13:32:41.082 +05:30 [INF] Executing OkObjectResult, writing value of type 'CarRental.API.Controllers.ApiResponse`1[[System.Collections.Generic.IEnumerable`1[[CarRental.Application.DTOs.Car.CarDto, CarRental.Application, Version=1.0.0.0, Culture=neutral, PublicKeyToken=null]], System.Private.CoreLib, Version=8.0.0.0, Culture=neutral, PublicKeyToken=7cec85d7bea7798e]]'.
2026-01-26 13:32:41.082 +05:30 [INF] Executed action CarRental.API.Controllers.CarsController.GetAll (CarRental.API) in 1.3496ms
2026-01-26 13:32:41.082 +05:30 [INF] Executed endpoint 'CarRental.API.Controllers.CarsController.GetAll (CarRental.API)'
2026-01-26 13:32:41.082 +05:30 [INF] Request finished HTTP/1.1 GET http://localhost:5000/api/cars - 200 null application/json; charset=utf-8 2.1567ms
2026-01-26 13:32:41.084 +05:30 [INF] Executed DbCommand (0ms) [Parameters=[@__get_Item_0='?' (DbType = Guid)], CommandType='"Text"', CommandTimeout='30']
SELECT "c"."Id", "c"."Category", "c"."Color", "c"."CreatedAt", "c"."CreatedBy", "c"."DailyRate", "c"."Description", "c"."FuelType", "c"."HasAirConditioning", "c"."HasGPS", "c"."ImageUrl", "c"."LicensePlate", "c"."Make", "c"."Mileage", "c"."Model", "c"."SeatingCapacity", "c"."Status", "c"."Transmission", "c"."UpdatedAt", "c"."UpdatedBy", "c"."Year"
FROM "Cars" AS "c"
WHERE "c"."Id" = @__get_Item_0
LIMIT 1
2026-01-26 13:32:41.084 +05:30 [INF] Request starting HTTP/1.1 GET http://localhost:5000/api/cars - null null
2026-01-26 13:32:41.084 +05:30 [INF] Executing endpoint 'CarRental.API.Controllers.CarsController.GetAll (CarRental.API)'
2026-01-26 13:32:41.084 +05:30 [INF] Route matched with {action = "GetAll", controller = "Cars"}. Executing controller action with signature System.Threading.Tasks.Task`1[Microsoft.AspNetCore.Mvc.IActionResult] GetAll(System.Threading.CancellationToken) on controller CarRental.API.Controllers.CarsController (CarRental.API).
2026-01-26 13:32:41.084 +05:30 [INF] Executing OkObjectResult, writing value of type 'CarRental.API.Controllers.ApiResponse`1[[CarRental.Application.DTOs.Car.CarDto, CarRental.Application, Version=1.0.0.0, Culture=neutral, PublicKeyToken=null]]'.
2026-01-26 13:32:41.085 +05:30 [INF] Executed action CarRental.API.Controllers.CarsController.GetById (CarRental.API) in 3.4385ms
2026-01-26 13:32:41.085 +05:30 [INF] Executed endpoint 'CarRental.API.Controllers.CarsController.GetById (CarRental.API)'
2026-01-26 13:32:41.085 +05:30 [INF] Request finished HTTP/1.1 GET http://localhost:5000/api/cars/33333333-3333-3333-3333-333333333333 - 200 null application/json; charset=utf-8 4.5913ms
2026-01-26 13:32:41.085 +05:30 [INF] Getting all cars
2026-01-26 13:32:41.086 +05:30 [INF] Executed DbCommand (0ms) [Parameters=[], CommandType='"Text"', CommandTimeout='30']
SELECT "c"."Id", "c"."Category", "c"."Color", "c"."CreatedAt", "c"."CreatedBy", "c"."DailyRate", "c"."Description", "c"."FuelType", "c"."HasAirConditioning", "c"."HasGPS", "c"."ImageUrl", "c"."LicensePlate", "c"."Make", "c"."Mileage", "c"."Model", "c"."SeatingCapacity", "c"."Status", "c"."Transmission", "c"."UpdatedAt", "c"."UpdatedBy", "c"."Year"
FROM "Cars" AS "c"
2026-01-26 13:32:41.086 +05:30 [INF] Executing OkObjectResult, writing value of type 'CarRental.API.Controllers.ApiResponse`1[[System.Collections.Generic.IEnumerable`1[[CarRental.Application.DTOs.Car.CarDto, CarRental.Application, Version=1.0.0.0, Culture=neutral, PublicKeyToken=null]], System.Private.CoreLib, Version=8.0.0.0, Culture=neutral, PublicKeyToken=7cec85d7bea7798e]]'.
2026-01-26 13:32:41.086 +05:30 [INF] Executed action CarRental.API.Controllers.CarsController.GetAll (CarRental.API) in 1.799ms
2026-01-26 13:32:41.086 +05:30 [INF] Executed endpoint 'CarRental.API.Controllers.CarsController.GetAll (CarRental.API)'
2026-01-26 13:32:41.086 +05:30 [INF] Request finished HTTP/1.1 GET http://localhost:5000/api/cars - 200 null application/json; charset=utf-8 2.3559ms
2026-01-26 13:32:41.088 +05:30 [INF] Request starting HTTP/1.1 GET http://localhost:5000/api/cars/33333333-3333-3333-3333-333333333333 - null null
2026-01-26 13:32:41.088 +05:30 [INF] Executing endpoint 'CarRental.API.Controllers.CarsController.GetById (CarRental.API)'
2026-01-26 13:32:41.088 +05:30 [INF] Route matched with {action = "GetById", controller = "Cars"}. Executing controller action with signature System.Threading.Tasks.Task`1[Microsoft.AspNetCore.Mvc.IActionResult] GetById(System.Guid, System.Threading.CancellationToken) on controller CarRental.API.Controllers.CarsController (CarRental.API).
2026-01-26 13:32:41.088 +05:30 [INF] Getting car with ID: "33333333-3333-3333-3333-333333333333"
2026-01-26 13:32:41.089 +05:30 [INF] Executed DbCommand (0ms) [Parameters=[@__get_Item_0='?' (DbType = Guid)], CommandType='"Text"', CommandTimeout='30']
SELECT "c"."Id", "c"."Category", "c"."Color", "c"."CreatedAt", "c"."CreatedBy", "c"."DailyRate", "c"."Description", "c"."FuelType", "c"."HasAirConditioning", "c"."HasGPS", "c"."ImageUrl", "c"."LicensePlate", "c"."Make", "c"."Mileage", "c"."Model", "c"."SeatingCapacity", "c"."Status", "c"."Transmission", "c"."UpdatedAt", "c"."UpdatedBy", "c"."Year"
FROM "Cars" AS "c"
WHERE "c"."Id" = @__get_Item_0
LIMIT 1
2026-01-26 13:32:41.089 +05:30 [INF] Executing OkObjectResult, writing value of type 'CarRental.API.Controllers.ApiResponse`1[[CarRental.Application.DTOs.Car.CarDto, CarRental.Application, Version=1.0.0.0, Culture=neutral, PublicKeyToken=null]]'.
2026-01-26 13:32:41.089 +05:30 [INF] Executed action CarRental.API.Controllers.CarsController.GetById (CarRental.API) in 1.2055ms
2026-01-26 13:32:41.089 +05:30 [INF] Executed endpoint 'CarRental.API.Controllers.CarsController.GetById (CarRental.API)'
2026-01-26 13:32:41.089 +05:30 [INF] Request finished HTTP/1.1 GET http://localhost:5000/api/cars/33333333-3333-3333-3333-333333333333 - 200 null application/json; charset=utf-8 1.5382ms
2026-01-26 16:06:48.120 +05:30 [INF] Request starting HTTP/1.1 GET http://localhost:5000/api/cars - null null
2026-01-26 16:06:48.121 +05:30 [INF] Executing endpoint 'CarRental.API.Controllers.CarsController.GetAll (CarRental.API)'
2026-01-26 16:06:48.121 +05:30 [INF] Route matched with {action = "GetAll", controller = "Cars"}. Executing controller action with signature System.Threading.Tasks.Task`1[Microsoft.AspNetCore.Mvc.IActionResult] GetAll(System.Threading.CancellationToken) on controller CarRental.API.Controllers.CarsController (CarRental.API).
2026-01-26 16:06:48.122 +05:30 [INF] Getting all cars
2026-01-26 16:06:48.124 +05:30 [INF] Executed DbCommand (1ms) [Parameters=[], CommandType='"Text"', CommandTimeout='30']
SELECT "c"."Id", "c"."Category", "c"."Color", "c"."CreatedAt", "c"."CreatedBy", "c"."DailyRate", "c"."Description", "c"."FuelType", "c"."HasAirConditioning", "c"."HasGPS", "c"."ImageUrl", "c"."LicensePlate", "c"."Make", "c"."Mileage", "c"."Model", "c"."SeatingCapacity", "c"."Status", "c"."Transmission", "c"."UpdatedAt", "c"."UpdatedBy", "c"."Year"
FROM "Cars" AS "c"
2026-01-26 16:06:48.125 +05:30 [INF] Executing OkObjectResult, writing value of type 'CarRental.API.Controllers.ApiResponse`1[[System.Collections.Generic.IEnumerable`1[[CarRental.Application.DTOs.Car.CarDto, CarRental.Application, Version=1.0.0.0, Culture=neutral, PublicKeyToken=null]], System.Private.CoreLib, Version=8.0.0.0, Culture=neutral, PublicKeyToken=7cec85d7bea7798e]]'.
2026-01-26 16:06:48.125 +05:30 [INF] Executed action CarRental.API.Controllers.CarsController.GetAll (CarRental.API) in 3.61ms
2026-01-26 16:06:48.125 +05:30 [INF] Executed endpoint 'CarRental.API.Controllers.CarsController.GetAll (CarRental.API)'
2026-01-26 16:06:48.125 +05:30 [INF] Request finished HTTP/1.1 GET http://localhost:5000/api/cars - 200 null application/json; charset=utf-8 5.1264ms
2026-01-26 16:06:48.127 +05:30 [INF] Request starting HTTP/1.1 GET http://localhost:5000/api/cars - null null
2026-01-26 16:06:48.127 +05:30 [INF] Executing endpoint 'CarRental.API.Controllers.CarsController.GetAll (CarRental.API)'
2026-01-26 16:06:48.127 +05:30 [INF] Route matched with {action = "GetAll", controller = "Cars"}. Executing controller action with signature System.Threading.Tasks.Task`1[Microsoft.AspNetCore.Mvc.IActionResult] GetAll(System.Threading.CancellationToken) on controller CarRental.API.Controllers.CarsController (CarRental.API).
2026-01-26 16:06:48.127 +05:30 [INF] Getting all cars
2026-01-26 16:06:48.127 +05:30 [INF] Executed DbCommand (0ms) [Parameters=[], CommandType='"Text"', CommandTimeout='30']
SELECT "c"."Id", "c"."Category", "c"."Color", "c"."CreatedAt", "c"."CreatedBy", "c"."DailyRate", "c"."Description", "c"."FuelType", "c"."HasAirConditioning", "c"."HasGPS", "c"."ImageUrl", "c"."LicensePlate", "c"."Make", "c"."Mileage", "c"."Model", "c"."SeatingCapacity", "c"."Status", "c"."Transmission", "c"."UpdatedAt", "c"."UpdatedBy", "c"."Year"
FROM "Cars" AS "c"
2026-01-26 16:06:48.128 +05:30 [INF] Executing OkObjectResult, writing value of type 'CarRental.API.Controllers.ApiResponse`1[[System.Collections.Generic.IEnumerable`1[[CarRental.Application.DTOs.Car.CarDto, CarRental.Application, Version=1.0.0.0, Culture=neutral, PublicKeyToken=null]], System.Private.CoreLib, Version=8.0.0.0, Culture=neutral, PublicKeyToken=7cec85d7bea7798e]]'.
2026-01-26 16:06:48.128 +05:30 [INF] Executed action CarRental.API.Controllers.CarsController.GetAll (CarRental.API) in 0.9601ms
2026-01-26 16:06:48.128 +05:30 [INF] Executed endpoint 'CarRental.API.Controllers.CarsController.GetAll (CarRental.API)'
2026-01-26 16:06:48.128 +05:30 [INF] Request finished HTTP/1.1 GET http://localhost:5000/api/cars - 200 null application/json; charset=utf-8 1.499ms
2026-01-26 16:10:28.514 +05:30 [INF] Request starting HTTP/1.1 GET http://localhost:5000/api/cars - null null
2026-01-26 16:10:28.520 +05:30 [INF] Executing endpoint 'CarRental.API.Controllers.CarsController.GetAll (CarRental.API)'
2026-01-26 16:10:28.521 +05:30 [INF] Route matched with {action = "GetAll", controller = "Cars"}. Executing controller action with signature System.Threading.Tasks.Task`1[Microsoft.AspNetCore.Mvc.IActionResult] GetAll(System.Threading.CancellationToken) on controller CarRental.API.Controllers.CarsController (CarRental.API).
2026-01-26 16:10:28.527 +05:30 [INF] Getting all cars
2026-01-26 16:10:28.531 +05:30 [INF] Executed DbCommand (0ms) [Parameters=[], CommandType='"Text"', CommandTimeout='30']
SELECT "c"."Id", "c"."Category", "c"."Color", "c"."CreatedAt", "c"."CreatedBy", "c"."DailyRate", "c"."Description", "c"."FuelType", "c"."HasAirConditioning", "c"."HasGPS", "c"."ImageUrl", "c"."LicensePlate", "c"."Make", "c"."Mileage", "c"."Model", "c"."SeatingCapacity", "c"."Status", "c"."Transmission", "c"."UpdatedAt", "c"."UpdatedBy", "c"."Year"
FROM "Cars" AS "c"
2026-01-26 16:10:28.536 +05:30 [INF] Executing OkObjectResult, writing value of type 'CarRental.API.Controllers.ApiResponse`1[[System.Collections.Generic.IEnumerable`1[[CarRental.Application.DTOs.Car.CarDto, CarRental.Application, Version=1.0.0.0, Culture=neutral, PublicKeyToken=null]], System.Private.CoreLib, Version=8.0.0.0, Culture=neutral, PublicKeyToken=7cec85d7bea7798e]]'.
2026-01-26 16:10:28.536 +05:30 [INF] Executed action CarRental.API.Controllers.CarsController.GetAll (CarRental.API) in 9.5394ms
2026-01-26 16:10:28.537 +05:30 [INF] Executed endpoint 'CarRental.API.Controllers.CarsController.GetAll (CarRental.API)'
2026-01-26 16:10:28.537 +05:30 [INF] Request finished HTTP/1.1 GET http://localhost:5000/api/cars - 200 null application/json; charset=utf-8 23.9056ms
2026-01-26 16:10:28.574 +05:30 [INF] Request starting HTTP/1.1 GET http://localhost:5000/api/cars - null null
2026-01-26 16:10:28.574 +05:30 [INF] Executing endpoint 'CarRental.API.Controllers.CarsController.GetAll (CarRental.API)'
2026-01-26 16:10:28.574 +05:30 [INF] Route matched with {action = "GetAll", controller = "Cars"}. Executing controller action with signature System.Threading.Tasks.Task`1[Microsoft.AspNetCore.Mvc.IActionResult] GetAll(System.Threading.CancellationToken) on controller CarRental.API.Controllers.CarsController (CarRental.API).
2026-01-26 16:10:28.577 +05:30 [INF] Getting all cars
2026-01-26 16:10:28.580 +05:30 [INF] Executed DbCommand (0ms) [Parameters=[], CommandType='"Text"', CommandTimeout='30']
SELECT "c"."Id", "c"."Category", "c"."Color", "c"."CreatedAt", "c"."CreatedBy", "c"."DailyRate", "c"."Description", "c"."FuelType", "c"."HasAirConditioning", "c"."HasGPS", "c"."ImageUrl", "c"."LicensePlate", "c"."Make", "c"."Mileage", "c"."Model", "c"."SeatingCapacity", "c"."Status", "c"."Transmission", "c"."UpdatedAt", "c"."UpdatedBy", "c"."Year"
FROM "Cars" AS "c"
2026-01-26 16:10:28.582 +05:30 [INF] Executing OkObjectResult, writing value of type 'CarRental.API.Controllers.ApiResponse`1[[System.Collections.Generic.IEnumerable`1[[CarRental.Application.DTOs.Car.CarDto, CarRental.Application, Version=1.0.0.0, Culture=neutral, PublicKeyToken=null]], System.Private.CoreLib, Version=8.0.0.0, Culture=neutral, PublicKeyToken=7cec85d7bea7798e]]'.
2026-01-26 16:10:28.582 +05:30 [INF] Executed action CarRental.API.Controllers.CarsController.GetAll (CarRental.API) in 5.6434ms
2026-01-26 16:10:28.583 +05:30 [INF] Executed endpoint 'CarRental.API.Controllers.CarsController.GetAll (CarRental.API)'
2026-01-26 16:10:28.583 +05:30 [INF] Request finished HTTP/1.1 GET http://localhost:5000/api/cars - 200 null application/json; charset=utf-8 8.6979ms
2026-01-26 16:10:28.617 +05:30 [INF] Request starting HTTP/1.1 GET http://localhost:5000/api/cars - null null
2026-01-26 16:10:28.618 +05:30 [INF] Executing endpoint 'CarRental.API.Controllers.CarsController.GetAll (CarRental.API)'
2026-01-26 16:10:28.618 +05:30 [INF] Route matched with {action = "GetAll", controller = "Cars"}. Executing controller action with signature System.Threading.Tasks.Task`1[Microsoft.AspNetCore.Mvc.IActionResult] GetAll(System.Threading.CancellationToken) on controller CarRental.API.Controllers.CarsController (CarRental.API).
2026-01-26 16:10:28.618 +05:30 [INF] Getting all cars
2026-01-26 16:10:28.619 +05:30 [INF] Executed DbCommand (0ms) [Parameters=[], CommandType='"Text"', CommandTimeout='30']
SELECT "c"."Id", "c"."Category", "c"."Color", "c"."CreatedAt", "c"."CreatedBy", "c"."DailyRate", "c"."Description", "c"."FuelType", "c"."HasAirConditioning", "c"."HasGPS", "c"."ImageUrl", "c"."LicensePlate", "c"."Make", "c"."Mileage", "c"."Model", "c"."SeatingCapacity", "c"."Status", "c"."Transmission", "c"."UpdatedAt", "c"."UpdatedBy", "c"."Year"
FROM "Cars" AS "c"
2026-01-26 16:10:28.620 +05:30 [INF] Executing OkObjectResult, writing value of type 'CarRental.API.Controllers.ApiResponse`1[[System.Collections.Generic.IEnumerable`1[[CarRental.Application.DTOs.Car.CarDto, CarRental.Application, Version=1.0.0.0, Culture=neutral, PublicKeyToken=null]], System.Private.CoreLib, Version=8.0.0.0, Culture=neutral, PublicKeyToken=7cec85d7bea7798e]]'.
2026-01-26 16:10:28.620 +05:30 [INF] Executed action CarRental.API.Controllers.CarsController.GetAll (CarRental.API) in 2.297ms
2026-01-26 16:10:28.620 +05:30 [INF] Executed endpoint 'CarRental.API.Controllers.CarsController.GetAll (CarRental.API)'
2026-01-26 16:10:28.622 +05:30 [INF] Request finished HTTP/1.1 GET http://localhost:5000/api/cars - 200 null application/json; charset=utf-8 4.9533ms
2026-01-26 16:10:28.623 +05:30 [INF] Request starting HTTP/1.1 GET http://localhost:5000/api/cars/33333333-3333-3333-3333-333333333333 - null null
2026-01-26 16:10:28.625 +05:30 [INF] Executing endpoint 'CarRental.API.Controllers.CarsController.GetById (CarRental.API)'
2026-01-26 16:10:28.625 +05:30 [INF] Route matched with {action = "GetById", controller = "Cars"}. Executing controller action with signature System.Threading.Tasks.Task`1[Microsoft.AspNetCore.Mvc.IActionResult] GetById(System.Guid, System.Threading.CancellationToken) on controller CarRental.API.Controllers.CarsController (CarRental.API).
2026-01-26 16:10:28.626 +05:30 [INF] Getting car with ID: "33333333-3333-3333-3333-333333333333"
2026-01-26 16:10:28.633 +05:30 [INF] Executed DbCommand (0ms) [Parameters=[@__get_Item_0='?' (DbType = Guid)], CommandType='"Text"', CommandTimeout='30']
SELECT "c"."Id", "c"."Category", "c"."Color", "c"."CreatedAt", "c"."CreatedBy", "c"."DailyRate", "c"."Description", "c"."FuelType", "c"."HasAirConditioning", "c"."HasGPS", "c"."ImageUrl", "c"."LicensePlate", "c"."Make", "c"."Mileage", "c"."Model", "c"."SeatingCapacity", "c"."Status", "c"."Transmission", "c"."UpdatedAt", "c"."UpdatedBy", "c"."Year"
FROM "Cars" AS "c"
WHERE "c"."Id" = @__get_Item_0
LIMIT 1
2026-01-26 16:10:28.634 +05:30 [INF] Executing OkObjectResult, writing value of type 'CarRental.API.Controllers.ApiResponse`1[[CarRental.Application.DTOs.Car.CarDto, CarRental.Application, Version=1.0.0.0, Culture=neutral, PublicKeyToken=null]]'.
2026-01-26 16:10:28.634 +05:30 [INF] Executed action CarRental.API.Controllers.CarsController.GetById (CarRental.API) in 8.6862ms
2026-01-26 16:10:28.634 +05:30 [INF] Executed endpoint 'CarRental.API.Controllers.CarsController.GetById (CarRental.API)'
2026-01-26 16:10:28.635 +05:30 [INF] Request finished HTTP/1.1 GET http://localhost:5000/api/cars/33333333-3333-3333-3333-333333333333 - 200 null application/json; charset=utf-8 11.5386ms
2026-01-26 16:10:28.660 +05:30 [INF] Request starting HTTP/1.1 GET http://localhost:5000/api/cars - null null
2026-01-26 16:10:28.661 +05:30 [INF] Executing endpoint 'CarRental.API.Controllers.CarsController.GetAll (CarRental.API)'
2026-01-26 16:10:28.661 +05:30 [INF] Route matched with {action = "GetAll", controller = "Cars"}. Executing controller action with signature System.Threading.Tasks.Task`1[Microsoft.AspNetCore.Mvc.IActionResult] GetAll(System.Threading.CancellationToken) on controller CarRental.API.Controllers.CarsController (CarRental.API).
2026-01-26 16:10:28.661 +05:30 [INF] Request starting HTTP/1.1 GET http://localhost:5000/api/cars/33333333-3333-3333-3333-333333333333 - null null
2026-01-26 16:10:28.661 +05:30 [INF] Getting all cars
2026-01-26 16:10:28.661 +05:30 [INF] Executing endpoint 'CarRental.API.Controllers.CarsController.GetById (CarRental.API)'
2026-01-26 16:10:28.661 +05:30 [INF] Route matched with {action = "GetById", controller = "Cars"}. Executing controller action with signature System.Threading.Tasks.Task`1[Microsoft.AspNetCore.Mvc.IActionResult] GetById(System.Guid, System.Threading.CancellationToken) on controller CarRental.API.Controllers.CarsController (CarRental.API).
2026-01-26 16:10:28.662 +05:30 [INF] Executed DbCommand (0ms) [Parameters=[], CommandType='"Text"', CommandTimeout='30']
SELECT "c"."Id", "c"."Category", "c"."Color", "c"."CreatedAt", "c"."CreatedBy", "c"."DailyRate", "c"."Description", "c"."FuelType", "c"."HasAirConditioning", "c"."HasGPS", "c"."ImageUrl", "c"."LicensePlate", "c"."Make", "c"."Mileage", "c"."Model", "c"."SeatingCapacity", "c"."Status", "c"."Transmission", "c"."UpdatedAt", "c"."UpdatedBy", "c"."Year"
FROM "Cars" AS "c"
2026-01-26 16:10:28.662 +05:30 [INF] Getting car with ID: "33333333-3333-3333-3333-333333333333"
2026-01-26 16:10:28.662 +05:30 [INF] Executing OkObjectResult, writing value of type 'CarRental.API.Controllers.ApiResponse`1[[System.Collections.Generic.IEnumerable`1[[CarRental.Application.DTOs.Car.CarDto, CarRental.Application, Version=1.0.0.0, Culture=neutral, PublicKeyToken=null]], System.Private.CoreLib, Version=8.0.0.0, Culture=neutral, PublicKeyToken=7cec85d7bea7798e]]'.
2026-01-26 16:10:28.662 +05:30 [INF] Executed action CarRental.API.Controllers.CarsController.GetAll (CarRental.API) in 1.0587ms
2026-01-26 16:10:28.662 +05:30 [INF] Executed endpoint 'CarRental.API.Controllers.CarsController.GetAll (CarRental.API)'
2026-01-26 16:10:28.662 +05:30 [INF] Request finished HTTP/1.1 GET http://localhost:5000/api/cars - 200 null application/json; charset=utf-8 1.6733ms
2026-01-26 16:10:28.662 +05:30 [INF] Executed DbCommand (0ms) [Parameters=[@__get_Item_0='?' (DbType = Guid)], CommandType='"Text"', CommandTimeout='30']
SELECT "c"."Id", "c"."Category", "c"."Color", "c"."CreatedAt", "c"."CreatedBy", "c"."DailyRate", "c"."Description", "c"."FuelType", "c"."HasAirConditioning", "c"."HasGPS", "c"."ImageUrl", "c"."LicensePlate", "c"."Make", "c"."Mileage", "c"."Model", "c"."SeatingCapacity", "c"."Status", "c"."Transmission", "c"."UpdatedAt", "c"."UpdatedBy", "c"."Year"
FROM "Cars" AS "c"
WHERE "c"."Id" = @__get_Item_0
LIMIT 1
2026-01-26 16:10:28.663 +05:30 [INF] Executing OkObjectResult, writing value of type 'CarRental.API.Controllers.ApiResponse`1[[CarRental.Application.DTOs.Car.CarDto, CarRental.Application, Version=1.0.0.0, Culture=neutral, PublicKeyToken=null]]'.
2026-01-26 16:10:28.663 +05:30 [INF] Executed action CarRental.API.Controllers.CarsController.GetById (CarRental.API) in 1.1405ms
2026-01-26 16:10:28.663 +05:30 [INF] Executed endpoint 'CarRental.API.Controllers.CarsController.GetById (CarRental.API)'
2026-01-26 16:10:28.663 +05:30 [INF] Request finished HTTP/1.1 GET http://localhost:5000/api/cars/33333333-3333-3333-3333-333333333333 - 200 null application/json; charset=utf-8 1.7309ms
2026-01-26 16:10:28.668 +05:30 [INF] Request starting HTTP/1.1 GET http://localhost:5000/api/cars - null null
2026-01-26 16:10:28.668 +05:30 [INF] Executing endpoint 'CarRental.API.Controllers.CarsController.GetAll (CarRental.API)'
2026-01-26 16:10:28.668 +05:30 [INF] Route matched with {action = "GetAll", controller = "Cars"}. Executing controller action with signature System.Threading.Tasks.Task`1[Microsoft.AspNetCore.Mvc.IActionResult] GetAll(System.Threading.CancellationToken) on controller CarRental.API.Controllers.CarsController (CarRental.API).
2026-01-26 16:10:28.668 +05:30 [INF] Getting all cars
2026-01-26 16:10:28.669 +05:30 [INF] Executed DbCommand (0ms) [Parameters=[], CommandType='"Text"', CommandTimeout='30']
SELECT "c"."Id", "c"."Category", "c"."Color", "c"."CreatedAt", "c"."CreatedBy", "c"."DailyRate", "c"."Description", "c"."FuelType", "c"."HasAirConditioning", "c"."HasGPS", "c"."ImageUrl", "c"."LicensePlate", "c"."Make", "c"."Mileage", "c"."Model", "c"."SeatingCapacity", "c"."Status", "c"."Transmission", "c"."UpdatedAt", "c"."UpdatedBy", "c"."Year"
FROM "Cars" AS "c"
2026-01-26 16:10:28.669 +05:30 [INF] Executing OkObjectResult, writing value of type 'CarRental.API.Controllers.ApiResponse`1[[System.Collections.Generic.IEnumerable`1[[CarRental.Application.DTOs.Car.CarDto, CarRental.Application, Version=1.0.0.0, Culture=neutral, PublicKeyToken=null]], System.Private.CoreLib, Version=8.0.0.0, Culture=neutral, PublicKeyToken=7cec85d7bea7798e]]'.
2026-01-26 16:10:28.669 +05:30 [INF] Executed action CarRental.API.Controllers.CarsController.GetAll (CarRental.API) in 1.0802ms
2026-01-26 16:10:28.669 +05:30 [INF] Executed endpoint 'CarRental.API.Controllers.CarsController.GetAll (CarRental.API)'
2026-01-26 16:10:28.669 +05:30 [INF] Request finished HTTP/1.1 GET http://localhost:5000/api/cars - 200 null application/json; charset=utf-8 1.5869ms
2026-01-26 16:10:28.671 +05:30 [INF] Request starting HTTP/1.1 GET http://localhost:5000/api/cars - null null
2026-01-26 16:10:28.672 +05:30 [INF] Executing endpoint 'CarRental.API.Controllers.CarsController.GetAll (CarRental.API)'
2026-01-26 16:10:28.672 +05:30 [INF] Route matched with {action = "GetAll", controller = "Cars"}. Executing controller action with signature System.Threading.Tasks.Task`1[Microsoft.AspNetCore.Mvc.IActionResult] GetAll(System.Threading.CancellationToken) on controller CarRental.API.Controllers.CarsController (CarRental.API).
2026-01-26 16:10:28.672 +05:30 [INF] Getting all cars
2026-01-26 16:10:28.672 +05:30 [INF] Executed DbCommand (0ms) [Parameters=[], CommandType='"Text"', CommandTimeout='30']
SELECT "c"."Id", "c"."Category", "c"."Color", "c"."CreatedAt", "c"."CreatedBy", "c"."DailyRate", "c"."Description", "c"."FuelType", "c"."HasAirConditioning", "c"."HasGPS", "c"."ImageUrl", "c"."LicensePlate", "c"."Make", "c"."Mileage", "c"."Model", "c"."SeatingCapacity", "c"."Status", "c"."Transmission", "c"."UpdatedAt", "c"."UpdatedBy", "c"."Year"
FROM "Cars" AS "c"
2026-01-26 16:10:28.673 +05:30 [INF] Executing OkObjectResult, writing value of type 'CarRental.API.Controllers.ApiResponse`1[[System.Collections.Generic.IEnumerable`1[[CarRental.Application.DTOs.Car.CarDto, CarRental.Application, Version=1.0.0.0, Culture=neutral, PublicKeyToken=null]], System.Private.CoreLib, Version=8.0.0.0, Culture=neutral, PublicKeyToken=7cec85d7bea7798e]]'.
2026-01-26 16:10:28.673 +05:30 [INF] Executed action CarRental.API.Controllers.CarsController.GetAll (CarRental.API) in 1.1278ms
2026-01-26 16:10:28.673 +05:30 [INF] Executed endpoint 'CarRental.API.Controllers.CarsController.GetAll (CarRental.API)'
2026-01-26 16:10:28.673 +05:30 [INF] Request finished HTTP/1.1 GET http://localhost:5000/api/cars - 200 null application/json; charset=utf-8 1.7222ms
2026-01-26 16:10:28.675 +05:30 [INF] Request starting HTTP/1.1 GET http://localhost:5000/api/cars - null null
2026-01-26 16:10:28.675 +05:30 [INF] Executing endpoint 'CarRental.API.Controllers.CarsController.GetAll (CarRental.API)'
2026-01-26 16:10:28.675 +05:30 [INF] Route matched with {action = "GetAll", controller = "Cars"}. Executing controller action with signature System.Threading.Tasks.Task`1[Microsoft.AspNetCore.Mvc.IActionResult] GetAll(System.Threading.CancellationToken) on controller CarRental.API.Controllers.CarsController (CarRental.API).
2026-01-26 16:10:28.675 +05:30 [INF] Getting all cars
2026-01-26 16:10:28.676 +05:30 [INF] Executed DbCommand (0ms) [Parameters=[], CommandType='"Text"', CommandTimeout='30']
SELECT "c"."Id", "c"."Category", "c"."Color", "c"."CreatedAt", "c"."CreatedBy", "c"."DailyRate", "c"."Description", "c"."FuelType", "c"."HasAirConditioning", "c"."HasGPS", "c"."ImageUrl", "c"."LicensePlate", "c"."Make", "c"."Mileage", "c"."Model", "c"."SeatingCapacity", "c"."Status", "c"."Transmission", "c"."UpdatedAt", "c"."UpdatedBy", "c"."Year"
FROM "Cars" AS "c"
2026-01-26 16:10:28.676 +05:30 [INF] Executing OkObjectResult, writing value of type 'CarRental.API.Controllers.ApiResponse`1[[System.Collections.Generic.IEnumerable`1[[CarRental.Application.DTOs.Car.CarDto, CarRental.Application, Version=1.0.0.0, Culture=neutral, PublicKeyToken=null]], System.Private.CoreLib, Version=8.0.0.0, Culture=neutral, PublicKeyToken=7cec85d7bea7798e]]'.
2026-01-26 16:10:28.676 +05:30 [INF] Executed action CarRental.API.Controllers.CarsController.GetAll (CarRental.API) in 0.9871ms
2026-01-26 16:10:28.677 +05:30 [INF] Executed endpoint 'CarRental.API.Controllers.CarsController.GetAll (CarRental.API)'
2026-01-26 16:10:28.677 +05:30 [INF] Request finished HTTP/1.1 GET http://localhost:5000/api/cars - 200 null application/json; charset=utf-8 1.7282ms
2026-01-26 16:10:28.681 +05:30 [INF] Request starting HTTP/1.1 GET http://localhost:5000/api/cars - null null
2026-01-26 16:10:28.681 +05:30 [INF] Executing endpoint 'CarRental.API.Controllers.CarsController.GetAll (CarRental.API)'
2026-01-26 16:10:28.681 +05:30 [INF] Route matched with {action = "GetAll", controller = "Cars"}. Executing controller action with signature System.Threading.Tasks.Task`1[Microsoft.AspNetCore.Mvc.IActionResult] GetAll(System.Threading.CancellationToken) on controller CarRental.API.Controllers.CarsController (CarRental.API).
2026-01-26 16:10:28.681 +05:30 [INF] Getting all cars
2026-01-26 16:10:28.682 +05:30 [INF] Executed DbCommand (0ms) [Parameters=[], CommandType='"Text"', CommandTimeout='30']
SELECT "c"."Id", "c"."Category", "c"."Color", "c"."CreatedAt", "c"."CreatedBy", "c"."DailyRate", "c"."Description", "c"."FuelType", "c"."HasAirConditioning", "c"."HasGPS", "c"."ImageUrl", "c"."LicensePlate", "c"."Make", "c"."Mileage", "c"."Model", "c"."SeatingCapacity", "c"."Status", "c"."Transmission", "c"."UpdatedAt", "c"."UpdatedBy", "c"."Year"
FROM "Cars" AS "c"
2026-01-26 16:10:28.682 +05:30 [INF] Executing OkObjectResult, writing value of type 'CarRental.API.Controllers.ApiResponse`1[[System.Collections.Generic.IEnumerable`1[[CarRental.Application.DTOs.Car.CarDto, CarRental.Application, Version=1.0.0.0, Culture=neutral, PublicKeyToken=null]], System.Private.CoreLib, Version=8.0.0.0, Culture=neutral, PublicKeyToken=7cec85d7bea7798e]]'.
2026-01-26 16:10:28.683 +05:30 [INF] Executed action CarRental.API.Controllers.CarsController.GetAll (CarRental.API) in 1.505ms
2026-01-26 16:10:28.683 +05:30 [INF] Executed endpoint 'CarRental.API.Controllers.CarsController.GetAll (CarRental.API)'
2026-01-26 16:10:28.683 +05:30 [INF] Request finished HTTP/1.1 GET http://localhost:5000/api/cars - 200 null application/json; charset=utf-8 2.1752ms
2026-01-26 16:34:23.096 +05:30 [INF] Request starting HTTP/1.1 GET http://localhost:5000/api/cars - null null
2026-01-26 16:34:23.104 +05:30 [INF] Executing endpoint 'CarRental.API.Controllers.CarsController.GetAll (CarRental.API)'
2026-01-26 16:34:23.105 +05:30 [INF] Route matched with {action = "GetAll", controller = "Cars"}. Executing controller action with signature System.Threading.Tasks.Task`1[Microsoft.AspNetCore.Mvc.IActionResult] GetAll(System.Threading.CancellationToken) on controller CarRental.API.Controllers.CarsController (CarRental.API).
2026-01-26 16:34:23.105 +05:30 [INF] Getting all cars
2026-01-26 16:34:23.115 +05:30 [INF] Executed DbCommand (1ms) [Parameters=[], CommandType='"Text"', CommandTimeout='30']
SELECT "c"."Id", "c"."Category", "c"."Color", "c"."CreatedAt", "c"."CreatedBy", "c"."DailyRate", "c"."Description", "c"."FuelType", "c"."HasAirConditioning", "c"."HasGPS", "c"."ImageUrl", "c"."LicensePlate", "c"."Make", "c"."Mileage", "c"."Model", "c"."SeatingCapacity", "c"."Status", "c"."Transmission", "c"."UpdatedAt", "c"."UpdatedBy", "c"."Year"
FROM "Cars" AS "c"
2026-01-26 16:34:23.116 +05:30 [INF] Executing OkObjectResult, writing value of type 'CarRental.API.Controllers.ApiResponse`1[[System.Collections.Generic.IEnumerable`1[[CarRental.Application.DTOs.Car.CarDto, CarRental.Application, Version=1.0.0.0, Culture=neutral, PublicKeyToken=null]], System.Private.CoreLib, Version=8.0.0.0, Culture=neutral, PublicKeyToken=7cec85d7bea7798e]]'.
2026-01-26 16:34:23.118 +05:30 [INF] Executed action CarRental.API.Controllers.CarsController.GetAll (CarRental.API) in 12.9843ms
2026-01-26 16:34:23.118 +05:30 [INF] Executed endpoint 'CarRental.API.Controllers.CarsController.GetAll (CarRental.API)'
2026-01-26 16:34:23.118 +05:30 [INF] Request finished HTTP/1.1 GET http://localhost:5000/api/cars - 200 null application/json; charset=utf-8 22.6223ms
2026-01-26 16:34:23.119 +05:30 [INF] Request starting HTTP/1.1 GET http://localhost:5000/api/cars/33333333-3333-3333-3333-333333333333 - null null
2026-01-26 16:34:23.119 +05:30 [INF] Executing endpoint 'CarRental.API.Controllers.CarsController.GetById (CarRental.API)'
2026-01-26 16:34:23.119 +05:30 [INF] Route matched with {action = "GetById", controller = "Cars"}. Executing controller action with signature System.Threading.Tasks.Task`1[Microsoft.AspNetCore.Mvc.IActionResult] GetById(System.Guid, System.Threading.CancellationToken) on controller CarRental.API.Controllers.CarsController (CarRental.API).
2026-01-26 16:34:23.119 +05:30 [INF] Getting car with ID: "33333333-3333-3333-3333-333333333333"
2026-01-26 16:34:23.120 +05:30 [INF] Executed DbCommand (0ms) [Parameters=[@__get_Item_0='?' (DbType = Guid)], CommandType='"Text"', CommandTimeout='30']
SELECT "c"."Id", "c"."Category", "c"."Color", "c"."CreatedAt", "c"."CreatedBy", "c"."DailyRate", "c"."Description", "c"."FuelType", "c"."HasAirConditioning", "c"."HasGPS", "c"."ImageUrl", "c"."LicensePlate", "c"."Make", "c"."Mileage", "c"."Model", "c"."SeatingCapacity", "c"."Status", "c"."Transmission", "c"."UpdatedAt", "c"."UpdatedBy", "c"."Year"
FROM "Cars" AS "c"
WHERE "c"."Id" = @__get_Item_0
LIMIT 1
2026-01-26 16:34:23.121 +05:30 [INF] Executing OkObjectResult, writing value of type 'CarRental.API.Controllers.ApiResponse`1[[CarRental.Application.DTOs.Car.CarDto, CarRental.Application, Version=1.0.0.0, Culture=neutral, PublicKeyToken=null]]'.
2026-01-26 16:34:23.124 +05:30 [INF] Executed action CarRental.API.Controllers.CarsController.GetById (CarRental.API) in 2.3952ms
2026-01-26 16:34:23.124 +05:30 [INF] Executed endpoint 'CarRental.API.Controllers.CarsController.GetById (CarRental.API)'
2026-01-26 16:34:23.125 +05:30 [INF] Request finished HTTP/1.1 GET http://localhost:5000/api/cars/33333333-3333-3333-3333-333333333333 - 200 null application/json; charset=utf-8 5.8196ms
2026-01-26 16:34:23.127 +05:30 [INF] Request starting HTTP/1.1 GET http://localhost:5000/api/cars - null null
2026-01-26 16:34:23.127 +05:30 [INF] Executing endpoint 'CarRental.API.Controllers.CarsController.GetAll (CarRental.API)'
2026-01-26 16:34:23.127 +05:30 [INF] Route matched with {action = "GetAll", controller = "Cars"}. Executing controller action with signature System.Threading.Tasks.Task`1[Microsoft.AspNetCore.Mvc.IActionResult] GetAll(System.Threading.CancellationToken) on controller CarRental.API.Controllers.CarsController (CarRental.API).
2026-01-26 16:34:23.128 +05:30 [INF] Getting all cars
2026-01-26 16:34:23.128 +05:30 [INF] Executed DbCommand (0ms) [Parameters=[], CommandType='"Text"', CommandTimeout='30']
SELECT "c"."Id", "c"."Category", "c"."Color", "c"."CreatedAt", "c"."CreatedBy", "c"."DailyRate", "c"."Description", "c"."FuelType", "c"."HasAirConditioning", "c"."HasGPS", "c"."ImageUrl", "c"."LicensePlate", "c"."Make", "c"."Mileage", "c"."Model", "c"."SeatingCapacity", "c"."Status", "c"."Transmission", "c"."UpdatedAt", "c"."UpdatedBy", "c"."Year"
FROM "Cars" AS "c"
2026-01-26 16:34:23.129 +05:30 [INF] Executing OkObjectResult, writing value of type 'CarRental.API.Controllers.ApiResponse`1[[System.Collections.Generic.IEnumerable`1[[CarRental.Application.DTOs.Car.CarDto, CarRental.Application, Version=1.0.0.0, Culture=neutral, PublicKeyToken=null]], System.Private.CoreLib, Version=8.0.0.0, Culture=neutral, PublicKeyToken=7cec85d7bea7798e]]'.
2026-01-26 16:34:23.130 +05:30 [INF] Executed action CarRental.API.Controllers.CarsController.GetAll (CarRental.API) in 2.129ms
2026-01-26 16:34:23.130 +05:30 [INF] Executed endpoint 'CarRental.API.Controllers.CarsController.GetAll (CarRental.API)'
2026-01-26 16:34:23.130 +05:30 [INF] Request finished HTTP/1.1 GET http://localhost:5000/api/cars - 200 null application/json; charset=utf-8 2.6671ms
2026-01-26 16:34:23.135 +05:30 [INF] Request starting HTTP/1.1 GET http://localhost:5000/api/cars - null null
2026-01-26 16:34:23.135 +05:30 [INF] Request starting HTTP/1.1 GET http://localhost:5000/api/cars/33333333-3333-3333-3333-333333333333 - null null
2026-01-26 16:34:23.135 +05:30 [INF] Executing endpoint 'CarRental.API.Controllers.CarsController.GetAll (CarRental.API)'
2026-01-26 16:34:23.135 +05:30 [INF] Executing endpoint 'CarRental.API.Controllers.CarsController.GetById (CarRental.API)'
2026-01-26 16:34:23.135 +05:30 [INF] Route matched with {action = "GetById", controller = "Cars"}. Executing controller action with signature System.Threading.Tasks.Task`1[Microsoft.AspNetCore.Mvc.IActionResult] GetById(System.Guid, System.Threading.CancellationToken) on controller CarRental.API.Controllers.CarsController (CarRental.API).
2026-01-26 16:34:23.135 +05:30 [INF] Route matched with {action = "GetAll", controller = "Cars"}. Executing controller action with signature System.Threading.Tasks.Task`1[Microsoft.AspNetCore.Mvc.IActionResult] GetAll(System.Threading.CancellationToken) on controller CarRental.API.Controllers.CarsController (CarRental.API).
2026-01-26 16:34:23.135 +05:30 [INF] Getting all cars
2026-01-26 16:34:23.135 +05:30 [INF] Getting car with ID: "33333333-3333-3333-3333-333333333333"
2026-01-26 16:34:23.136 +05:30 [INF] Executed DbCommand (0ms) [Parameters=[], CommandType='"Text"', CommandTimeout='30']
SELECT "c"."Id", "c"."Category", "c"."Color", "c"."CreatedAt", "c"."CreatedBy", "c"."DailyRate", "c"."Description", "c"."FuelType", "c"."HasAirConditioning", "c"."HasGPS", "c"."ImageUrl", "c"."LicensePlate", "c"."Make", "c"."Mileage", "c"."Model", "c"."SeatingCapacity", "c"."Status", "c"."Transmission", "c"."UpdatedAt", "c"."UpdatedBy", "c"."Year"
FROM "Cars" AS "c"
2026-01-26 16:34:23.136 +05:30 [INF] Executing OkObjectResult, writing value of type 'CarRental.API.Controllers.ApiResponse`1[[System.Collections.Generic.IEnumerable`1[[CarRental.Application.DTOs.Car.CarDto, CarRental.Application, Version=1.0.0.0, Culture=neutral, PublicKeyToken=null]], System.Private.CoreLib, Version=8.0.0.0, Culture=neutral, PublicKeyToken=7cec85d7bea7798e]]'.
2026-01-26 16:34:23.136 +05:30 [INF] Executed action CarRental.API.Controllers.CarsController.GetAll (CarRental.API) in 0.7293ms
2026-01-26 16:34:23.136 +05:30 [INF] Executed endpoint 'CarRental.API.Controllers.CarsController.GetAll (CarRental.API)'
2026-01-26 16:34:23.136 +05:30 [INF] Executed DbCommand (0ms) [Parameters=[@__get_Item_0='?' (DbType = Guid)], CommandType='"Text"', CommandTimeout='30']
SELECT "c"."Id", "c"."Category", "c"."Color", "c"."CreatedAt", "c"."CreatedBy", "c"."DailyRate", "c"."Description", "c"."FuelType", "c"."HasAirConditioning", "c"."HasGPS", "c"."ImageUrl", "c"."LicensePlate", "c"."Make", "c"."Mileage", "c"."Model", "c"."SeatingCapacity", "c"."Status", "c"."Transmission", "c"."UpdatedAt", "c"."UpdatedBy", "c"."Year"
FROM "Cars" AS "c"
WHERE "c"."Id" = @__get_Item_0
LIMIT 1
2026-01-26 16:34:23.136 +05:30 [INF] Request finished HTTP/1.1 GET http://localhost:5000/api/cars - 200 null application/json; charset=utf-8 1.5647ms
2026-01-26 16:34:23.136 +05:30 [INF] Executing OkObjectResult, writing value of type 'CarRental.API.Controllers.ApiResponse`1[[CarRental.Application.DTOs.Car.CarDto, CarRental.Application, Version=1.0.0.0, Culture=neutral, PublicKeyToken=null]]'.
2026-01-26 16:34:23.136 +05:30 [INF] Executed action CarRental.API.Controllers.CarsController.GetById (CarRental.API) in 1.1551ms
2026-01-26 16:34:23.137 +05:30 [INF] Executed endpoint 'CarRental.API.Controllers.CarsController.GetById (CarRental.API)'
2026-01-26 16:34:23.137 +05:30 [INF] Request finished HTTP/1.1 GET http://localhost:5000/api/cars/33333333-3333-3333-3333-333333333333 - 200 null application/json; charset=utf-8 2.7015ms
2026-01-26 16:34:23.145 +05:30 [INF] Request starting HTTP/1.1 GET http://localhost:5000/api/cars - null null
2026-01-26 16:34:23.146 +05:30 [INF] Executing endpoint 'CarRental.API.Controllers.CarsController.GetAll (CarRental.API)'
2026-01-26 16:34:23.146 +05:30 [INF] Route matched with {action = "GetAll", controller = "Cars"}. Executing controller action with signature System.Threading.Tasks.Task`1[Microsoft.AspNetCore.Mvc.IActionResult] GetAll(System.Threading.CancellationToken) on controller CarRental.API.Controllers.CarsController (CarRental.API).
2026-01-26 16:34:23.146 +05:30 [INF] Getting all cars
2026-01-26 16:34:23.146 +05:30 [INF] Executed DbCommand (0ms) [Parameters=[], CommandType='"Text"', CommandTimeout='30']
SELECT "c"."Id", "c"."Category", "c"."Color", "c"."CreatedAt", "c"."CreatedBy", "c"."DailyRate", "c"."Description", "c"."FuelType", "c"."HasAirConditioning", "c"."HasGPS", "c"."ImageUrl", "c"."LicensePlate", "c"."Make", "c"."Mileage", "c"."Model", "c"."SeatingCapacity", "c"."Status", "c"."Transmission", "c"."UpdatedAt", "c"."UpdatedBy", "c"."Year"
FROM "Cars" AS "c"
2026-01-26 16:34:23.147 +05:30 [INF] Executing OkObjectResult, writing value of type 'CarRental.API.Controllers.ApiResponse`1[[System.Collections.Generic.IEnumerable`1[[CarRental.Application.DTOs.Car.CarDto, CarRental.Application, Version=1.0.0.0, Culture=neutral, PublicKeyToken=null]], System.Private.CoreLib, Version=8.0.0.0, Culture=neutral, PublicKeyToken=7cec85d7bea7798e]]'.
2026-01-26 16:34:23.147 +05:30 [INF] Executed action CarRental.API.Controllers.CarsController.GetAll (CarRental.API) in 0.7293ms
2026-01-26 16:34:23.147 +05:30 [INF] Executed endpoint 'CarRental.API.Controllers.CarsController.GetAll (CarRental.API)'
2026-01-26 16:34:23.147 +05:30 [INF] Request finished HTTP/1.1 GET http://localhost:5000/api/cars - 200 null application/json; charset=utf-8 1.3506ms
2026-01-26 16:34:23.151 +05:30 [INF] Request starting HTTP/1.1 GET http://localhost:5000/api/cars - null null
2026-01-26 16:34:23.151 +05:30 [INF] Executing endpoint 'CarRental.API.Controllers.CarsController.GetAll (CarRental.API)'
2026-01-26 16:34:23.151 +05:30 [INF] Route matched with {action = "GetAll", controller = "Cars"}. Executing controller action with signature System.Threading.Tasks.Task`1[Microsoft.AspNetCore.Mvc.IActionResult] GetAll(System.Threading.CancellationToken) on controller CarRental.API.Controllers.CarsController (CarRental.API).
2026-01-26 16:34:23.151 +05:30 [INF] Getting all cars
2026-01-26 16:34:23.152 +05:30 [INF] Executed DbCommand (0ms) [Parameters=[], CommandType='"Text"', CommandTimeout='30']
SELECT "c"."Id", "c"."Category", "c"."Color", "c"."CreatedAt", "c"."CreatedBy", "c"."DailyRate", "c"."Description", "c"."FuelType", "c"."HasAirConditioning", "c"."HasGPS", "c"."ImageUrl", "c"."LicensePlate", "c"."Make", "c"."Mileage", "c"."Model", "c"."SeatingCapacity", "c"."Status", "c"."Transmission", "c"."UpdatedAt", "c"."UpdatedBy", "c"."Year"
FROM "Cars" AS "c"
2026-01-26 16:34:23.152 +05:30 [INF] Executing OkObjectResult, writing value of type 'CarRental.API.Controllers.ApiResponse`1[[System.Collections.Generic.IEnumerable`1[[CarRental.Application.DTOs.Car.CarDto, CarRental.Application, Version=1.0.0.0, Culture=neutral, PublicKeyToken=null]], System.Private.CoreLib, Version=8.0.0.0, Culture=neutral, PublicKeyToken=7cec85d7bea7798e]]'.
2026-01-26 16:34:23.152 +05:30 [INF] Executed action CarRental.API.Controllers.CarsController.GetAll (CarRental.API) in 1.1003ms
2026-01-26 16:34:23.152 +05:30 [INF] Executed endpoint 'CarRental.API.Controllers.CarsController.GetAll (CarRental.API)'
2026-01-26 16:34:23.153 +05:30 [INF] Request finished HTTP/1.1 GET http://localhost:5000/api/cars - 200 null application/json; charset=utf-8 1.7197ms
2026-01-26 16:34:23.155 +05:30 [INF] Request starting HTTP/1.1 GET http://localhost:5000/api/cars - null null
2026-01-26 16:34:23.155 +05:30 [INF] Executing endpoint 'CarRental.API.Controllers.CarsController.GetAll (CarRental.API)'
2026-01-26 16:34:23.155 +05:30 [INF] Route matched with {action = "GetAll", controller = "Cars"}. Executing controller action with signature System.Threading.Tasks.Task`1[Microsoft.AspNetCore.Mvc.IActionResult] GetAll(System.Threading.CancellationToken) on controller CarRental.API.Controllers.CarsController (CarRental.API).
2026-01-26 16:34:23.155 +05:30 [INF] Getting all cars
2026-01-26 16:34:23.156 +05:30 [INF] Executed DbCommand (0ms) [Parameters=[], CommandType='"Text"', CommandTimeout='30']
SELECT "c"."Id", "c"."Category", "c"."Color", "c"."CreatedAt", "c"."CreatedBy", "c"."DailyRate", "c"."Description", "c"."FuelType", "c"."HasAirConditioning", "c"."HasGPS", "c"."ImageUrl", "c"."LicensePlate", "c"."Make", "c"."Mileage", "c"."Model", "c"."SeatingCapacity", "c"."Status", "c"."Transmission", "c"."UpdatedAt", "c"."UpdatedBy", "c"."Year"
FROM "Cars" AS "c"
2026-01-26 16:34:23.156 +05:30 [INF] Executing OkObjectResult, writing value of type 'CarRental.API.Controllers.ApiResponse`1[[System.Collections.Generic.IEnumerable`1[[CarRental.Application.DTOs.Car.CarDto, CarRental.Application, Version=1.0.0.0, Culture=neutral, PublicKeyToken=null]], System.Private.CoreLib, Version=8.0.0.0, Culture=neutral, PublicKeyToken=7cec85d7bea7798e]]'.
2026-01-26 16:34:23.157 +05:30 [INF] Executed action CarRental.API.Controllers.CarsController.GetAll (CarRental.API) in 1.4425ms
2026-01-26 16:34:23.157 +05:30 [INF] Executed endpoint 'CarRental.API.Controllers.CarsController.GetAll (CarRental.API)'
2026-01-26 16:34:23.157 +05:30 [INF] Request finished HTTP/1.1 GET http://localhost:5000/api/cars - 200 null application/json; charset=utf-8 2.0139ms
2026-01-26 16:34:23.172 +05:30 [INF] Request starting HTTP/1.1 GET http://localhost:5000/api/cars - null null
2026-01-26 16:34:23.173 +05:30 [INF] Executing endpoint 'CarRental.API.Controllers.CarsController.GetAll (CarRental.API)'
2026-01-26 16:34:23.173 +05:30 [INF] Route matched with {action = "GetAll", controller = "Cars"}. Executing controller action with signature System.Threading.Tasks.Task`1[Microsoft.AspNetCore.Mvc.IActionResult] GetAll(System.Threading.CancellationToken) on controller CarRental.API.Controllers.CarsController (CarRental.API).
2026-01-26 16:34:23.173 +05:30 [INF] Getting all cars
2026-01-26 16:34:23.173 +05:30 [INF] Executed DbCommand (0ms) [Parameters=[], CommandType='"Text"', CommandTimeout='30']
SELECT "c"."Id", "c"."Category", "c"."Color", "c"."CreatedAt", "c"."CreatedBy", "c"."DailyRate", "c"."Description", "c"."FuelType", "c"."HasAirConditioning", "c"."HasGPS", "c"."ImageUrl", "c"."LicensePlate", "c"."Make", "c"."Mileage", "c"."Model", "c"."SeatingCapacity", "c"."Status", "c"."Transmission", "c"."UpdatedAt", "c"."UpdatedBy", "c"."Year"
FROM "Cars" AS "c"
2026-01-26 16:34:23.173 +05:30 [INF] Executing OkObjectResult, writing value of type 'CarRental.API.Controllers.ApiResponse`1[[System.Collections.Generic.IEnumerable`1[[CarRental.Application.DTOs.Car.CarDto, CarRental.Application, Version=1.0.0.0, Culture=neutral, PublicKeyToken=null]], System.Private.CoreLib, Version=8.0.0.0, Culture=neutral, PublicKeyToken=7cec85d7bea7798e]]'.
2026-01-26 16:34:23.173 +05:30 [INF] Executed action CarRental.API.Controllers.CarsController.GetAll (CarRental.API) in 0.4451ms
2026-01-26 16:34:23.173 +05:30 [INF] Executed endpoint 'CarRental.API.Controllers.CarsController.GetAll (CarRental.API)'
2026-01-26 16:34:23.173 +05:30 [INF] Request finished HTTP/1.1 GET http://localhost:5000/api/cars - 200 null application/json; charset=utf-8 0.7036ms
2026-01-26 16:34:23.174 +05:30 [INF] Request starting HTTP/1.1 GET http://localhost:5000/api/cars - null null
2026-01-26 16:34:23.174 +05:30 [INF] Executing endpoint 'CarRental.API.Controllers.CarsController.GetAll (CarRental.API)'
2026-01-26 16:34:23.174 +05:30 [INF] Route matched with {action = "GetAll", controller = "Cars"}. Executing controller action with signature System.Threading.Tasks.Task`1[Microsoft.AspNetCore.Mvc.IActionResult] GetAll(System.Threading.CancellationToken) on controller CarRental.API.Controllers.CarsController (CarRental.API).
2026-01-26 16:34:23.174 +05:30 [INF] Getting all cars
2026-01-26 16:34:23.174 +05:30 [INF] Executed DbCommand (0ms) [Parameters=[], CommandType='"Text"', CommandTimeout='30']
SELECT "c"."Id", "c"."Category", "c"."Color", "c"."CreatedAt", "c"."CreatedBy", "c"."DailyRate", "c"."Description", "c"."FuelType", "c"."HasAirConditioning", "c"."HasGPS", "c"."ImageUrl", "c"."LicensePlate", "c"."Make", "c"."Mileage", "c"."Model", "c"."SeatingCapacity", "c"."Status", "c"."Transmission", "c"."UpdatedAt", "c"."UpdatedBy", "c"."Year"
FROM "Cars" AS "c"
2026-01-26 16:34:23.174 +05:30 [INF] Executing OkObjectResult, writing value of type 'CarRental.API.Controllers.ApiResponse`1[[System.Collections.Generic.IEnumerable`1[[CarRental.Application.DTOs.Car.CarDto, CarRental.Application, Version=1.0.0.0, Culture=neutral, PublicKeyToken=null]], System.Private.CoreLib, Version=8.0.0.0, Culture=neutral, PublicKeyToken=7cec85d7bea7798e]]'.
2026-01-26 16:34:23.174 +05:30 [INF] Executed action CarRental.API.Controllers.CarsController.GetAll (CarRental.API) in 0.3149ms
2026-01-26 16:34:23.174 +05:30 [INF] Executed endpoint 'CarRental.API.Controllers.CarsController.GetAll (CarRental.API)'
2026-01-26 16:34:23.174 +05:30 [INF] Request finished HTTP/1.1 GET http://localhost:5000/api/cars - 200 null application/json; charset=utf-8 0.507ms
2026-01-26 22:54:36.146 +05:30 [INF] Request starting HTTP/1.1 GET http://localhost:5000/api/cars/33333333-3333-3333-3333-333333333333 - null null
2026-01-26 22:54:36.156 +05:30 [INF] Executing endpoint 'CarRental.API.Controllers.CarsController.GetById (CarRental.API)'
2026-01-26 22:54:36.157 +05:30 [INF] Route matched with {action = "GetById", controller = "Cars"}. Executing controller action with signature System.Threading.Tasks.Task`1[Microsoft.AspNetCore.Mvc.IActionResult] GetById(System.Guid, System.Threading.CancellationToken) on controller CarRental.API.Controllers.CarsController (CarRental.API).
2026-01-26 22:54:36.183 +05:30 [INF] Request starting HTTP/1.1 GET http://localhost:5000/api/cars - null null
2026-01-26 22:54:36.187 +05:30 [INF] Executing endpoint 'CarRental.API.Controllers.CarsController.GetAll (CarRental.API)'
2026-01-26 22:54:36.188 +05:30 [INF] Route matched with {action = "GetAll", controller = "Cars"}. Executing controller action with signature System.Threading.Tasks.Task`1[Microsoft.AspNetCore.Mvc.IActionResult] GetAll(System.Threading.CancellationToken) on controller CarRental.API.Controllers.CarsController (CarRental.API).
2026-01-26 22:54:36.207 +05:30 [INF] Getting all cars
2026-01-26 22:54:36.216 +05:30 [INF] Getting car with ID: "33333333-3333-3333-3333-333333333333"
2026-01-26 22:54:36.244 +05:30 [INF] Executed DbCommand (4ms) [Parameters=[], CommandType='"Text"', CommandTimeout='30']
SELECT "c"."Id", "c"."Category", "c"."Color", "c"."CreatedAt", "c"."CreatedBy", "c"."DailyRate", "c"."Description", "c"."FuelType", "c"."HasAirConditioning", "c"."HasGPS", "c"."ImageUrl", "c"."LicensePlate", "c"."Make", "c"."Mileage", "c"."Model", "c"."SeatingCapacity", "c"."Status", "c"."Transmission", "c"."UpdatedAt", "c"."UpdatedBy", "c"."Year"
FROM "Cars" AS "c"
2026-01-26 22:54:36.249 +05:30 [INF] Executing OkObjectResult, writing value of type 'CarRental.API.Controllers.ApiResponse`1[[System.Collections.Generic.IEnumerable`1[[CarRental.Application.DTOs.Car.CarDto, CarRental.Application, Version=1.0.0.0, Culture=neutral, PublicKeyToken=null]], System.Private.CoreLib, Version=8.0.0.0, Culture=neutral, PublicKeyToken=7cec85d7bea7798e]]'.
2026-01-26 22:54:36.256 +05:30 [INF] Executed action CarRental.API.Controllers.CarsController.GetAll (CarRental.API) in 68.185ms
2026-01-26 22:54:36.256 +05:30 [INF] Executed DbCommand (0ms) [Parameters=[@__get_Item_0='?' (DbType = Guid)], CommandType='"Text"', CommandTimeout='30']
SELECT "c"."Id", "c"."Category", "c"."Color", "c"."CreatedAt", "c"."CreatedBy", "c"."DailyRate", "c"."Description", "c"."FuelType", "c"."HasAirConditioning", "c"."HasGPS", "c"."ImageUrl", "c"."LicensePlate", "c"."Make", "c"."Mileage", "c"."Model", "c"."SeatingCapacity", "c"."Status", "c"."Transmission", "c"."UpdatedAt", "c"."UpdatedBy", "c"."Year"
FROM "Cars" AS "c"
WHERE "c"."Id" = @__get_Item_0
LIMIT 1
2026-01-26 22:54:36.256 +05:30 [INF] Executed endpoint 'CarRental.API.Controllers.CarsController.GetAll (CarRental.API)'
2026-01-26 22:54:36.257 +05:30 [INF] Request finished HTTP/1.1 GET http://localhost:5000/api/cars - 200 null application/json; charset=utf-8 73.723ms
2026-01-26 22:54:36.258 +05:30 [INF] Executing OkObjectResult, writing value of type 'CarRental.API.Controllers.ApiResponse`1[[CarRental.Application.DTOs.Car.CarDto, CarRental.Application, Version=1.0.0.0, Culture=neutral, PublicKeyToken=null]]'.
2026-01-26 22:54:36.259 +05:30 [INF] Executed action CarRental.API.Controllers.CarsController.GetById (CarRental.API) in 101.0312ms
2026-01-26 22:54:36.259 +05:30 [INF] Executed endpoint 'CarRental.API.Controllers.CarsController.GetById (CarRental.API)'
2026-01-26 22:54:36.260 +05:30 [INF] Request finished HTTP/1.1 GET http://localhost:5000/api/cars/33333333-3333-3333-3333-333333333333 - 200 null application/json; charset=utf-8 114.7643ms
2026-01-26 22:54:36.269 +05:30 [INF] Request starting HTTP/1.1 GET http://localhost:5000/api/cars - null null
2026-01-26 22:54:36.270 +05:30 [INF] Executing endpoint 'CarRental.API.Controllers.CarsController.GetAll (CarRental.API)'
2026-01-26 22:54:36.270 +05:30 [INF] Route matched with {action = "GetAll", controller = "Cars"}. Executing controller action with signature System.Threading.Tasks.Task`1[Microsoft.AspNetCore.Mvc.IActionResult] GetAll(System.Threading.CancellationToken) on controller CarRental.API.Controllers.CarsController (CarRental.API).
2026-01-26 22:54:36.271 +05:30 [INF] Getting all cars
2026-01-26 22:54:36.272 +05:30 [INF] Executed DbCommand (0ms) [Parameters=[], CommandType='"Text"', CommandTimeout='30']
SELECT "c"."Id", "c"."Category", "c"."Color", "c"."CreatedAt", "c"."CreatedBy", "c"."DailyRate", "c"."Description", "c"."FuelType", "c"."HasAirConditioning", "c"."HasGPS", "c"."ImageUrl", "c"."LicensePlate", "c"."Make", "c"."Mileage", "c"."Model", "c"."SeatingCapacity", "c"."Status", "c"."Transmission", "c"."UpdatedAt", "c"."UpdatedBy", "c"."Year"
FROM "Cars" AS "c"
2026-01-26 22:54:36.273 +05:30 [INF] Executing OkObjectResult, writing value of type 'CarRental.API.Controllers.ApiResponse`1[[System.Collections.Generic.IEnumerable`1[[CarRental.Application.DTOs.Car.CarDto, CarRental.Application, Version=1.0.0.0, Culture=neutral, PublicKeyToken=null]], System.Private.CoreLib, Version=8.0.0.0, Culture=neutral, PublicKeyToken=7cec85d7bea7798e]]'.
2026-01-26 22:54:36.275 +05:30 [INF] Executed action CarRental.API.Controllers.CarsController.GetAll (CarRental.API) in 4.6044ms
2026-01-26 22:54:36.275 +05:30 [INF] Executed endpoint 'CarRental.API.Controllers.CarsController.GetAll (CarRental.API)'
2026-01-26 22:54:36.275 +05:30 [INF] Request finished HTTP/1.1 GET http://localhost:5000/api/cars - 200 null application/json; charset=utf-8 5.8924ms
2026-01-26 22:54:36.286 +05:30 [INF] Request starting HTTP/1.1 GET http://localhost:5000/api/cars/33333333-3333-3333-3333-333333333333 - null null
2026-01-26 22:54:36.287 +05:30 [INF] Executing endpoint 'CarRental.API.Controllers.CarsController.GetById (CarRental.API)'
2026-01-26 22:54:36.287 +05:30 [INF] Route matched with {action = "GetById", controller = "Cars"}. Executing controller action with signature System.Threading.Tasks.Task`1[Microsoft.AspNetCore.Mvc.IActionResult] GetById(System.Guid, System.Threading.CancellationToken) on controller CarRental.API.Controllers.CarsController (CarRental.API).
2026-01-26 22:54:36.288 +05:30 [INF] Getting car with ID: "33333333-3333-3333-3333-333333333333"
2026-01-26 22:54:36.304 +05:30 [INF] Executed DbCommand (0ms) [Parameters=[@__get_Item_0='?' (DbType = Guid)], CommandType='"Text"', CommandTimeout='30']
SELECT "c"."Id", "c"."Category", "c"."Color", "c"."CreatedAt", "c"."CreatedBy", "c"."DailyRate", "c"."Description", "c"."FuelType", "c"."HasAirConditioning", "c"."HasGPS", "c"."ImageUrl", "c"."LicensePlate", "c"."Make", "c"."Mileage", "c"."Model", "c"."SeatingCapacity", "c"."Status", "c"."Transmission", "c"."UpdatedAt", "c"."UpdatedBy", "c"."Year"
FROM "Cars" AS "c"
WHERE "c"."Id" = @__get_Item_0
LIMIT 1
2026-01-26 22:54:36.305 +05:30 [INF] Executing OkObjectResult, writing value of type 'CarRental.API.Controllers.ApiResponse`1[[CarRental.Application.DTOs.Car.CarDto, CarRental.Application, Version=1.0.0.0, Culture=neutral, PublicKeyToken=null]]'.
2026-01-26 22:54:36.305 +05:30 [INF] Executed action CarRental.API.Controllers.CarsController.GetById (CarRental.API) in 17.3578ms
2026-01-26 22:54:36.305 +05:30 [INF] Executed endpoint 'CarRental.API.Controllers.CarsController.GetById (CarRental.API)'
2026-01-26 22:54:36.305 +05:30 [INF] Request finished HTTP/1.1 GET http://localhost:5000/api/cars/33333333-3333-3333-3333-333333333333 - 200 null application/json; charset=utf-8 19.64ms
2026-01-26 22:54:36.323 +05:30 [INF] Request starting HTTP/1.1 GET http://localhost:5000/api/cars - null null
2026-01-26 22:54:36.323 +05:30 [INF] Executing endpoint 'CarRental.API.Controllers.CarsController.GetAll (CarRental.API)'
2026-01-26 22:54:36.323 +05:30 [INF] Route matched with {action = "GetAll", controller = "Cars"}. Executing controller action with signature System.Threading.Tasks.Task`1[Microsoft.AspNetCore.Mvc.IActionResult] GetAll(System.Threading.CancellationToken) on controller CarRental.API.Controllers.CarsController (CarRental.API).
2026-01-26 22:54:36.324 +05:30 [INF] Getting all cars
2026-01-26 22:54:36.324 +05:30 [INF] Executed DbCommand (0ms) [Parameters=[], CommandType='"Text"', CommandTimeout='30']
SELECT "c"."Id", "c"."Category", "c"."Color", "c"."CreatedAt", "c"."CreatedBy", "c"."DailyRate", "c"."Description", "c"."FuelType", "c"."HasAirConditioning", "c"."HasGPS", "c"."ImageUrl", "c"."LicensePlate", "c"."Make", "c"."Mileage", "c"."Model", "c"."SeatingCapacity", "c"."Status", "c"."Transmission", "c"."UpdatedAt", "c"."UpdatedBy", "c"."Year"
FROM "Cars" AS "c"
2026-01-26 22:54:36.325 +05:30 [INF] Executing OkObjectResult, writing value of type 'CarRental.API.Controllers.ApiResponse`1[[System.Collections.Generic.IEnumerable`1[[CarRental.Application.DTOs.Car.CarDto, CarRental.Application, Version=1.0.0.0, Culture=neutral, PublicKeyToken=null]], System.Private.CoreLib, Version=8.0.0.0, Culture=neutral, PublicKeyToken=7cec85d7bea7798e]]'.
2026-01-26 22:54:36.325 +05:30 [INF] Executed action CarRental.API.Controllers.CarsController.GetAll (CarRental.API) in 1.6418ms
2026-01-26 22:54:36.325 +05:30 [INF] Executed endpoint 'CarRental.API.Controllers.CarsController.GetAll (CarRental.API)'
2026-01-26 22:54:36.325 +05:30 [INF] Request finished HTTP/1.1 GET http://localhost:5000/api/cars - 200 null application/json; charset=utf-8 2.306ms
2026-01-26 22:54:36.329 +05:30 [INF] Request starting HTTP/1.1 GET http://localhost:5000/api/cars - null null
2026-01-26 22:54:36.330 +05:30 [INF] Executing endpoint 'CarRental.API.Controllers.CarsController.GetAll (CarRental.API)'
2026-01-26 22:54:36.330 +05:30 [INF] Route matched with {action = "GetAll", controller = "Cars"}. Executing controller action with signature System.Threading.Tasks.Task`1[Microsoft.AspNetCore.Mvc.IActionResult] GetAll(System.Threading.CancellationToken) on controller CarRental.API.Controllers.CarsController (CarRental.API).
2026-01-26 22:54:36.331 +05:30 [INF] Getting all cars
2026-01-26 22:54:36.332 +05:30 [INF] Executed DbCommand (0ms) [Parameters=[], CommandType='"Text"', CommandTimeout='30']
SELECT "c"."Id", "c"."Category", "c"."Color", "c"."CreatedAt", "c"."CreatedBy", "c"."DailyRate", "c"."Description", "c"."FuelType", "c"."HasAirConditioning", "c"."HasGPS", "c"."ImageUrl", "c"."LicensePlate", "c"."Make", "c"."Mileage", "c"."Model", "c"."SeatingCapacity", "c"."Status", "c"."Transmission", "c"."UpdatedAt", "c"."UpdatedBy", "c"."Year"
FROM "Cars" AS "c"
2026-01-26 22:54:36.332 +05:30 [INF] Executing OkObjectResult, writing value of type 'CarRental.API.Controllers.ApiResponse`1[[System.Collections.Generic.IEnumerable`1[[CarRental.Application.DTOs.Car.CarDto, CarRental.Application, Version=1.0.0.0, Culture=neutral, PublicKeyToken=null]], System.Private.CoreLib, Version=8.0.0.0, Culture=neutral, PublicKeyToken=7cec85d7bea7798e]]'.
2026-01-26 22:54:36.332 +05:30 [INF] Executed action CarRental.API.Controllers.CarsController.GetAll (CarRental.API) in 2.542ms
2026-01-26 22:54:36.333 +05:30 [INF] Executed endpoint 'CarRental.API.Controllers.CarsController.GetAll (CarRental.API)'
2026-01-26 22:54:36.333 +05:30 [INF] Request finished HTTP/1.1 GET http://localhost:5000/api/cars - 200 null application/json; charset=utf-8 3.7689ms
2026-01-26 22:54:36.338 +05:30 [INF] Request starting HTTP/1.1 GET http://localhost:5000/api/cars - null null
2026-01-26 22:54:36.339 +05:30 [INF] Executing endpoint 'CarRental.API.Controllers.CarsController.GetAll (CarRental.API)'
2026-01-26 22:54:36.339 +05:30 [INF] Route matched with {action = "GetAll", controller = "Cars"}. Executing controller action with signature System.Threading.Tasks.Task`1[Microsoft.AspNetCore.Mvc.IActionResult] GetAll(System.Threading.CancellationToken) on controller CarRental.API.Controllers.CarsController (CarRental.API).
2026-01-26 22:54:36.339 +05:30 [INF] Getting all cars
2026-01-26 22:54:36.344 +05:30 [INF] Executed DbCommand (2ms) [Parameters=[], CommandType='"Text"', CommandTimeout='30']
SELECT "c"."Id", "c"."Category", "c"."Color", "c"."CreatedAt", "c"."CreatedBy", "c"."DailyRate", "c"."Description", "c"."FuelType", "c"."HasAirConditioning", "c"."HasGPS", "c"."ImageUrl", "c"."LicensePlate", "c"."Make", "c"."Mileage", "c"."Model", "c"."SeatingCapacity", "c"."Status", "c"."Transmission", "c"."UpdatedAt", "c"."UpdatedBy", "c"."Year"
FROM "Cars" AS "c"
2026-01-26 22:54:36.345 +05:30 [INF] Executing OkObjectResult, writing value of type 'CarRental.API.Controllers.ApiResponse`1[[System.Collections.Generic.IEnumerable`1[[CarRental.Application.DTOs.Car.CarDto, CarRental.Application, Version=1.0.0.0, Culture=neutral, PublicKeyToken=null]], System.Private.CoreLib, Version=8.0.0.0, Culture=neutral, PublicKeyToken=7cec85d7bea7798e]]'.
2026-01-26 22:54:36.346 +05:30 [INF] Executed action CarRental.API.Controllers.CarsController.GetAll (CarRental.API) in 6.4695ms
2026-01-26 22:54:36.346 +05:30 [INF] Executed endpoint 'CarRental.API.Controllers.CarsController.GetAll (CarRental.API)'
2026-01-26 22:54:36.346 +05:30 [INF] Request finished HTTP/1.1 GET http://localhost:5000/api/cars - 200 null application/json; charset=utf-8 7.8637ms
2026-01-26 22:54:36.353 +05:30 [INF] Request starting HTTP/1.1 GET http://localhost:5000/api/cars - null null
2026-01-26 22:54:36.353 +05:30 [INF] Executing endpoint 'CarRental.API.Controllers.CarsController.GetAll (CarRental.API)'
2026-01-26 22:54:36.353 +05:30 [INF] Route matched with {action = "GetAll", controller = "Cars"}. Executing controller action with signature System.Threading.Tasks.Task`1[Microsoft.AspNetCore.Mvc.IActionResult] GetAll(System.Threading.CancellationToken) on controller CarRental.API.Controllers.CarsController (CarRental.API).
2026-01-26 22:54:36.354 +05:30 [INF] Getting all cars
2026-01-26 22:54:36.354 +05:30 [INF] Executed DbCommand (0ms) [Parameters=[], CommandType='"Text"', CommandTimeout='30']
SELECT "c"."Id", "c"."Category", "c"."Color", "c"."CreatedAt", "c"."CreatedBy", "c"."DailyRate", "c"."Description", "c"."FuelType", "c"."HasAirConditioning", "c"."HasGPS", "c"."ImageUrl", "c"."LicensePlate", "c"."Make", "c"."Mileage", "c"."Model", "c"."SeatingCapacity", "c"."Status", "c"."Transmission", "c"."UpdatedAt", "c"."UpdatedBy", "c"."Year"
FROM "Cars" AS "c"
2026-01-26 22:54:36.355 +05:30 [INF] Executing OkObjectResult, writing value of type 'CarRental.API.Controllers.ApiResponse`1[[System.Collections.Generic.IEnumerable`1[[CarRental.Application.DTOs.Car.CarDto, CarRental.Application, Version=1.0.0.0, Culture=neutral, PublicKeyToken=null]], System.Private.CoreLib, Version=8.0.0.0, Culture=neutral, PublicKeyToken=7cec85d7bea7798e]]'.
2026-01-26 22:54:36.355 +05:30 [INF] Executed action CarRental.API.Controllers.CarsController.GetAll (CarRental.API) in 1.7347ms
2026-01-26 22:54:36.355 +05:30 [INF] Executed endpoint 'CarRental.API.Controllers.CarsController.GetAll (CarRental.API)'
2026-01-26 22:54:36.355 +05:30 [INF] Request finished HTTP/1.1 GET http://localhost:5000/api/cars - 200 null application/json; charset=utf-8 2.5921ms
2026-01-26 22:54:36.365 +05:30 [INF] Request starting HTTP/1.1 GET http://localhost:5000/api/cars - null null
2026-01-26 22:54:36.365 +05:30 [INF] Executing endpoint 'CarRental.API.Controllers.CarsController.GetAll (CarRental.API)'
2026-01-26 22:54:36.365 +05:30 [INF] Route matched with {action = "GetAll", controller = "Cars"}. Executing controller action with signature System.Threading.Tasks.Task`1[Microsoft.AspNetCore.Mvc.IActionResult] GetAll(System.Threading.CancellationToken) on controller CarRental.API.Controllers.CarsController (CarRental.API).
2026-01-26 22:54:36.366 +05:30 [INF] Getting all cars
2026-01-26 22:54:36.366 +05:30 [INF] Executed DbCommand (0ms) [Parameters=[], CommandType='"Text"', CommandTimeout='30']
SELECT "c"."Id", "c"."Category", "c"."Color", "c"."CreatedAt", "c"."CreatedBy", "c"."DailyRate", "c"."Description", "c"."FuelType", "c"."HasAirConditioning", "c"."HasGPS", "c"."ImageUrl", "c"."LicensePlate", "c"."Make", "c"."Mileage", "c"."Model", "c"."SeatingCapacity", "c"."Status", "c"."Transmission", "c"."UpdatedAt", "c"."UpdatedBy", "c"."Year"
FROM "Cars" AS "c"
2026-01-26 22:54:36.366 +05:30 [INF] Executing OkObjectResult, writing value of type 'CarRental.API.Controllers.ApiResponse`1[[System.Collections.Generic.IEnumerable`1[[CarRental.Application.DTOs.Car.CarDto, CarRental.Application, Version=1.0.0.0, Culture=neutral, PublicKeyToken=null]], System.Private.CoreLib, Version=8.0.0.0, Culture=neutral, PublicKeyToken=7cec85d7bea7798e]]'.
2026-01-26 22:54:36.366 +05:30 [INF] Executed action CarRental.API.Controllers.CarsController.GetAll (CarRental.API) in 0.902ms
2026-01-26 22:54:36.366 +05:30 [INF] Executed endpoint 'CarRental.API.Controllers.CarsController.GetAll (CarRental.API)'
2026-01-26 22:54:36.366 +05:30 [INF] Request finished HTTP/1.1 GET http://localhost:5000/api/cars - 200 null application/json; charset=utf-8 1.3439ms
2026-01-26 22:54:36.368 +05:30 [INF] Request starting HTTP/1.1 GET http://localhost:5000/api/cars - null null
2026-01-26 22:54:36.368 +05:30 [INF] Executing endpoint 'CarRental.API.Controllers.CarsController.GetAll (CarRental.API)'
2026-01-26 22:54:36.368 +05:30 [INF] Route matched with {action = "GetAll", controller = "Cars"}. Executing controller action with signature System.Threading.Tasks.Task`1[Microsoft.AspNetCore.Mvc.IActionResult] GetAll(System.Threading.CancellationToken) on controller CarRental.API.Controllers.CarsController (CarRental.API).
2026-01-26 22:54:36.369 +05:30 [INF] Getting all cars
2026-01-26 22:54:36.369 +05:30 [INF] Executed DbCommand (0ms) [Parameters=[], CommandType='"Text"', CommandTimeout='30']
SELECT "c"."Id", "c"."Category", "c"."Color", "c"."CreatedAt", "c"."CreatedBy", "c"."DailyRate", "c"."Description", "c"."FuelType", "c"."HasAirConditioning", "c"."HasGPS", "c"."ImageUrl", "c"."LicensePlate", "c"."Make", "c"."Mileage", "c"."Model", "c"."SeatingCapacity", "c"."Status", "c"."Transmission", "c"."UpdatedAt", "c"."UpdatedBy", "c"."Year"
FROM "Cars" AS "c"
2026-01-26 22:54:36.369 +05:30 [INF] Executing OkObjectResult, writing value of type 'CarRental.API.Controllers.ApiResponse`1[[System.Collections.Generic.IEnumerable`1[[CarRental.Application.DTOs.Car.CarDto, CarRental.Application, Version=1.0.0.0, Culture=neutral, PublicKeyToken=null]], System.Private.CoreLib, Version=8.0.0.0, Culture=neutral, PublicKeyToken=7cec85d7bea7798e]]'.
2026-01-26 22:54:36.369 +05:30 [INF] Executed action CarRental.API.Controllers.CarsController.GetAll (CarRental.API) in 0.7239ms
2026-01-26 22:54:36.369 +05:30 [INF] Executed endpoint 'CarRental.API.Controllers.CarsController.GetAll (CarRental.API)'
2026-01-26 22:54:36.369 +05:30 [INF] Request finished HTTP/1.1 GET http://localhost:5000/api/cars - 200 null application/json; charset=utf-8 1.1151ms
