2026-01-29 08:48:26.511 +05:30 [INF] Executed DbCommand (4ms) [Parameters=[], CommandType='"Text"', CommandTimeout='30']
SELECT COUNT(*) FROM "sqlite_master" WHERE "type" = 'table' AND "rootpage" IS NOT NULL;
2026-01-29 08:48:26.535 +05:30 [INF] Car Rental API is starting...
2026-01-29 08:48:26.541 +05:30 [INF] User profile is available. Using '/Users/prashantkumar/.aspnet/DataProtection-Keys' as key repository; keys will not be encrypted at rest.
2026-01-29 08:48:26.555 +05:30 [INF] Now listening on: http://localhost:5000
2026-01-29 08:48:26.555 +05:30 [INF] Application started. Press Ctrl+C to shut down.
2026-01-29 08:48:26.555 +05:30 [INF] Hosting environment: Production
2026-01-29 08:48:26.555 +05:30 [INF] Content root path: /Users/prashantkumar/Desktop/CarRental-backend/backend/src/CarRental.API
2026-01-29 08:48:41.417 +05:30 [INF] Request starting HTTP/1.1 GET http://localhost:5000/index.html - null null
2026-01-29 08:48:41.439 +05:30 [WRN] Failed to determine the https port for redirect.
2026-01-29 08:48:41.455 +05:30 [INF] Request finished HTTP/1.1 GET http://localhost:5000/index.html - 404 0 null 38.3552ms
2026-01-29 08:48:41.460 +05:30 [INF] Request reached the end of the middleware pipeline without being handled by application code. Request path: GET http://localhost:5000/index.html, Response status code: 404
2026-01-29 08:48:41.462 +05:30 [INF] Request starting HTTP/1.1 GET http://localhost:5000/index.html - null null
2026-01-29 08:48:41.465 +05:30 [INF] Request finished HTTP/1.1 GET http://localhost:5000/index.html - 404 0 null 3.3783ms
2026-01-29 08:48:41.466 +05:30 [INF] Request reached the end of the middleware pipeline without being handled by application code. Request path: GET http://localhost:5000/index.html, Response status code: 404
2026-01-29 08:49:07.276 +05:30 [INF] Request starting HTTP/1.1 GET http://localhost:5000/swagger/index.html - null null
2026-01-29 08:49:07.313 +05:30 [INF] Request finished HTTP/1.1 GET http://localhost:5000/swagger/index.html - 200 null text/html;charset=utf-8 36.8726ms
2026-01-29 08:49:07.379 +05:30 [INF] Request starting HTTP/1.1 GET http://localhost:5000/swagger/v1/swagger.json - null null
2026-01-29 08:49:07.434 +05:30 [INF] Request finished HTTP/1.1 GET http://localhost:5000/swagger/v1/swagger.json - 200 null application/json;charset=utf-8 54.5824ms
2026-01-29 08:49:10.058 +05:30 [INF] Request starting HTTP/1.1 GET http://localhost:5000/api/Rentals/customer/22222222-2222-2222-2222-222222222222 - null null
2026-01-29 08:49:10.095 +05:30 [INF] Executing endpoint 'CarRental.API.Controllers.RentalsController.GetByCustomer (CarRental.API)'
2026-01-29 08:49:10.103 +05:30 [INF] Route matched with {action = "GetByCustomer", controller = "Rentals"}. Executing controller action with signature System.Threading.Tasks.Task`1[Microsoft.AspNetCore.Mvc.IActionResult] GetByCustomer(System.Guid, System.Threading.CancellationToken) on controller CarRental.API.Controllers.RentalsController (CarRental.API).
2026-01-29 08:49:10.110 +05:30 [INF] Getting rentals for customer: "22222222-2222-2222-2222-222222222222"
2026-01-29 08:49:10.206 +05:30 [INF] Executed DbCommand (2ms) [Parameters=[@__customerId_0='?' (DbType = Guid)], CommandType='"Text"', CommandTimeout='30']
SELECT "r"."Id", "r"."ActualReturnDate", "r"."CarId", "r"."CreatedAt", "r"."CreatedBy", "r"."CustomerId", "r"."DailyRate", "r"."DamageCharges", "r"."EndDate", "r"."LateFee", "r"."Notes", "r"."OdometerAtPickup", "r"."OdometerAtReturn", "r"."PickupLocation", "r"."ReturnLocation", "r"."StartDate", "r"."Status", "r"."TotalCost", "r"."UpdatedAt", "r"."UpdatedBy", "c"."Id", "c"."Category", "c"."Color", "c"."CreatedAt", "c"."CreatedBy", "c"."DailyRate", "c"."Description", "c"."FuelType", "c"."HasAirConditioning", "c"."HasGPS", "c"."ImageUrl", "c"."LicensePlate", "c"."Make", "c"."Mileage", "c"."Model", "c"."SeatingCapacity", "c"."Status", "c"."Transmission", "c"."UpdatedAt", "c"."UpdatedBy", "c"."Year", "u"."Id", "u"."City", "u"."Country", "u"."CreatedAt", "u"."CreatedBy", "u"."DateOfBirth", "u"."DriversLicenseExpiry", "u"."DriversLicenseNumber", "u"."Email", "u"."FirstName", "u"."IsActive", "u"."LastLoginAt", "u"."LastName", "u"."PasswordHash", "u"."PhoneNumber", "u"."PostalCode", "u"."Role", "u"."State", "u"."Street", "u"."UpdatedAt", "u"."UpdatedBy"
FROM "Rentals" AS "r"
INNER JOIN "Cars" AS "c" ON "r"."CarId" = "c"."Id"
INNER JOIN "Users" AS "u" ON "r"."CustomerId" = "u"."Id"
WHERE "r"."CustomerId" = @__customerId_0
ORDER BY "r"."CreatedAt" DESC
2026-01-29 08:49:10.248 +05:30 [INF] Executing OkObjectResult, writing value of type 'CarRental.API.Controllers.ApiResponse`1[[System.Collections.Generic.IEnumerable`1[[CarRental.Application.DTOs.Rental.RentalDto, CarRental.Application, Version=1.0.0.0, Culture=neutral, PublicKeyToken=null]], System.Private.CoreLib, Version=8.0.0.0, Culture=neutral, PublicKeyToken=7cec85d7bea7798e]]'.
2026-01-29 08:49:10.256 +05:30 [INF] Executed action CarRental.API.Controllers.RentalsController.GetByCustomer (CarRental.API) in 152.6846ms
2026-01-29 08:49:10.256 +05:30 [INF] Executed endpoint 'CarRental.API.Controllers.RentalsController.GetByCustomer (CarRental.API)'
2026-01-29 08:49:10.257 +05:30 [INF] Request finished HTTP/1.1 GET http://localhost:5000/api/Rentals/customer/22222222-2222-2222-2222-222222222222 - 200 null application/json; charset=utf-8 199.2284ms
2026-01-29 08:49:10.258 +05:30 [INF] Request starting HTTP/1.1 GET http://localhost:5000/api/Rentals/customer/22222222-2222-2222-2222-222222222222 - null null
2026-01-29 08:49:10.259 +05:30 [INF] Executing endpoint 'CarRental.API.Controllers.RentalsController.GetByCustomer (CarRental.API)'
2026-01-29 08:49:10.259 +05:30 [INF] Route matched with {action = "GetByCustomer", controller = "Rentals"}. Executing controller action with signature System.Threading.Tasks.Task`1[Microsoft.AspNetCore.Mvc.IActionResult] GetByCustomer(System.Guid, System.Threading.CancellationToken) on controller CarRental.API.Controllers.RentalsController (CarRental.API).
2026-01-29 08:49:10.260 +05:30 [INF] Getting rentals for customer: "22222222-2222-2222-2222-222222222222"
2026-01-29 08:49:10.273 +05:30 [INF] Executed DbCommand (0ms) [Parameters=[@__customerId_0='?' (DbType = Guid)], CommandType='"Text"', CommandTimeout='30']
SELECT "r"."Id", "r"."ActualReturnDate", "r"."CarId", "r"."CreatedAt", "r"."CreatedBy", "r"."CustomerId", "r"."DailyRate", "r"."DamageCharges", "r"."EndDate", "r"."LateFee", "r"."Notes", "r"."OdometerAtPickup", "r"."OdometerAtReturn", "r"."PickupLocation", "r"."ReturnLocation", "r"."StartDate", "r"."Status", "r"."TotalCost", "r"."UpdatedAt", "r"."UpdatedBy", "c"."Id", "c"."Category", "c"."Color", "c"."CreatedAt", "c"."CreatedBy", "c"."DailyRate", "c"."Description", "c"."FuelType", "c"."HasAirConditioning", "c"."HasGPS", "c"."ImageUrl", "c"."LicensePlate", "c"."Make", "c"."Mileage", "c"."Model", "c"."SeatingCapacity", "c"."Status", "c"."Transmission", "c"."UpdatedAt", "c"."UpdatedBy", "c"."Year", "u"."Id", "u"."City", "u"."Country", "u"."CreatedAt", "u"."CreatedBy", "u"."DateOfBirth", "u"."DriversLicenseExpiry", "u"."DriversLicenseNumber", "u"."Email", "u"."FirstName", "u"."IsActive", "u"."LastLoginAt", "u"."LastName", "u"."PasswordHash", "u"."PhoneNumber", "u"."PostalCode", "u"."Role", "u"."State", "u"."Street", "u"."UpdatedAt", "u"."UpdatedBy"
FROM "Rentals" AS "r"
INNER JOIN "Cars" AS "c" ON "r"."CarId" = "c"."Id"
INNER JOIN "Users" AS "u" ON "r"."CustomerId" = "u"."Id"
WHERE "r"."CustomerId" = @__customerId_0
ORDER BY "r"."CreatedAt" DESC
2026-01-29 08:49:10.274 +05:30 [INF] Executing OkObjectResult, writing value of type 'CarRental.API.Controllers.ApiResponse`1[[System.Collections.Generic.IEnumerable`1[[CarRental.Application.DTOs.Rental.RentalDto, CarRental.Application, Version=1.0.0.0, Culture=neutral, PublicKeyToken=null]], System.Private.CoreLib, Version=8.0.0.0, Culture=neutral, PublicKeyToken=7cec85d7bea7798e]]'.
2026-01-29 08:49:10.274 +05:30 [INF] Executed action CarRental.API.Controllers.RentalsController.GetByCustomer (CarRental.API) in 14.4048ms
2026-01-29 08:49:10.274 +05:30 [INF] Executed endpoint 'CarRental.API.Controllers.RentalsController.GetByCustomer (CarRental.API)'
2026-01-29 08:49:10.274 +05:30 [INF] Request finished HTTP/1.1 GET http://localhost:5000/api/Rentals/customer/22222222-2222-2222-2222-222222222222 - 200 null application/json; charset=utf-8 15.8333ms
2026-01-29 08:49:13.100 +05:30 [INF] Request starting HTTP/1.1 GET http://localhost:5000/api/Rentals/customer/22222222-2222-2222-2222-222222222222 - null null
2026-01-29 08:49:13.104 +05:30 [INF] Executing endpoint 'CarRental.API.Controllers.RentalsController.GetByCustomer (CarRental.API)'
2026-01-29 08:49:13.104 +05:30 [INF] Route matched with {action = "GetByCustomer", controller = "Rentals"}. Executing controller action with signature System.Threading.Tasks.Task`1[Microsoft.AspNetCore.Mvc.IActionResult] GetByCustomer(System.Guid, System.Threading.CancellationToken) on controller CarRental.API.Controllers.RentalsController (CarRental.API).
2026-01-29 08:49:13.109 +05:30 [INF] Getting rentals for customer: "22222222-2222-2222-2222-222222222222"
2026-01-29 08:49:13.113 +05:30 [INF] Executed DbCommand (0ms) [Parameters=[@__customerId_0='?' (DbType = Guid)], CommandType='"Text"', CommandTimeout='30']
SELECT "r"."Id", "r"."ActualReturnDate", "r"."CarId", "r"."CreatedAt", "r"."CreatedBy", "r"."CustomerId", "r"."DailyRate", "r"."DamageCharges", "r"."EndDate", "r"."LateFee", "r"."Notes", "r"."OdometerAtPickup", "r"."OdometerAtReturn", "r"."PickupLocation", "r"."ReturnLocation", "r"."StartDate", "r"."Status", "r"."TotalCost", "r"."UpdatedAt", "r"."UpdatedBy", "c"."Id", "c"."Category", "c"."Color", "c"."CreatedAt", "c"."CreatedBy", "c"."DailyRate", "c"."Description", "c"."FuelType", "c"."HasAirConditioning", "c"."HasGPS", "c"."ImageUrl", "c"."LicensePlate", "c"."Make", "c"."Mileage", "c"."Model", "c"."SeatingCapacity", "c"."Status", "c"."Transmission", "c"."UpdatedAt", "c"."UpdatedBy", "c"."Year", "u"."Id", "u"."City", "u"."Country", "u"."CreatedAt", "u"."CreatedBy", "u"."DateOfBirth", "u"."DriversLicenseExpiry", "u"."DriversLicenseNumber", "u"."Email", "u"."FirstName", "u"."IsActive", "u"."LastLoginAt", "u"."LastName", "u"."PasswordHash", "u"."PhoneNumber", "u"."PostalCode", "u"."Role", "u"."State", "u"."Street", "u"."UpdatedAt", "u"."UpdatedBy"
FROM "Rentals" AS "r"
INNER JOIN "Cars" AS "c" ON "r"."CarId" = "c"."Id"
INNER JOIN "Users" AS "u" ON "r"."CustomerId" = "u"."Id"
WHERE "r"."CustomerId" = @__customerId_0
ORDER BY "r"."CreatedAt" DESC
2026-01-29 08:49:13.114 +05:30 [INF] Executing OkObjectResult, writing value of type 'CarRental.API.Controllers.ApiResponse`1[[System.Collections.Generic.IEnumerable`1[[CarRental.Application.DTOs.Rental.RentalDto, CarRental.Application, Version=1.0.0.0, Culture=neutral, PublicKeyToken=null]], System.Private.CoreLib, Version=8.0.0.0, Culture=neutral, PublicKeyToken=7cec85d7bea7798e]]'.
2026-01-29 08:49:13.115 +05:30 [INF] Executed action CarRental.API.Controllers.RentalsController.GetByCustomer (CarRental.API) in 10.7401ms
2026-01-29 08:49:13.115 +05:30 [INF] Executed endpoint 'CarRental.API.Controllers.RentalsController.GetByCustomer (CarRental.API)'
2026-01-29 08:49:13.115 +05:30 [INF] Request finished HTTP/1.1 GET http://localhost:5000/api/Rentals/customer/22222222-2222-2222-2222-222222222222 - 200 null application/json; charset=utf-8 15.6299ms
2026-01-29 08:49:13.119 +05:30 [INF] Request starting HTTP/1.1 GET http://localhost:5000/api/Rentals/customer/22222222-2222-2222-2222-222222222222 - null null
2026-01-29 08:49:13.120 +05:30 [INF] Executing endpoint 'CarRental.API.Controllers.RentalsController.GetByCustomer (CarRental.API)'
2026-01-29 08:49:13.120 +05:30 [INF] Route matched with {action = "GetByCustomer", controller = "Rentals"}. Executing controller action with signature System.Threading.Tasks.Task`1[Microsoft.AspNetCore.Mvc.IActionResult] GetByCustomer(System.Guid, System.Threading.CancellationToken) on controller CarRental.API.Controllers.RentalsController (CarRental.API).
2026-01-29 08:49:13.121 +05:30 [INF] Getting rentals for customer: "22222222-2222-2222-2222-222222222222"
2026-01-29 08:49:13.122 +05:30 [INF] Executed DbCommand (0ms) [Parameters=[@__customerId_0='?' (DbType = Guid)], CommandType='"Text"', CommandTimeout='30']
SELECT "r"."Id", "r"."ActualReturnDate", "r"."CarId", "r"."CreatedAt", "r"."CreatedBy", "r"."CustomerId", "r"."DailyRate", "r"."DamageCharges", "r"."EndDate", "r"."LateFee", "r"."Notes", "r"."OdometerAtPickup", "r"."OdometerAtReturn", "r"."PickupLocation", "r"."ReturnLocation", "r"."StartDate", "r"."Status", "r"."TotalCost", "r"."UpdatedAt", "r"."UpdatedBy", "c"."Id", "c"."Category", "c"."Color", "c"."CreatedAt", "c"."CreatedBy", "c"."DailyRate", "c"."Description", "c"."FuelType", "c"."HasAirConditioning", "c"."HasGPS", "c"."ImageUrl", "c"."LicensePlate", "c"."Make", "c"."Mileage", "c"."Model", "c"."SeatingCapacity", "c"."Status", "c"."Transmission", "c"."UpdatedAt", "c"."UpdatedBy", "c"."Year", "u"."Id", "u"."City", "u"."Country", "u"."CreatedAt", "u"."CreatedBy", "u"."DateOfBirth", "u"."DriversLicenseExpiry", "u"."DriversLicenseNumber", "u"."Email", "u"."FirstName", "u"."IsActive", "u"."LastLoginAt", "u"."LastName", "u"."PasswordHash", "u"."PhoneNumber", "u"."PostalCode", "u"."Role", "u"."State", "u"."Street", "u"."UpdatedAt", "u"."UpdatedBy"
FROM "Rentals" AS "r"
INNER JOIN "Cars" AS "c" ON "r"."CarId" = "c"."Id"
INNER JOIN "Users" AS "u" ON "r"."CustomerId" = "u"."Id"
WHERE "r"."CustomerId" = @__customerId_0
ORDER BY "r"."CreatedAt" DESC
2026-01-29 08:49:13.123 +05:30 [INF] Executing OkObjectResult, writing value of type 'CarRental.API.Controllers.ApiResponse`1[[System.Collections.Generic.IEnumerable`1[[CarRental.Application.DTOs.Rental.RentalDto, CarRental.Application, Version=1.0.0.0, Culture=neutral, PublicKeyToken=null]], System.Private.CoreLib, Version=8.0.0.0, Culture=neutral, PublicKeyToken=7cec85d7bea7798e]]'.
2026-01-29 08:49:13.123 +05:30 [INF] Executed action CarRental.API.Controllers.RentalsController.GetByCustomer (CarRental.API) in 2.7744ms
2026-01-29 08:49:13.123 +05:30 [INF] Executed endpoint 'CarRental.API.Controllers.RentalsController.GetByCustomer (CarRental.API)'
2026-01-29 08:49:13.123 +05:30 [INF] Request finished HTTP/1.1 GET http://localhost:5000/api/Rentals/customer/22222222-2222-2222-2222-222222222222 - 200 null application/json; charset=utf-8 3.866ms
2026-01-29 08:49:42.408 +05:30 [INF] Request starting HTTP/1.1 GET http://localhost:5000/api/Cars - null null
2026-01-29 08:49:42.409 +05:30 [INF] Executing endpoint 'CarRental.API.Controllers.CarsController.GetAll (CarRental.API)'
2026-01-29 08:49:42.411 +05:30 [INF] Route matched with {action = "GetAll", controller = "Cars"}. Executing controller action with signature System.Threading.Tasks.Task`1[Microsoft.AspNetCore.Mvc.IActionResult] GetAll(System.Threading.CancellationToken) on controller CarRental.API.Controllers.CarsController (CarRental.API).
2026-01-29 08:49:42.412 +05:30 [INF] Getting all cars
2026-01-29 08:49:42.416 +05:30 [INF] Executed DbCommand (0ms) [Parameters=[], CommandType='"Text"', CommandTimeout='30']
SELECT "c"."Id", "c"."Category", "c"."Color", "c"."CreatedAt", "c"."CreatedBy", "c"."DailyRate", "c"."Description", "c"."FuelType", "c"."HasAirConditioning", "c"."HasGPS", "c"."ImageUrl", "c"."LicensePlate", "c"."Make", "c"."Mileage", "c"."Model", "c"."SeatingCapacity", "c"."Status", "c"."Transmission", "c"."UpdatedAt", "c"."UpdatedBy", "c"."Year"
FROM "Cars" AS "c"
2026-01-29 08:49:42.417 +05:30 [INF] Executing OkObjectResult, writing value of type 'CarRental.API.Controllers.ApiResponse`1[[System.Collections.Generic.IEnumerable`1[[CarRental.Application.DTOs.Car.CarDto, CarRental.Application, Version=1.0.0.0, Culture=neutral, PublicKeyToken=null]], System.Private.CoreLib, Version=8.0.0.0, Culture=neutral, PublicKeyToken=7cec85d7bea7798e]]'.
2026-01-29 08:49:42.419 +05:30 [INF] Executed action CarRental.API.Controllers.CarsController.GetAll (CarRental.API) in 7.5987ms
2026-01-29 08:49:42.419 +05:30 [INF] Executed endpoint 'CarRental.API.Controllers.CarsController.GetAll (CarRental.API)'
2026-01-29 08:49:42.419 +05:30 [INF] Request finished HTTP/1.1 GET http://localhost:5000/api/Cars - 200 null application/json; charset=utf-8 10.6971ms
2026-01-29 08:49:42.421 +05:30 [INF] Request starting HTTP/1.1 GET http://localhost:5000/api/Cars - null null
2026-01-29 08:49:42.422 +05:30 [INF] Executing endpoint 'CarRental.API.Controllers.CarsController.GetAll (CarRental.API)'
2026-01-29 08:49:42.422 +05:30 [INF] Route matched with {action = "GetAll", controller = "Cars"}. Executing controller action with signature System.Threading.Tasks.Task`1[Microsoft.AspNetCore.Mvc.IActionResult] GetAll(System.Threading.CancellationToken) on controller CarRental.API.Controllers.CarsController (CarRental.API).
2026-01-29 08:49:42.422 +05:30 [INF] Getting all cars
2026-01-29 08:49:42.422 +05:30 [INF] Executed DbCommand (0ms) [Parameters=[], CommandType='"Text"', CommandTimeout='30']
SELECT "c"."Id", "c"."Category", "c"."Color", "c"."CreatedAt", "c"."CreatedBy", "c"."DailyRate", "c"."Description", "c"."FuelType", "c"."HasAirConditioning", "c"."HasGPS", "c"."ImageUrl", "c"."LicensePlate", "c"."Make", "c"."Mileage", "c"."Model", "c"."SeatingCapacity", "c"."Status", "c"."Transmission", "c"."UpdatedAt", "c"."UpdatedBy", "c"."Year"
FROM "Cars" AS "c"
2026-01-29 08:49:42.423 +05:30 [INF] Executing OkObjectResult, writing value of type 'CarRental.API.Controllers.ApiResponse`1[[System.Collections.Generic.IEnumerable`1[[CarRental.Application.DTOs.Car.CarDto, CarRental.Application, Version=1.0.0.0, Culture=neutral, PublicKeyToken=null]], System.Private.CoreLib, Version=8.0.0.0, Culture=neutral, PublicKeyToken=7cec85d7bea7798e]]'.
2026-01-29 08:49:42.423 +05:30 [INF] Executed action CarRental.API.Controllers.CarsController.GetAll (CarRental.API) in 1.1677ms
2026-01-29 08:49:42.423 +05:30 [INF] Executed endpoint 'CarRental.API.Controllers.CarsController.GetAll (CarRental.API)'
2026-01-29 08:49:42.423 +05:30 [INF] Request finished HTTP/1.1 GET http://localhost:5000/api/Cars - 200 null application/json; charset=utf-8 1.9632ms
2026-01-29 08:49:46.861 +05:30 [INF] Request starting HTTP/1.1 GET http://localhost:5000/api/Cars/33333333-3333-3333-3333-333333333333 - null null
2026-01-29 08:49:46.861 +05:30 [INF] Executing endpoint 'CarRental.API.Controllers.CarsController.GetById (CarRental.API)'
2026-01-29 08:49:46.863 +05:30 [INF] Route matched with {action = "GetById", controller = "Cars"}. Executing controller action with signature System.Threading.Tasks.Task`1[Microsoft.AspNetCore.Mvc.IActionResult] GetById(System.Guid, System.Threading.CancellationToken) on controller CarRental.API.Controllers.CarsController (CarRental.API).
2026-01-29 08:49:46.864 +05:30 [INF] Getting car with ID: "33333333-3333-3333-3333-333333333333"
2026-01-29 08:49:46.871 +05:30 [INF] Executed DbCommand (0ms) [Parameters=[@__get_Item_0='?' (DbType = Guid)], CommandType='"Text"', CommandTimeout='30']
SELECT "c"."Id", "c"."Category", "c"."Color", "c"."CreatedAt", "c"."CreatedBy", "c"."DailyRate", "c"."Description", "c"."FuelType", "c"."HasAirConditioning", "c"."HasGPS", "c"."ImageUrl", "c"."LicensePlate", "c"."Make", "c"."Mileage", "c"."Model", "c"."SeatingCapacity", "c"."Status", "c"."Transmission", "c"."UpdatedAt", "c"."UpdatedBy", "c"."Year"
FROM "Cars" AS "c"
WHERE "c"."Id" = @__get_Item_0
LIMIT 1
2026-01-29 08:49:46.871 +05:30 [INF] Executing OkObjectResult, writing value of type 'CarRental.API.Controllers.ApiResponse`1[[CarRental.Application.DTOs.Car.CarDto, CarRental.Application, Version=1.0.0.0, Culture=neutral, PublicKeyToken=null]]'.
2026-01-29 08:49:46.872 +05:30 [INF] Executed action CarRental.API.Controllers.CarsController.GetById (CarRental.API) in 8.9469ms
2026-01-29 08:49:46.872 +05:30 [INF] Executed endpoint 'CarRental.API.Controllers.CarsController.GetById (CarRental.API)'
2026-01-29 08:49:46.872 +05:30 [INF] Request finished HTTP/1.1 GET http://localhost:5000/api/Cars/33333333-3333-3333-3333-333333333333 - 200 null application/json; charset=utf-8 11.4365ms
2026-01-29 08:49:46.874 +05:30 [INF] Request starting HTTP/1.1 GET http://localhost:5000/api/Cars/33333333-3333-3333-3333-333333333333 - null null
2026-01-29 08:49:46.874 +05:30 [INF] Executing endpoint 'CarRental.API.Controllers.CarsController.GetById (CarRental.API)'
2026-01-29 08:49:46.874 +05:30 [INF] Route matched with {action = "GetById", controller = "Cars"}. Executing controller action with signature System.Threading.Tasks.Task`1[Microsoft.AspNetCore.Mvc.IActionResult] GetById(System.Guid, System.Threading.CancellationToken) on controller CarRental.API.Controllers.CarsController (CarRental.API).
2026-01-29 08:49:46.875 +05:30 [INF] Getting car with ID: "33333333-3333-3333-3333-333333333333"
2026-01-29 08:49:46.875 +05:30 [INF] Executed DbCommand (0ms) [Parameters=[@__get_Item_0='?' (DbType = Guid)], CommandType='"Text"', CommandTimeout='30']
SELECT "c"."Id", "c"."Category", "c"."Color", "c"."CreatedAt", "c"."CreatedBy", "c"."DailyRate", "c"."Description", "c"."FuelType", "c"."HasAirConditioning", "c"."HasGPS", "c"."ImageUrl", "c"."LicensePlate", "c"."Make", "c"."Mileage", "c"."Model", "c"."SeatingCapacity", "c"."Status", "c"."Transmission", "c"."UpdatedAt", "c"."UpdatedBy", "c"."Year"
FROM "Cars" AS "c"
WHERE "c"."Id" = @__get_Item_0
LIMIT 1
2026-01-29 08:49:46.876 +05:30 [INF] Executing OkObjectResult, writing value of type 'CarRental.API.Controllers.ApiResponse`1[[CarRental.Application.DTOs.Car.CarDto, CarRental.Application, Version=1.0.0.0, Culture=neutral, PublicKeyToken=null]]'.
2026-01-29 08:49:46.876 +05:30 [INF] Executed action CarRental.API.Controllers.CarsController.GetById (CarRental.API) in 1.269ms
2026-01-29 08:49:46.876 +05:30 [INF] Executed endpoint 'CarRental.API.Controllers.CarsController.GetById (CarRental.API)'
2026-01-29 08:49:46.876 +05:30 [INF] Request finished HTTP/1.1 GET http://localhost:5000/api/Cars/33333333-3333-3333-3333-333333333333 - 200 null application/json; charset=utf-8 2.2795ms
2026-01-29 08:50:02.219 +05:30 [INF] Request starting HTTP/1.1 POST http://localhost:5000/api/Rentals - application/json 238
2026-01-29 08:50:02.220 +05:30 [INF] CORS policy execution successful.
2026-01-29 08:50:02.222 +05:30 [INF] Executing endpoint 'CarRental.API.Controllers.RentalsController.Create (CarRental.API)'
2026-01-29 08:50:02.226 +05:30 [INF] Route matched with {action = "Create", controller = "Rentals"}. Executing controller action with signature System.Threading.Tasks.Task`1[Microsoft.AspNetCore.Mvc.IActionResult] Create(CarRental.Application.DTOs.Rental.CreateRentalRequest, System.Threading.CancellationToken) on controller CarRental.API.Controllers.RentalsController (CarRental.API).
2026-01-29 08:50:02.257 +05:30 [INF] Creating new rental for car: "33333333-3333-3333-3333-333333333333"
2026-01-29 08:50:02.260 +05:30 [INF] Executed DbCommand (0ms) [Parameters=[@__get_Item_0='?' (DbType = Guid)], CommandType='"Text"', CommandTimeout='30']
SELECT "c"."Id", "c"."Category", "c"."Color", "c"."CreatedAt", "c"."CreatedBy", "c"."DailyRate", "c"."Description", "c"."FuelType", "c"."HasAirConditioning", "c"."HasGPS", "c"."ImageUrl", "c"."LicensePlate", "c"."Make", "c"."Mileage", "c"."Model", "c"."SeatingCapacity", "c"."Status", "c"."Transmission", "c"."UpdatedAt", "c"."UpdatedBy", "c"."Year"
FROM "Cars" AS "c"
WHERE "c"."Id" = @__get_Item_0
LIMIT 1
2026-01-29 08:50:02.263 +05:30 [INF] Executed DbCommand (0ms) [Parameters=[@__get_Item_0='?' (DbType = Guid)], CommandType='"Text"', CommandTimeout='30']
SELECT "u"."Id", "u"."City", "u"."Country", "u"."CreatedAt", "u"."CreatedBy", "u"."DateOfBirth", "u"."DriversLicenseExpiry", "u"."DriversLicenseNumber", "u"."Email", "u"."FirstName", "u"."IsActive", "u"."LastLoginAt", "u"."LastName", "u"."PasswordHash", "u"."PhoneNumber", "u"."PostalCode", "u"."Role", "u"."State", "u"."Street", "u"."UpdatedAt", "u"."UpdatedBy"
FROM "Users" AS "u"
WHERE "u"."Id" = @__get_Item_0
LIMIT 1
2026-01-29 08:50:02.275 +05:30 [INF] Executed DbCommand (0ms) [Parameters=[@__carId_0='?' (DbType = Guid), @__endDate_1='?' (DbType = DateTime), @__startDate_2='?' (DbType = DateTime)], CommandType='"Text"', CommandTimeout='30']
SELECT EXISTS (
    SELECT 1
    FROM "Rentals" AS "r"
    WHERE "r"."CarId" = @__carId_0 AND "r"."Status" NOT IN (4, 3) AND "r"."StartDate" <= @__endDate_1 AND "r"."EndDate" >= @__startDate_2)
2026-01-29 08:50:02.275 +05:30 [INF] Executing ConflictObjectResult, writing value of type 'CarRental.API.Controllers.ApiResponse`1[[CarRental.Application.DTOs.Rental.RentalDto, CarRental.Application, Version=1.0.0.0, Culture=neutral, PublicKeyToken=null]]'.
2026-01-29 08:50:02.275 +05:30 [INF] Executed action CarRental.API.Controllers.RentalsController.Create (CarRental.API) in 49.2139ms
2026-01-29 08:50:02.275 +05:30 [INF] Executed endpoint 'CarRental.API.Controllers.RentalsController.Create (CarRental.API)'
2026-01-29 08:50:02.276 +05:30 [INF] Request finished HTTP/1.1 POST http://localhost:5000/api/Rentals - 409 null application/json; charset=utf-8 56.808ms
2026-01-29 08:50:07.804 +05:30 [INF] Request starting HTTP/1.1 GET http://localhost:5000/api/Cars - null null
2026-01-29 08:50:07.805 +05:30 [INF] Executing endpoint 'CarRental.API.Controllers.CarsController.GetAll (CarRental.API)'
2026-01-29 08:50:07.805 +05:30 [INF] Route matched with {action = "GetAll", controller = "Cars"}. Executing controller action with signature System.Threading.Tasks.Task`1[Microsoft.AspNetCore.Mvc.IActionResult] GetAll(System.Threading.CancellationToken) on controller CarRental.API.Controllers.CarsController (CarRental.API).
2026-01-29 08:50:07.806 +05:30 [INF] Getting all cars
2026-01-29 08:50:07.807 +05:30 [INF] Executed DbCommand (0ms) [Parameters=[], CommandType='"Text"', CommandTimeout='30']
SELECT "c"."Id", "c"."Category", "c"."Color", "c"."CreatedAt", "c"."CreatedBy", "c"."DailyRate", "c"."Description", "c"."FuelType", "c"."HasAirConditioning", "c"."HasGPS", "c"."ImageUrl", "c"."LicensePlate", "c"."Make", "c"."Mileage", "c"."Model", "c"."SeatingCapacity", "c"."Status", "c"."Transmission", "c"."UpdatedAt", "c"."UpdatedBy", "c"."Year"
FROM "Cars" AS "c"
2026-01-29 08:50:07.808 +05:30 [INF] Executing OkObjectResult, writing value of type 'CarRental.API.Controllers.ApiResponse`1[[System.Collections.Generic.IEnumerable`1[[CarRental.Application.DTOs.Car.CarDto, CarRental.Application, Version=1.0.0.0, Culture=neutral, PublicKeyToken=null]], System.Private.CoreLib, Version=8.0.0.0, Culture=neutral, PublicKeyToken=7cec85d7bea7798e]]'.
2026-01-29 08:50:07.809 +05:30 [INF] Executed action CarRental.API.Controllers.CarsController.GetAll (CarRental.API) in 3.373ms
2026-01-29 08:50:07.809 +05:30 [INF] Executed endpoint 'CarRental.API.Controllers.CarsController.GetAll (CarRental.API)'
2026-01-29 08:50:07.809 +05:30 [INF] Request finished HTTP/1.1 GET http://localhost:5000/api/Cars - 200 null application/json; charset=utf-8 5.3034ms
2026-01-29 08:50:07.813 +05:30 [INF] Request starting HTTP/1.1 GET http://localhost:5000/api/Cars - null null
2026-01-29 08:50:07.814 +05:30 [INF] Executing endpoint 'CarRental.API.Controllers.CarsController.GetAll (CarRental.API)'
2026-01-29 08:50:07.815 +05:30 [INF] Route matched with {action = "GetAll", controller = "Cars"}. Executing controller action with signature System.Threading.Tasks.Task`1[Microsoft.AspNetCore.Mvc.IActionResult] GetAll(System.Threading.CancellationToken) on controller CarRental.API.Controllers.CarsController (CarRental.API).
2026-01-29 08:50:07.815 +05:30 [INF] Getting all cars
2026-01-29 08:50:07.816 +05:30 [INF] Executed DbCommand (0ms) [Parameters=[], CommandType='"Text"', CommandTimeout='30']
SELECT "c"."Id", "c"."Category", "c"."Color", "c"."CreatedAt", "c"."CreatedBy", "c"."DailyRate", "c"."Description", "c"."FuelType", "c"."HasAirConditioning", "c"."HasGPS", "c"."ImageUrl", "c"."LicensePlate", "c"."Make", "c"."Mileage", "c"."Model", "c"."SeatingCapacity", "c"."Status", "c"."Transmission", "c"."UpdatedAt", "c"."UpdatedBy", "c"."Year"
FROM "Cars" AS "c"
2026-01-29 08:50:07.817 +05:30 [INF] Executing OkObjectResult, writing value of type 'CarRental.API.Controllers.ApiResponse`1[[System.Collections.Generic.IEnumerable`1[[CarRental.Application.DTOs.Car.CarDto, CarRental.Application, Version=1.0.0.0, Culture=neutral, PublicKeyToken=null]], System.Private.CoreLib, Version=8.0.0.0, Culture=neutral, PublicKeyToken=7cec85d7bea7798e]]'.
2026-01-29 08:50:07.817 +05:30 [INF] Executed action CarRental.API.Controllers.CarsController.GetAll (CarRental.API) in 2.2207ms
2026-01-29 08:50:07.817 +05:30 [INF] Executed endpoint 'CarRental.API.Controllers.CarsController.GetAll (CarRental.API)'
2026-01-29 08:50:07.817 +05:30 [INF] Request finished HTTP/1.1 GET http://localhost:5000/api/Cars - 200 null application/json; charset=utf-8 3.8143ms
2026-01-29 08:50:27.980 +05:30 [INF] Request starting HTTP/1.1 GET http://localhost:5000/api/Rentals/customer/22222222-2222-2222-2222-222222222222 - null null
2026-01-29 08:50:27.981 +05:30 [INF] Executing endpoint 'CarRental.API.Controllers.RentalsController.GetByCustomer (CarRental.API)'
2026-01-29 08:50:27.981 +05:30 [INF] Route matched with {action = "GetByCustomer", controller = "Rentals"}. Executing controller action with signature System.Threading.Tasks.Task`1[Microsoft.AspNetCore.Mvc.IActionResult] GetByCustomer(System.Guid, System.Threading.CancellationToken) on controller CarRental.API.Controllers.RentalsController (CarRental.API).
2026-01-29 08:50:27.982 +05:30 [INF] Getting rentals for customer: "22222222-2222-2222-2222-222222222222"
2026-01-29 08:50:27.983 +05:30 [INF] Executed DbCommand (0ms) [Parameters=[@__customerId_0='?' (DbType = Guid)], CommandType='"Text"', CommandTimeout='30']
SELECT "r"."Id", "r"."ActualReturnDate", "r"."CarId", "r"."CreatedAt", "r"."CreatedBy", "r"."CustomerId", "r"."DailyRate", "r"."DamageCharges", "r"."EndDate", "r"."LateFee", "r"."Notes", "r"."OdometerAtPickup", "r"."OdometerAtReturn", "r"."PickupLocation", "r"."ReturnLocation", "r"."StartDate", "r"."Status", "r"."TotalCost", "r"."UpdatedAt", "r"."UpdatedBy", "c"."Id", "c"."Category", "c"."Color", "c"."CreatedAt", "c"."CreatedBy", "c"."DailyRate", "c"."Description", "c"."FuelType", "c"."HasAirConditioning", "c"."HasGPS", "c"."ImageUrl", "c"."LicensePlate", "c"."Make", "c"."Mileage", "c"."Model", "c"."SeatingCapacity", "c"."Status", "c"."Transmission", "c"."UpdatedAt", "c"."UpdatedBy", "c"."Year", "u"."Id", "u"."City", "u"."Country", "u"."CreatedAt", "u"."CreatedBy", "u"."DateOfBirth", "u"."DriversLicenseExpiry", "u"."DriversLicenseNumber", "u"."Email", "u"."FirstName", "u"."IsActive", "u"."LastLoginAt", "u"."LastName", "u"."PasswordHash", "u"."PhoneNumber", "u"."PostalCode", "u"."Role", "u"."State", "u"."Street", "u"."UpdatedAt", "u"."UpdatedBy"
FROM "Rentals" AS "r"
INNER JOIN "Cars" AS "c" ON "r"."CarId" = "c"."Id"
INNER JOIN "Users" AS "u" ON "r"."CustomerId" = "u"."Id"
WHERE "r"."CustomerId" = @__customerId_0
ORDER BY "r"."CreatedAt" DESC
2026-01-29 08:50:27.984 +05:30 [INF] Executing OkObjectResult, writing value of type 'CarRental.API.Controllers.ApiResponse`1[[System.Collections.Generic.IEnumerable`1[[CarRental.Application.DTOs.Rental.RentalDto, CarRental.Application, Version=1.0.0.0, Culture=neutral, PublicKeyToken=null]], System.Private.CoreLib, Version=8.0.0.0, Culture=neutral, PublicKeyToken=7cec85d7bea7798e]]'.
2026-01-29 08:50:27.984 +05:30 [INF] Executed action CarRental.API.Controllers.RentalsController.GetByCustomer (CarRental.API) in 2.9435ms
2026-01-29 08:50:27.985 +05:30 [INF] Executed endpoint 'CarRental.API.Controllers.RentalsController.GetByCustomer (CarRental.API)'
2026-01-29 08:50:27.985 +05:30 [INF] Request finished HTTP/1.1 GET http://localhost:5000/api/Rentals/customer/22222222-2222-2222-2222-222222222222 - 200 null application/json; charset=utf-8 4.4027ms
2026-01-29 08:50:27.987 +05:30 [INF] Request starting HTTP/1.1 GET http://localhost:5000/api/Rentals/customer/22222222-2222-2222-2222-222222222222 - null null
2026-01-29 08:50:27.987 +05:30 [INF] Executing endpoint 'CarRental.API.Controllers.RentalsController.GetByCustomer (CarRental.API)'
2026-01-29 08:50:27.987 +05:30 [INF] Route matched with {action = "GetByCustomer", controller = "Rentals"}. Executing controller action with signature System.Threading.Tasks.Task`1[Microsoft.AspNetCore.Mvc.IActionResult] GetByCustomer(System.Guid, System.Threading.CancellationToken) on controller CarRental.API.Controllers.RentalsController (CarRental.API).
2026-01-29 08:50:27.988 +05:30 [INF] Getting rentals for customer: "22222222-2222-2222-2222-222222222222"
2026-01-29 08:50:27.989 +05:30 [INF] Executed DbCommand (0ms) [Parameters=[@__customerId_0='?' (DbType = Guid)], CommandType='"Text"', CommandTimeout='30']
SELECT "r"."Id", "r"."ActualReturnDate", "r"."CarId", "r"."CreatedAt", "r"."CreatedBy", "r"."CustomerId", "r"."DailyRate", "r"."DamageCharges", "r"."EndDate", "r"."LateFee", "r"."Notes", "r"."OdometerAtPickup", "r"."OdometerAtReturn", "r"."PickupLocation", "r"."ReturnLocation", "r"."StartDate", "r"."Status", "r"."TotalCost", "r"."UpdatedAt", "r"."UpdatedBy", "c"."Id", "c"."Category", "c"."Color", "c"."CreatedAt", "c"."CreatedBy", "c"."DailyRate", "c"."Description", "c"."FuelType", "c"."HasAirConditioning", "c"."HasGPS", "c"."ImageUrl", "c"."LicensePlate", "c"."Make", "c"."Mileage", "c"."Model", "c"."SeatingCapacity", "c"."Status", "c"."Transmission", "c"."UpdatedAt", "c"."UpdatedBy", "c"."Year", "u"."Id", "u"."City", "u"."Country", "u"."CreatedAt", "u"."CreatedBy", "u"."DateOfBirth", "u"."DriversLicenseExpiry", "u"."DriversLicenseNumber", "u"."Email", "u"."FirstName", "u"."IsActive", "u"."LastLoginAt", "u"."LastName", "u"."PasswordHash", "u"."PhoneNumber", "u"."PostalCode", "u"."Role", "u"."State", "u"."Street", "u"."UpdatedAt", "u"."UpdatedBy"
FROM "Rentals" AS "r"
INNER JOIN "Cars" AS "c" ON "r"."CarId" = "c"."Id"
INNER JOIN "Users" AS "u" ON "r"."CustomerId" = "u"."Id"
WHERE "r"."CustomerId" = @__customerId_0
ORDER BY "r"."CreatedAt" DESC
2026-01-29 08:50:27.989 +05:30 [INF] Executing OkObjectResult, writing value of type 'CarRental.API.Controllers.ApiResponse`1[[System.Collections.Generic.IEnumerable`1[[CarRental.Application.DTOs.Rental.RentalDto, CarRental.Application, Version=1.0.0.0, Culture=neutral, PublicKeyToken=null]], System.Private.CoreLib, Version=8.0.0.0, Culture=neutral, PublicKeyToken=7cec85d7bea7798e]]'.
2026-01-29 08:50:27.990 +05:30 [INF] Executed action CarRental.API.Controllers.RentalsController.GetByCustomer (CarRental.API) in 2.0414ms
2026-01-29 08:50:27.990 +05:30 [INF] Executed endpoint 'CarRental.API.Controllers.RentalsController.GetByCustomer (CarRental.API)'
2026-01-29 08:50:27.990 +05:30 [INF] Request finished HTTP/1.1 GET http://localhost:5000/api/Rentals/customer/22222222-2222-2222-2222-222222222222 - 200 null application/json; charset=utf-8 3.0322ms
2026-01-29 08:50:41.392 +05:30 [INF] Request starting HTTP/1.1 GET http://localhost:5000/api/Users/22222222-2222-2222-2222-222222222222 - null null
2026-01-29 08:50:41.393 +05:30 [INF] Executing endpoint 'CarRental.API.Controllers.UsersController.GetById (CarRental.API)'
2026-01-29 08:50:41.398 +05:30 [INF] Route matched with {action = "GetById", controller = "Users"}. Executing controller action with signature System.Threading.Tasks.Task`1[Microsoft.AspNetCore.Mvc.IActionResult] GetById(System.Guid, System.Threading.CancellationToken) on controller CarRental.API.Controllers.UsersController (CarRental.API).
2026-01-29 08:50:41.400 +05:30 [INF] Getting user with ID: "22222222-2222-2222-2222-222222222222"
2026-01-29 08:50:41.402 +05:30 [INF] Executed DbCommand (0ms) [Parameters=[@__get_Item_0='?' (DbType = Guid)], CommandType='"Text"', CommandTimeout='30']
SELECT "u"."Id", "u"."City", "u"."Country", "u"."CreatedAt", "u"."CreatedBy", "u"."DateOfBirth", "u"."DriversLicenseExpiry", "u"."DriversLicenseNumber", "u"."Email", "u"."FirstName", "u"."IsActive", "u"."LastLoginAt", "u"."LastName", "u"."PasswordHash", "u"."PhoneNumber", "u"."PostalCode", "u"."Role", "u"."State", "u"."Street", "u"."UpdatedAt", "u"."UpdatedBy"
FROM "Users" AS "u"
WHERE "u"."Id" = @__get_Item_0
LIMIT 1
2026-01-29 08:50:41.403 +05:30 [INF] Executing OkObjectResult, writing value of type 'CarRental.API.Controllers.ApiResponse`1[[CarRental.Application.DTOs.User.UserDto, CarRental.Application, Version=1.0.0.0, Culture=neutral, PublicKeyToken=null]]'.
2026-01-29 08:50:41.406 +05:30 [INF] Executed action CarRental.API.Controllers.UsersController.GetById (CarRental.API) in 7.829ms
2026-01-29 08:50:41.406 +05:30 [INF] Executed endpoint 'CarRental.API.Controllers.UsersController.GetById (CarRental.API)'
2026-01-29 08:50:41.406 +05:30 [INF] Request finished HTTP/1.1 GET http://localhost:5000/api/Users/22222222-2222-2222-2222-222222222222 - 200 null application/json; charset=utf-8 14.5256ms
2026-01-29 08:51:00.846 +05:30 [INF] Request starting HTTP/1.1 GET http://localhost:5000/api/Users/22222222-2222-2222-2222-222222222222 - null null
2026-01-29 08:51:00.847 +05:30 [INF] Executing endpoint 'CarRental.API.Controllers.UsersController.GetById (CarRental.API)'
2026-01-29 08:51:00.848 +05:30 [INF] Route matched with {action = "GetById", controller = "Users"}. Executing controller action with signature System.Threading.Tasks.Task`1[Microsoft.AspNetCore.Mvc.IActionResult] GetById(System.Guid, System.Threading.CancellationToken) on controller CarRental.API.Controllers.UsersController (CarRental.API).
2026-01-29 08:51:00.849 +05:30 [INF] Getting user with ID: "22222222-2222-2222-2222-222222222222"
2026-01-29 08:51:00.850 +05:30 [INF] Executed DbCommand (0ms) [Parameters=[@__get_Item_0='?' (DbType = Guid)], CommandType='"Text"', CommandTimeout='30']
SELECT "u"."Id", "u"."City", "u"."Country", "u"."CreatedAt", "u"."CreatedBy", "u"."DateOfBirth", "u"."DriversLicenseExpiry", "u"."DriversLicenseNumber", "u"."Email", "u"."FirstName", "u"."IsActive", "u"."LastLoginAt", "u"."LastName", "u"."PasswordHash", "u"."PhoneNumber", "u"."PostalCode", "u"."Role", "u"."State", "u"."Street", "u"."UpdatedAt", "u"."UpdatedBy"
FROM "Users" AS "u"
WHERE "u"."Id" = @__get_Item_0
LIMIT 1
2026-01-29 08:51:00.851 +05:30 [INF] Executing OkObjectResult, writing value of type 'CarRental.API.Controllers.ApiResponse`1[[CarRental.Application.DTOs.User.UserDto, CarRental.Application, Version=1.0.0.0, Culture=neutral, PublicKeyToken=null]]'.
2026-01-29 08:51:00.851 +05:30 [INF] Executed action CarRental.API.Controllers.UsersController.GetById (CarRental.API) in 3.6808ms
2026-01-29 08:51:00.852 +05:30 [INF] Executed endpoint 'CarRental.API.Controllers.UsersController.GetById (CarRental.API)'
2026-01-29 08:51:00.852 +05:30 [INF] Request finished HTTP/1.1 GET http://localhost:5000/api/Users/22222222-2222-2222-2222-222222222222 - 200 null application/json; charset=utf-8 5.894ms
2026-01-29 08:51:22.150 +05:30 [INF] Request starting HTTP/1.1 POST http://localhost:5000/api/Auth/login - application/json 54
2026-01-29 08:51:22.151 +05:30 [INF] CORS policy execution successful.
2026-01-29 08:51:22.151 +05:30 [INF] Executing endpoint 'CarRental.API.Controllers.AuthController.Login (CarRental.API)'
2026-01-29 08:51:22.155 +05:30 [INF] Route matched with {action = "Login", controller = "Auth"}. Executing controller action with signature System.Threading.Tasks.Task`1[Microsoft.AspNetCore.Mvc.IActionResult] Login(CarRental.Application.DTOs.Auth.LoginRequest, System.Threading.CancellationToken) on controller CarRental.API.Controllers.AuthController (CarRental.API).
2026-01-29 08:51:22.159 +05:30 [INF] Login attempt for email: admin@carrental.com
2026-01-29 08:51:22.175 +05:30 [INF] Executed DbCommand (0ms) [Parameters=[@__ToLower_0='?' (Size = 19)], CommandType='"Text"', CommandTimeout='30']
SELECT "u"."Id", "u"."City", "u"."Country", "u"."CreatedAt", "u"."CreatedBy", "u"."DateOfBirth", "u"."DriversLicenseExpiry", "u"."DriversLicenseNumber", "u"."Email", "u"."FirstName", "u"."IsActive", "u"."LastLoginAt", "u"."LastName", "u"."PasswordHash", "u"."PhoneNumber", "u"."PostalCode", "u"."Role", "u"."State", "u"."Street", "u"."UpdatedAt", "u"."UpdatedBy"
FROM "Users" AS "u"
WHERE lower("u"."Email") = @__ToLower_0
LIMIT 1
2026-01-29 08:51:22.318 +05:30 [INF] Executed DbCommand (0ms) [Parameters=[@p20='?' (DbType = Guid), @p0='?', @p1='?', @p2='?' (DbType = DateTime), @p3='?', @p4='?' (DbType = DateTime), @p5='?' (DbType = DateTime), @p6='?', @p7='?' (Size = 19), @p8='?' (Size = 6), @p9='?' (DbType = Boolean), @p10='?' (DbType = DateTime), @p11='?' (Size = 5), @p12='?' (Size = 60), @p13='?' (Size = 11), @p14='?', @p15='?' (DbType = Int32), @p16='?', @p17='?', @p18='?' (DbType = DateTime), @p19='?'], CommandType='"Text"', CommandTimeout='30']
UPDATE "Users" SET "City" = @p0, "Country" = @p1, "CreatedAt" = @p2, "CreatedBy" = @p3, "DateOfBirth" = @p4, "DriversLicenseExpiry" = @p5, "DriversLicenseNumber" = @p6, "Email" = @p7, "FirstName" = @p8, "IsActive" = @p9, "LastLoginAt" = @p10, "LastName" = @p11, "PasswordHash" = @p12, "PhoneNumber" = @p13, "PostalCode" = @p14, "Role" = @p15, "State" = @p16, "Street" = @p17, "UpdatedAt" = @p18, "UpdatedBy" = @p19
WHERE "Id" = @p20
RETURNING 1;
2026-01-29 08:51:22.323 +05:30 [INF] Executing OkObjectResult, writing value of type 'CarRental.API.Controllers.ApiResponse`1[[CarRental.Application.DTOs.Auth.AuthResponse, CarRental.Application, Version=1.0.0.0, Culture=neutral, PublicKeyToken=null]]'.
2026-01-29 08:51:22.323 +05:30 [INF] Executed action CarRental.API.Controllers.AuthController.Login (CarRental.API) in 168.153ms
2026-01-29 08:51:22.323 +05:30 [INF] Executed endpoint 'CarRental.API.Controllers.AuthController.Login (CarRental.API)'
2026-01-29 08:51:22.323 +05:30 [INF] Request finished HTTP/1.1 POST http://localhost:5000/api/Auth/login - 200 null application/json; charset=utf-8 173.3642ms
2026-01-29 08:51:22.345 +05:30 [INF] Request starting HTTP/1.1 GET http://localhost:5000/api/Rentals/customer/11111111-1111-1111-1111-111111111111 - null null
2026-01-29 08:51:22.346 +05:30 [INF] Executing endpoint 'CarRental.API.Controllers.RentalsController.GetByCustomer (CarRental.API)'
2026-01-29 08:51:22.346 +05:30 [INF] Route matched with {action = "GetByCustomer", controller = "Rentals"}. Executing controller action with signature System.Threading.Tasks.Task`1[Microsoft.AspNetCore.Mvc.IActionResult] GetByCustomer(System.Guid, System.Threading.CancellationToken) on controller CarRental.API.Controllers.RentalsController (CarRental.API).
2026-01-29 08:51:22.346 +05:30 [INF] Getting rentals for customer: "11111111-1111-1111-1111-111111111111"
2026-01-29 08:51:22.347 +05:30 [INF] Executed DbCommand (0ms) [Parameters=[@__customerId_0='?' (DbType = Guid)], CommandType='"Text"', CommandTimeout='30']
SELECT "r"."Id", "r"."ActualReturnDate", "r"."CarId", "r"."CreatedAt", "r"."CreatedBy", "r"."CustomerId", "r"."DailyRate", "r"."DamageCharges", "r"."EndDate", "r"."LateFee", "r"."Notes", "r"."OdometerAtPickup", "r"."OdometerAtReturn", "r"."PickupLocation", "r"."ReturnLocation", "r"."StartDate", "r"."Status", "r"."TotalCost", "r"."UpdatedAt", "r"."UpdatedBy", "c"."Id", "c"."Category", "c"."Color", "c"."CreatedAt", "c"."CreatedBy", "c"."DailyRate", "c"."Description", "c"."FuelType", "c"."HasAirConditioning", "c"."HasGPS", "c"."ImageUrl", "c"."LicensePlate", "c"."Make", "c"."Mileage", "c"."Model", "c"."SeatingCapacity", "c"."Status", "c"."Transmission", "c"."UpdatedAt", "c"."UpdatedBy", "c"."Year", "u"."Id", "u"."City", "u"."Country", "u"."CreatedAt", "u"."CreatedBy", "u"."DateOfBirth", "u"."DriversLicenseExpiry", "u"."DriversLicenseNumber", "u"."Email", "u"."FirstName", "u"."IsActive", "u"."LastLoginAt", "u"."LastName", "u"."PasswordHash", "u"."PhoneNumber", "u"."PostalCode", "u"."Role", "u"."State", "u"."Street", "u"."UpdatedAt", "u"."UpdatedBy"
FROM "Rentals" AS "r"
INNER JOIN "Cars" AS "c" ON "r"."CarId" = "c"."Id"
INNER JOIN "Users" AS "u" ON "r"."CustomerId" = "u"."Id"
WHERE "r"."CustomerId" = @__customerId_0
ORDER BY "r"."CreatedAt" DESC
2026-01-29 08:51:22.347 +05:30 [INF] Executing OkObjectResult, writing value of type 'CarRental.API.Controllers.ApiResponse`1[[System.Collections.Generic.IEnumerable`1[[CarRental.Application.DTOs.Rental.RentalDto, CarRental.Application, Version=1.0.0.0, Culture=neutral, PublicKeyToken=null]], System.Private.CoreLib, Version=8.0.0.0, Culture=neutral, PublicKeyToken=7cec85d7bea7798e]]'.
2026-01-29 08:51:22.347 +05:30 [INF] Executed action CarRental.API.Controllers.RentalsController.GetByCustomer (CarRental.API) in 1.2502ms
2026-01-29 08:51:22.347 +05:30 [INF] Executed endpoint 'CarRental.API.Controllers.RentalsController.GetByCustomer (CarRental.API)'
2026-01-29 08:51:22.347 +05:30 [INF] Request finished HTTP/1.1 GET http://localhost:5000/api/Rentals/customer/11111111-1111-1111-1111-111111111111 - 200 null application/json; charset=utf-8 2.1571ms
2026-01-29 08:51:22.349 +05:30 [INF] Request starting HTTP/1.1 GET http://localhost:5000/api/Rentals/customer/11111111-1111-1111-1111-111111111111 - null null
2026-01-29 08:51:22.349 +05:30 [INF] Executing endpoint 'CarRental.API.Controllers.RentalsController.GetByCustomer (CarRental.API)'
2026-01-29 08:51:22.349 +05:30 [INF] Route matched with {action = "GetByCustomer", controller = "Rentals"}. Executing controller action with signature System.Threading.Tasks.Task`1[Microsoft.AspNetCore.Mvc.IActionResult] GetByCustomer(System.Guid, System.Threading.CancellationToken) on controller CarRental.API.Controllers.RentalsController (CarRental.API).
2026-01-29 08:51:22.349 +05:30 [INF] Getting rentals for customer: "11111111-1111-1111-1111-111111111111"
2026-01-29 08:51:22.350 +05:30 [INF] Executed DbCommand (0ms) [Parameters=[@__customerId_0='?' (DbType = Guid)], CommandType='"Text"', CommandTimeout='30']
SELECT "r"."Id", "r"."ActualReturnDate", "r"."CarId", "r"."CreatedAt", "r"."CreatedBy", "r"."CustomerId", "r"."DailyRate", "r"."DamageCharges", "r"."EndDate", "r"."LateFee", "r"."Notes", "r"."OdometerAtPickup", "r"."OdometerAtReturn", "r"."PickupLocation", "r"."ReturnLocation", "r"."StartDate", "r"."Status", "r"."TotalCost", "r"."UpdatedAt", "r"."UpdatedBy", "c"."Id", "c"."Category", "c"."Color", "c"."CreatedAt", "c"."CreatedBy", "c"."DailyRate", "c"."Description", "c"."FuelType", "c"."HasAirConditioning", "c"."HasGPS", "c"."ImageUrl", "c"."LicensePlate", "c"."Make", "c"."Mileage", "c"."Model", "c"."SeatingCapacity", "c"."Status", "c"."Transmission", "c"."UpdatedAt", "c"."UpdatedBy", "c"."Year", "u"."Id", "u"."City", "u"."Country", "u"."CreatedAt", "u"."CreatedBy", "u"."DateOfBirth", "u"."DriversLicenseExpiry", "u"."DriversLicenseNumber", "u"."Email", "u"."FirstName", "u"."IsActive", "u"."LastLoginAt", "u"."LastName", "u"."PasswordHash", "u"."PhoneNumber", "u"."PostalCode", "u"."Role", "u"."State", "u"."Street", "u"."UpdatedAt", "u"."UpdatedBy"
FROM "Rentals" AS "r"
INNER JOIN "Cars" AS "c" ON "r"."CarId" = "c"."Id"
INNER JOIN "Users" AS "u" ON "r"."CustomerId" = "u"."Id"
WHERE "r"."CustomerId" = @__customerId_0
ORDER BY "r"."CreatedAt" DESC
2026-01-29 08:51:22.350 +05:30 [INF] Executing OkObjectResult, writing value of type 'CarRental.API.Controllers.ApiResponse`1[[System.Collections.Generic.IEnumerable`1[[CarRental.Application.DTOs.Rental.RentalDto, CarRental.Application, Version=1.0.0.0, Culture=neutral, PublicKeyToken=null]], System.Private.CoreLib, Version=8.0.0.0, Culture=neutral, PublicKeyToken=7cec85d7bea7798e]]'.
2026-01-29 08:51:22.350 +05:30 [INF] Executed action CarRental.API.Controllers.RentalsController.GetByCustomer (CarRental.API) in 0.9405ms
2026-01-29 08:51:22.350 +05:30 [INF] Executed endpoint 'CarRental.API.Controllers.RentalsController.GetByCustomer (CarRental.API)'
2026-01-29 08:51:22.350 +05:30 [INF] Request finished HTTP/1.1 GET http://localhost:5000/api/Rentals/customer/11111111-1111-1111-1111-111111111111 - 200 null application/json; charset=utf-8 1.6117ms
2026-01-29 08:51:29.623 +05:30 [INF] Request starting HTTP/1.1 GET http://localhost:5000/api/Cars - null null
2026-01-29 08:51:29.624 +05:30 [INF] Executing endpoint 'CarRental.API.Controllers.CarsController.GetAll (CarRental.API)'
2026-01-29 08:51:29.625 +05:30 [INF] Route matched with {action = "GetAll", controller = "Cars"}. Executing controller action with signature System.Threading.Tasks.Task`1[Microsoft.AspNetCore.Mvc.IActionResult] GetAll(System.Threading.CancellationToken) on controller CarRental.API.Controllers.CarsController (CarRental.API).
2026-01-29 08:51:29.625 +05:30 [INF] Getting all cars
2026-01-29 08:51:29.627 +05:30 [INF] Executed DbCommand (0ms) [Parameters=[], CommandType='"Text"', CommandTimeout='30']
SELECT "c"."Id", "c"."Category", "c"."Color", "c"."CreatedAt", "c"."CreatedBy", "c"."DailyRate", "c"."Description", "c"."FuelType", "c"."HasAirConditioning", "c"."HasGPS", "c"."ImageUrl", "c"."LicensePlate", "c"."Make", "c"."Mileage", "c"."Model", "c"."SeatingCapacity", "c"."Status", "c"."Transmission", "c"."UpdatedAt", "c"."UpdatedBy", "c"."Year"
FROM "Cars" AS "c"
2026-01-29 08:51:29.627 +05:30 [INF] Executing OkObjectResult, writing value of type 'CarRental.API.Controllers.ApiResponse`1[[System.Collections.Generic.IEnumerable`1[[CarRental.Application.DTOs.Car.CarDto, CarRental.Application, Version=1.0.0.0, Culture=neutral, PublicKeyToken=null]], System.Private.CoreLib, Version=8.0.0.0, Culture=neutral, PublicKeyToken=7cec85d7bea7798e]]'.
2026-01-29 08:51:29.628 +05:30 [INF] Executed action CarRental.API.Controllers.CarsController.GetAll (CarRental.API) in 3.092ms
2026-01-29 08:51:29.628 +05:30 [INF] Executed endpoint 'CarRental.API.Controllers.CarsController.GetAll (CarRental.API)'
2026-01-29 08:51:29.628 +05:30 [INF] Request finished HTTP/1.1 GET http://localhost:5000/api/Cars - 200 null application/json; charset=utf-8 4.6801ms
2026-01-29 08:51:29.632 +05:30 [INF] Request starting HTTP/1.1 GET http://localhost:5000/api/Cars - null null
2026-01-29 08:51:29.633 +05:30 [INF] Executing endpoint 'CarRental.API.Controllers.CarsController.GetAll (CarRental.API)'
2026-01-29 08:51:29.633 +05:30 [INF] Route matched with {action = "GetAll", controller = "Cars"}. Executing controller action with signature System.Threading.Tasks.Task`1[Microsoft.AspNetCore.Mvc.IActionResult] GetAll(System.Threading.CancellationToken) on controller CarRental.API.Controllers.CarsController (CarRental.API).
2026-01-29 08:51:29.634 +05:30 [INF] Getting all cars
2026-01-29 08:51:29.635 +05:30 [INF] Executed DbCommand (0ms) [Parameters=[], CommandType='"Text"', CommandTimeout='30']
SELECT "c"."Id", "c"."Category", "c"."Color", "c"."CreatedAt", "c"."CreatedBy", "c"."DailyRate", "c"."Description", "c"."FuelType", "c"."HasAirConditioning", "c"."HasGPS", "c"."ImageUrl", "c"."LicensePlate", "c"."Make", "c"."Mileage", "c"."Model", "c"."SeatingCapacity", "c"."Status", "c"."Transmission", "c"."UpdatedAt", "c"."UpdatedBy", "c"."Year"
FROM "Cars" AS "c"
2026-01-29 08:51:29.636 +05:30 [INF] Executing OkObjectResult, writing value of type 'CarRental.API.Controllers.ApiResponse`1[[System.Collections.Generic.IEnumerable`1[[CarRental.Application.DTOs.Car.CarDto, CarRental.Application, Version=1.0.0.0, Culture=neutral, PublicKeyToken=null]], System.Private.CoreLib, Version=8.0.0.0, Culture=neutral, PublicKeyToken=7cec85d7bea7798e]]'.
2026-01-29 08:51:29.636 +05:30 [INF] Executed action CarRental.API.Controllers.CarsController.GetAll (CarRental.API) in 2.836ms
2026-01-29 08:51:29.636 +05:30 [INF] Executed endpoint 'CarRental.API.Controllers.CarsController.GetAll (CarRental.API)'
2026-01-29 08:51:29.637 +05:30 [INF] Request finished HTTP/1.1 GET http://localhost:5000/api/Cars - 200 null application/json; charset=utf-8 4.2556ms
2026-01-29 08:51:34.374 +05:30 [INF] Request starting HTTP/1.1 GET http://localhost:5000/api/Cars/33333333-3333-3333-3333-333333333333 - null null
2026-01-29 08:51:34.375 +05:30 [INF] Executing endpoint 'CarRental.API.Controllers.CarsController.GetById (CarRental.API)'
2026-01-29 08:51:34.375 +05:30 [INF] Route matched with {action = "GetById", controller = "Cars"}. Executing controller action with signature System.Threading.Tasks.Task`1[Microsoft.AspNetCore.Mvc.IActionResult] GetById(System.Guid, System.Threading.CancellationToken) on controller CarRental.API.Controllers.CarsController (CarRental.API).
2026-01-29 08:51:34.376 +05:30 [INF] Getting car with ID: "33333333-3333-3333-3333-333333333333"
2026-01-29 08:51:34.377 +05:30 [INF] Executed DbCommand (0ms) [Parameters=[@__get_Item_0='?' (DbType = Guid)], CommandType='"Text"', CommandTimeout='30']
SELECT "c"."Id", "c"."Category", "c"."Color", "c"."CreatedAt", "c"."CreatedBy", "c"."DailyRate", "c"."Description", "c"."FuelType", "c"."HasAirConditioning", "c"."HasGPS", "c"."ImageUrl", "c"."LicensePlate", "c"."Make", "c"."Mileage", "c"."Model", "c"."SeatingCapacity", "c"."Status", "c"."Transmission", "c"."UpdatedAt", "c"."UpdatedBy", "c"."Year"
FROM "Cars" AS "c"
WHERE "c"."Id" = @__get_Item_0
LIMIT 1
2026-01-29 08:51:34.378 +05:30 [INF] Executing OkObjectResult, writing value of type 'CarRental.API.Controllers.ApiResponse`1[[CarRental.Application.DTOs.Car.CarDto, CarRental.Application, Version=1.0.0.0, Culture=neutral, PublicKeyToken=null]]'.
2026-01-29 08:51:34.378 +05:30 [INF] Executed action CarRental.API.Controllers.CarsController.GetById (CarRental.API) in 2.9977ms
2026-01-29 08:51:34.378 +05:30 [INF] Executed endpoint 'CarRental.API.Controllers.CarsController.GetById (CarRental.API)'
2026-01-29 08:51:34.378 +05:30 [INF] Request finished HTTP/1.1 GET http://localhost:5000/api/Cars/33333333-3333-3333-3333-333333333333 - 200 null application/json; charset=utf-8 4.6055ms
2026-01-29 08:51:34.382 +05:30 [INF] Request starting HTTP/1.1 GET http://localhost:5000/api/Cars/33333333-3333-3333-3333-333333333333 - null null
2026-01-29 08:51:34.383 +05:30 [INF] Executing endpoint 'CarRental.API.Controllers.CarsController.GetById (CarRental.API)'
2026-01-29 08:51:34.383 +05:30 [INF] Route matched with {action = "GetById", controller = "Cars"}. Executing controller action with signature System.Threading.Tasks.Task`1[Microsoft.AspNetCore.Mvc.IActionResult] GetById(System.Guid, System.Threading.CancellationToken) on controller CarRental.API.Controllers.CarsController (CarRental.API).
2026-01-29 08:51:34.384 +05:30 [INF] Getting car with ID: "33333333-3333-3333-3333-333333333333"
2026-01-29 08:51:34.386 +05:30 [INF] Executed DbCommand (0ms) [Parameters=[@__get_Item_0='?' (DbType = Guid)], CommandType='"Text"', CommandTimeout='30']
SELECT "c"."Id", "c"."Category", "c"."Color", "c"."CreatedAt", "c"."CreatedBy", "c"."DailyRate", "c"."Description", "c"."FuelType", "c"."HasAirConditioning", "c"."HasGPS", "c"."ImageUrl", "c"."LicensePlate", "c"."Make", "c"."Mileage", "c"."Model", "c"."SeatingCapacity", "c"."Status", "c"."Transmission", "c"."UpdatedAt", "c"."UpdatedBy", "c"."Year"
FROM "Cars" AS "c"
WHERE "c"."Id" = @__get_Item_0
LIMIT 1
2026-01-29 08:51:34.386 +05:30 [INF] Executing OkObjectResult, writing value of type 'CarRental.API.Controllers.ApiResponse`1[[CarRental.Application.DTOs.Car.CarDto, CarRental.Application, Version=1.0.0.0, Culture=neutral, PublicKeyToken=null]]'.
2026-01-29 08:51:34.386 +05:30 [INF] Executed action CarRental.API.Controllers.CarsController.GetById (CarRental.API) in 2.9601ms
2026-01-29 08:51:34.387 +05:30 [INF] Executed endpoint 'CarRental.API.Controllers.CarsController.GetById (CarRental.API)'
2026-01-29 08:51:34.387 +05:30 [INF] Request finished HTTP/1.1 GET http://localhost:5000/api/Cars/33333333-3333-3333-3333-333333333333 - 200 null application/json; charset=utf-8 4.3285ms
2026-01-29 08:51:44.757 +05:30 [INF] Request starting HTTP/1.1 GET http://localhost:5000/api/Cars/33333333-3333-3333-3333-333333333333 - null null
2026-01-29 08:51:44.757 +05:30 [INF] Executing endpoint 'CarRental.API.Controllers.CarsController.GetById (CarRental.API)'
2026-01-29 08:51:44.757 +05:30 [INF] Route matched with {action = "GetById", controller = "Cars"}. Executing controller action with signature System.Threading.Tasks.Task`1[Microsoft.AspNetCore.Mvc.IActionResult] GetById(System.Guid, System.Threading.CancellationToken) on controller CarRental.API.Controllers.CarsController (CarRental.API).
2026-01-29 08:51:44.758 +05:30 [INF] Getting car with ID: "33333333-3333-3333-3333-333333333333"
2026-01-29 08:51:44.758 +05:30 [INF] Executed DbCommand (0ms) [Parameters=[@__get_Item_0='?' (DbType = Guid)], CommandType='"Text"', CommandTimeout='30']
SELECT "c"."Id", "c"."Category", "c"."Color", "c"."CreatedAt", "c"."CreatedBy", "c"."DailyRate", "c"."Description", "c"."FuelType", "c"."HasAirConditioning", "c"."HasGPS", "c"."ImageUrl", "c"."LicensePlate", "c"."Make", "c"."Mileage", "c"."Model", "c"."SeatingCapacity", "c"."Status", "c"."Transmission", "c"."UpdatedAt", "c"."UpdatedBy", "c"."Year"
FROM "Cars" AS "c"
WHERE "c"."Id" = @__get_Item_0
LIMIT 1
2026-01-29 08:51:44.758 +05:30 [INF] Executing OkObjectResult, writing value of type 'CarRental.API.Controllers.ApiResponse`1[[CarRental.Application.DTOs.Car.CarDto, CarRental.Application, Version=1.0.0.0, Culture=neutral, PublicKeyToken=null]]'.
2026-01-29 08:51:44.759 +05:30 [INF] Executed action CarRental.API.Controllers.CarsController.GetById (CarRental.API) in 1.1902ms
2026-01-29 08:51:44.759 +05:30 [INF] Executed endpoint 'CarRental.API.Controllers.CarsController.GetById (CarRental.API)'
2026-01-29 08:51:44.759 +05:30 [INF] Request finished HTTP/1.1 GET http://localhost:5000/api/Cars/33333333-3333-3333-3333-333333333333 - 200 null application/json; charset=utf-8 1.8712ms
2026-01-29 08:51:44.760 +05:30 [INF] Request starting HTTP/1.1 GET http://localhost:5000/api/Cars/33333333-3333-3333-3333-333333333333 - null null
2026-01-29 08:51:44.760 +05:30 [INF] Executing endpoint 'CarRental.API.Controllers.CarsController.GetById (CarRental.API)'
2026-01-29 08:51:44.760 +05:30 [INF] Route matched with {action = "GetById", controller = "Cars"}. Executing controller action with signature System.Threading.Tasks.Task`1[Microsoft.AspNetCore.Mvc.IActionResult] GetById(System.Guid, System.Threading.CancellationToken) on controller CarRental.API.Controllers.CarsController (CarRental.API).
2026-01-29 08:51:44.761 +05:30 [INF] Getting car with ID: "33333333-3333-3333-3333-333333333333"
2026-01-29 08:51:44.761 +05:30 [INF] Executed DbCommand (0ms) [Parameters=[@__get_Item_0='?' (DbType = Guid)], CommandType='"Text"', CommandTimeout='30']
SELECT "c"."Id", "c"."Category", "c"."Color", "c"."CreatedAt", "c"."CreatedBy", "c"."DailyRate", "c"."Description", "c"."FuelType", "c"."HasAirConditioning", "c"."HasGPS", "c"."ImageUrl", "c"."LicensePlate", "c"."Make", "c"."Mileage", "c"."Model", "c"."SeatingCapacity", "c"."Status", "c"."Transmission", "c"."UpdatedAt", "c"."UpdatedBy", "c"."Year"
FROM "Cars" AS "c"
WHERE "c"."Id" = @__get_Item_0
LIMIT 1
2026-01-29 08:51:44.761 +05:30 [INF] Executing OkObjectResult, writing value of type 'CarRental.API.Controllers.ApiResponse`1[[CarRental.Application.DTOs.Car.CarDto, CarRental.Application, Version=1.0.0.0, Culture=neutral, PublicKeyToken=null]]'.
2026-01-29 08:51:44.761 +05:30 [INF] Executed action CarRental.API.Controllers.CarsController.GetById (CarRental.API) in 0.8342ms
2026-01-29 08:51:44.761 +05:30 [INF] Executed endpoint 'CarRental.API.Controllers.CarsController.GetById (CarRental.API)'
2026-01-29 08:51:44.761 +05:30 [INF] Request finished HTTP/1.1 GET http://localhost:5000/api/Cars/33333333-3333-3333-3333-333333333333 - 200 null application/json; charset=utf-8 1.34ms
2026-01-29 08:52:01.760 +05:30 [INF] Request starting HTTP/1.1 GET http://localhost:5000/api/Cars/33333333-3333-3333-3333-333333333333 - null null
2026-01-29 08:52:01.762 +05:30 [INF] Executing endpoint 'CarRental.API.Controllers.CarsController.GetById (CarRental.API)'
2026-01-29 08:52:01.762 +05:30 [INF] Route matched with {action = "GetById", controller = "Cars"}. Executing controller action with signature System.Threading.Tasks.Task`1[Microsoft.AspNetCore.Mvc.IActionResult] GetById(System.Guid, System.Threading.CancellationToken) on controller CarRental.API.Controllers.CarsController (CarRental.API).
2026-01-29 08:52:01.762 +05:30 [INF] Getting car with ID: "33333333-3333-3333-3333-333333333333"
2026-01-29 08:52:01.764 +05:30 [INF] Executed DbCommand (0ms) [Parameters=[@__get_Item_0='?' (DbType = Guid)], CommandType='"Text"', CommandTimeout='30']
SELECT "c"."Id", "c"."Category", "c"."Color", "c"."CreatedAt", "c"."CreatedBy", "c"."DailyRate", "c"."Description", "c"."FuelType", "c"."HasAirConditioning", "c"."HasGPS", "c"."ImageUrl", "c"."LicensePlate", "c"."Make", "c"."Mileage", "c"."Model", "c"."SeatingCapacity", "c"."Status", "c"."Transmission", "c"."UpdatedAt", "c"."UpdatedBy", "c"."Year"
FROM "Cars" AS "c"
WHERE "c"."Id" = @__get_Item_0
LIMIT 1
2026-01-29 08:52:01.764 +05:30 [INF] Executing OkObjectResult, writing value of type 'CarRental.API.Controllers.ApiResponse`1[[CarRental.Application.DTOs.Car.CarDto, CarRental.Application, Version=1.0.0.0, Culture=neutral, PublicKeyToken=null]]'.
2026-01-29 08:52:01.765 +05:30 [INF] Executed action CarRental.API.Controllers.CarsController.GetById (CarRental.API) in 2.4821ms
2026-01-29 08:52:01.767 +05:30 [INF] Request starting HTTP/1.1 GET http://localhost:5000/api/Cars/33333333-3333-3333-3333-333333333333 - null null
2026-01-29 08:52:01.768 +05:30 [INF] Executed endpoint 'CarRental.API.Controllers.CarsController.GetById (CarRental.API)'
2026-01-29 08:52:01.768 +05:30 [INF] Request finished HTTP/1.1 GET http://localhost:5000/api/Cars/33333333-3333-3333-3333-333333333333 - 200 null application/json; charset=utf-8 7.9624ms
2026-01-29 08:52:01.769 +05:30 [INF] Executing endpoint 'CarRental.API.Controllers.CarsController.GetById (CarRental.API)'
2026-01-29 08:52:01.769 +05:30 [INF] Route matched with {action = "GetById", controller = "Cars"}. Executing controller action with signature System.Threading.Tasks.Task`1[Microsoft.AspNetCore.Mvc.IActionResult] GetById(System.Guid, System.Threading.CancellationToken) on controller CarRental.API.Controllers.CarsController (CarRental.API).
2026-01-29 08:52:01.770 +05:30 [INF] Getting car with ID: "33333333-3333-3333-3333-333333333333"
2026-01-29 08:52:01.774 +05:30 [INF] Executed DbCommand (0ms) [Parameters=[@__get_Item_0='?' (DbType = Guid)], CommandType='"Text"', CommandTimeout='30']
SELECT "c"."Id", "c"."Category", "c"."Color", "c"."CreatedAt", "c"."CreatedBy", "c"."DailyRate", "c"."Description", "c"."FuelType", "c"."HasAirConditioning", "c"."HasGPS", "c"."ImageUrl", "c"."LicensePlate", "c"."Make", "c"."Mileage", "c"."Model", "c"."SeatingCapacity", "c"."Status", "c"."Transmission", "c"."UpdatedAt", "c"."UpdatedBy", "c"."Year"
FROM "Cars" AS "c"
WHERE "c"."Id" = @__get_Item_0
LIMIT 1
2026-01-29 08:52:01.777 +05:30 [INF] Executing OkObjectResult, writing value of type 'CarRental.API.Controllers.ApiResponse`1[[CarRental.Application.DTOs.Car.CarDto, CarRental.Application, Version=1.0.0.0, Culture=neutral, PublicKeyToken=null]]'.
2026-01-29 08:52:01.778 +05:30 [INF] Executed action CarRental.API.Controllers.CarsController.GetById (CarRental.API) in 8.403ms
2026-01-29 08:52:01.778 +05:30 [INF] Executed endpoint 'CarRental.API.Controllers.CarsController.GetById (CarRental.API)'
2026-01-29 08:52:01.778 +05:30 [INF] Request finished HTTP/1.1 GET http://localhost:5000/api/Cars/33333333-3333-3333-3333-333333333333 - 200 null application/json; charset=utf-8 11.1103ms
2026-01-29 08:53:02.578 +05:30 [INF] Request starting HTTP/1.1 GET http://localhost:5000/api/Cars/available - null null
2026-01-29 08:53:02.581 +05:30 [INF] Executing endpoint 'CarRental.API.Controllers.CarsController.GetAvailable (CarRental.API)'
2026-01-29 08:53:02.584 +05:30 [INF] Route matched with {action = "GetAvailable", controller = "Cars"}. Executing controller action with signature System.Threading.Tasks.Task`1[Microsoft.AspNetCore.Mvc.IActionResult] GetAvailable(System.DateTime, System.DateTime, System.Threading.CancellationToken) on controller CarRental.API.Controllers.CarsController (CarRental.API).
2026-01-29 08:53:02.585 +05:30 [INF] Getting available cars from "0001-01-01T00:00:00.0000000" to "0001-01-01T00:00:00.0000000"
2026-01-29 08:53:02.587 +05:30 [INF] Executing BadRequestObjectResult, writing value of type 'CarRental.API.Controllers.ApiResponse`1[[System.Collections.Generic.IEnumerable`1[[CarRental.Application.DTOs.Car.CarDto, CarRental.Application, Version=1.0.0.0, Culture=neutral, PublicKeyToken=null]], System.Private.CoreLib, Version=8.0.0.0, Culture=neutral, PublicKeyToken=7cec85d7bea7798e]]'.
2026-01-29 08:53:02.587 +05:30 [INF] Executed action CarRental.API.Controllers.CarsController.GetAvailable (CarRental.API) in 2.7702ms
2026-01-29 08:53:02.587 +05:30 [INF] Executed endpoint 'CarRental.API.Controllers.CarsController.GetAvailable (CarRental.API)'
2026-01-29 08:53:02.587 +05:30 [INF] Request finished HTTP/1.1 GET http://localhost:5000/api/Cars/available - 400 null application/json; charset=utf-8 9.3742ms
2026-01-29 08:53:37.865 +05:30 [INF] Request starting HTTP/1.1 GET http://localhost:5000/api/Cars/search?make=safari - null null
2026-01-29 08:53:37.866 +05:30 [INF] Executing endpoint 'CarRental.API.Controllers.CarsController.Search (CarRental.API)'
2026-01-29 08:53:37.869 +05:30 [INF] Route matched with {action = "Search", controller = "Cars"}. Executing controller action with signature System.Threading.Tasks.Task`1[Microsoft.AspNetCore.Mvc.IActionResult] Search(System.String, System.String, System.Nullable`1[CarRental.Domain.Enums.CarCategory], System.Nullable`1[System.Decimal], System.Threading.CancellationToken) on controller CarRental.API.Controllers.CarsController (CarRental.API).
2026-01-29 08:53:37.874 +05:30 [INF] Searching cars with filters
2026-01-29 08:53:37.880 +05:30 [INF] Executed DbCommand (0ms) [Parameters=[@__ToLower_0='?' (Size = 6)], CommandType='"Text"', CommandTimeout='30']
SELECT "c"."Id", "c"."Category", "c"."Color", "c"."CreatedAt", "c"."CreatedBy", "c"."DailyRate", "c"."Description", "c"."FuelType", "c"."HasAirConditioning", "c"."HasGPS", "c"."ImageUrl", "c"."LicensePlate", "c"."Make", "c"."Mileage", "c"."Model", "c"."SeatingCapacity", "c"."Status", "c"."Transmission", "c"."UpdatedAt", "c"."UpdatedBy", "c"."Year"
FROM "Cars" AS "c"
WHERE instr(lower("c"."Make"), @__ToLower_0) > 0
2026-01-29 08:53:37.880 +05:30 [INF] Executing OkObjectResult, writing value of type 'CarRental.API.Controllers.ApiResponse`1[[System.Collections.Generic.IEnumerable`1[[CarRental.Application.DTOs.Car.CarDto, CarRental.Application, Version=1.0.0.0, Culture=neutral, PublicKeyToken=null]], System.Private.CoreLib, Version=8.0.0.0, Culture=neutral, PublicKeyToken=7cec85d7bea7798e]]'.
2026-01-29 08:53:37.881 +05:30 [INF] Executed action CarRental.API.Controllers.CarsController.Search (CarRental.API) in 10.906ms
2026-01-29 08:53:37.881 +05:30 [INF] Executed endpoint 'CarRental.API.Controllers.CarsController.Search (CarRental.API)'
2026-01-29 08:53:37.881 +05:30 [INF] Request finished HTTP/1.1 GET http://localhost:5000/api/Cars/search?make=safari - 200 null application/json; charset=utf-8 15.4309ms
2026-01-29 08:53:46.476 +05:30 [INF] Request starting HTTP/1.1 GET http://localhost:5000/api/Cars/search - null null
2026-01-29 08:53:46.476 +05:30 [INF] Executing endpoint 'CarRental.API.Controllers.CarsController.Search (CarRental.API)'
2026-01-29 08:53:46.476 +05:30 [INF] Route matched with {action = "Search", controller = "Cars"}. Executing controller action with signature System.Threading.Tasks.Task`1[Microsoft.AspNetCore.Mvc.IActionResult] Search(System.String, System.String, System.Nullable`1[CarRental.Domain.Enums.CarCategory], System.Nullable`1[System.Decimal], System.Threading.CancellationToken) on controller CarRental.API.Controllers.CarsController (CarRental.API).
2026-01-29 08:53:46.477 +05:30 [INF] Searching cars with filters
2026-01-29 08:53:46.479 +05:30 [INF] Executed DbCommand (0ms) [Parameters=[], CommandType='"Text"', CommandTimeout='30']
SELECT "c"."Id", "c"."Category", "c"."Color", "c"."CreatedAt", "c"."CreatedBy", "c"."DailyRate", "c"."Description", "c"."FuelType", "c"."HasAirConditioning", "c"."HasGPS", "c"."ImageUrl", "c"."LicensePlate", "c"."Make", "c"."Mileage", "c"."Model", "c"."SeatingCapacity", "c"."Status", "c"."Transmission", "c"."UpdatedAt", "c"."UpdatedBy", "c"."Year"
FROM "Cars" AS "c"
2026-01-29 08:53:46.479 +05:30 [INF] Executing OkObjectResult, writing value of type 'CarRental.API.Controllers.ApiResponse`1[[System.Collections.Generic.IEnumerable`1[[CarRental.Application.DTOs.Car.CarDto, CarRental.Application, Version=1.0.0.0, Culture=neutral, PublicKeyToken=null]], System.Private.CoreLib, Version=8.0.0.0, Culture=neutral, PublicKeyToken=7cec85d7bea7798e]]'.
2026-01-29 08:53:46.479 +05:30 [INF] Executed action CarRental.API.Controllers.CarsController.Search (CarRental.API) in 3.0415ms
2026-01-29 08:53:46.481 +05:30 [INF] Executed endpoint 'CarRental.API.Controllers.CarsController.Search (CarRental.API)'
2026-01-29 08:53:46.482 +05:30 [INF] Request finished HTTP/1.1 GET http://localhost:5000/api/Cars/search - 200 null application/json; charset=utf-8 5.8707ms
2026-01-29 08:53:55.871 +05:30 [INF] Request starting HTTP/1.1 GET http://localhost:5000/api/Cars/search?make=Toyota - null null
2026-01-29 08:53:55.872 +05:30 [INF] Executing endpoint 'CarRental.API.Controllers.CarsController.Search (CarRental.API)'
2026-01-29 08:53:55.872 +05:30 [INF] Route matched with {action = "Search", controller = "Cars"}. Executing controller action with signature System.Threading.Tasks.Task`1[Microsoft.AspNetCore.Mvc.IActionResult] Search(System.String, System.String, System.Nullable`1[CarRental.Domain.Enums.CarCategory], System.Nullable`1[System.Decimal], System.Threading.CancellationToken) on controller CarRental.API.Controllers.CarsController (CarRental.API).
2026-01-29 08:53:55.873 +05:30 [INF] Searching cars with filters
2026-01-29 08:53:55.876 +05:30 [INF] Executed DbCommand (0ms) [Parameters=[@__ToLower_0='?' (Size = 6)], CommandType='"Text"', CommandTimeout='30']
SELECT "c"."Id", "c"."Category", "c"."Color", "c"."CreatedAt", "c"."CreatedBy", "c"."DailyRate", "c"."Description", "c"."FuelType", "c"."HasAirConditioning", "c"."HasGPS", "c"."ImageUrl", "c"."LicensePlate", "c"."Make", "c"."Mileage", "c"."Model", "c"."SeatingCapacity", "c"."Status", "c"."Transmission", "c"."UpdatedAt", "c"."UpdatedBy", "c"."Year"
FROM "Cars" AS "c"
WHERE instr(lower("c"."Make"), @__ToLower_0) > 0
2026-01-29 08:53:55.877 +05:30 [INF] Executing OkObjectResult, writing value of type 'CarRental.API.Controllers.ApiResponse`1[[System.Collections.Generic.IEnumerable`1[[CarRental.Application.DTOs.Car.CarDto, CarRental.Application, Version=1.0.0.0, Culture=neutral, PublicKeyToken=null]], System.Private.CoreLib, Version=8.0.0.0, Culture=neutral, PublicKeyToken=7cec85d7bea7798e]]'.
2026-01-29 08:53:55.878 +05:30 [INF] Executed action CarRental.API.Controllers.CarsController.Search (CarRental.API) in 5.3424ms
2026-01-29 08:53:55.878 +05:30 [INF] Executed endpoint 'CarRental.API.Controllers.CarsController.Search (CarRental.API)'
2026-01-29 08:53:55.878 +05:30 [INF] Request finished HTTP/1.1 GET http://localhost:5000/api/Cars/search?make=Toyota - 200 null application/json; charset=utf-8 6.3271ms
2026-01-29 08:54:21.389 +05:30 [INF] Request starting HTTP/1.1 GET http://localhost:5000/api/Rentals - null null
2026-01-29 08:54:21.391 +05:30 [INF] Authorization failed. These requirements were not met:
DenyAnonymousAuthorizationRequirement: Requires an authenticated user.
RolesAuthorizationRequirement:User.IsInRole must be true for one of the following roles: (Admin|Manager|Staff)
2026-01-29 08:54:21.394 +05:30 [INF] AuthenticationScheme: Bearer was challenged.
2026-01-29 08:54:21.394 +05:30 [INF] Request finished HTTP/1.1 GET http://localhost:5000/api/Rentals - 401 0 null 4.1564ms
2026-01-29 08:55:25.212 +05:30 [INF] Request starting HTTP/1.1 GET http://localhost:5000/api/Users/customers - null null
2026-01-29 08:55:25.213 +05:30 [INF] Authorization failed. These requirements were not met:
DenyAnonymousAuthorizationRequirement: Requires an authenticated user.
RolesAuthorizationRequirement:User.IsInRole must be true for one of the following roles: (Admin|Manager|Staff)
2026-01-29 08:55:25.213 +05:30 [INF] AuthenticationScheme: Bearer was challenged.
2026-01-29 08:55:25.214 +05:30 [INF] Request finished HTTP/1.1 GET http://localhost:5000/api/Users/customers - 401 0 null 1.9846ms
2026-01-29 08:56:38.776 +05:30 [INF] Request starting HTTP/1.1 GET http://localhost:5000/api/Cars - null null
2026-01-29 08:56:38.776 +05:30 [INF] Executing endpoint 'CarRental.API.Controllers.CarsController.GetAll (CarRental.API)'
2026-01-29 08:56:38.776 +05:30 [INF] Route matched with {action = "GetAll", controller = "Cars"}. Executing controller action with signature System.Threading.Tasks.Task`1[Microsoft.AspNetCore.Mvc.IActionResult] GetAll(System.Threading.CancellationToken) on controller CarRental.API.Controllers.CarsController (CarRental.API).
2026-01-29 08:56:38.776 +05:30 [INF] Getting all cars
2026-01-29 08:56:38.777 +05:30 [INF] Executed DbCommand (0ms) [Parameters=[], CommandType='"Text"', CommandTimeout='30']
SELECT "c"."Id", "c"."Category", "c"."Color", "c"."CreatedAt", "c"."CreatedBy", "c"."DailyRate", "c"."Description", "c"."FuelType", "c"."HasAirConditioning", "c"."HasGPS", "c"."ImageUrl", "c"."LicensePlate", "c"."Make", "c"."Mileage", "c"."Model", "c"."SeatingCapacity", "c"."Status", "c"."Transmission", "c"."UpdatedAt", "c"."UpdatedBy", "c"."Year"
FROM "Cars" AS "c"
2026-01-29 08:56:38.777 +05:30 [INF] Executing OkObjectResult, writing value of type 'CarRental.API.Controllers.ApiResponse`1[[System.Collections.Generic.IEnumerable`1[[CarRental.Application.DTOs.Car.CarDto, CarRental.Application, Version=1.0.0.0, Culture=neutral, PublicKeyToken=null]], System.Private.CoreLib, Version=8.0.0.0, Culture=neutral, PublicKeyToken=7cec85d7bea7798e]]'.
2026-01-29 08:56:38.777 +05:30 [INF] Executed action CarRental.API.Controllers.CarsController.GetAll (CarRental.API) in 1.3178ms
2026-01-29 08:56:38.777 +05:30 [INF] Executed endpoint 'CarRental.API.Controllers.CarsController.GetAll (CarRental.API)'
2026-01-29 08:56:38.778 +05:30 [INF] Request finished HTTP/1.1 GET http://localhost:5000/api/Cars - 200 null application/json; charset=utf-8 1.9191ms
2026-01-29 09:00:30.386 +05:30 [INF] Application is shutting down...
2026-01-29 09:19:13.115 +05:30 [INF] Executed DbCommand (3ms) [Parameters=[], CommandType='"Text"', CommandTimeout='30']
SELECT COUNT(*) FROM "sqlite_master" WHERE "type" = 'table' AND "rootpage" IS NOT NULL;
2026-01-29 09:19:13.139 +05:30 [INF] Car Rental API is starting...
2026-01-29 09:19:13.144 +05:30 [INF] User profile is available. Using '/Users/prashantkumar/.aspnet/DataProtection-Keys' as key repository; keys will not be encrypted at rest.
2026-01-29 09:19:13.161 +05:30 [INF] Now listening on: http://localhost:5000
2026-01-29 09:19:13.161 +05:30 [INF] Application started. Press Ctrl+C to shut down.
2026-01-29 09:19:13.161 +05:30 [INF] Hosting environment: Production
2026-01-29 09:19:13.161 +05:30 [INF] Content root path: /Users/prashantkumar/Desktop/CarRental-backend/backend/src/CarRental.API
2026-01-29 09:19:49.042 +05:30 [INF] Request starting HTTP/1.1 GET http://localhost:5000/health - null null
2026-01-29 09:19:49.051 +05:30 [WRN] Failed to determine the https port for redirect.
2026-01-29 09:19:49.061 +05:30 [INF] Executing endpoint 'Health checks'
2026-01-29 09:19:49.072 +05:30 [INF] Executed endpoint 'Health checks'
2026-01-29 09:19:49.072 +05:30 [INF] Request finished HTTP/1.1 GET http://localhost:5000/health - 200 null text/plain 31.1973ms
2026-01-29 09:19:59.796 +05:30 [INF] Application is shutting down...
2026-01-29 09:26:14.205 +05:30 [INF] Executed DbCommand (3ms) [Parameters=[], CommandType='"Text"', CommandTimeout='30']
SELECT COUNT(*) FROM "sqlite_master" WHERE "type" = 'table' AND "rootpage" IS NOT NULL;
2026-01-29 09:26:14.227 +05:30 [INF] Car Rental API is starting...
2026-01-29 09:26:14.232 +05:30 [INF] User profile is available. Using '/Users/prashantkumar/.aspnet/DataProtection-Keys' as key repository; keys will not be encrypted at rest.
2026-01-29 09:26:14.246 +05:30 [INF] Now listening on: http://localhost:5000
2026-01-29 09:26:14.247 +05:30 [INF] Application started. Press Ctrl+C to shut down.
2026-01-29 09:26:14.247 +05:30 [INF] Hosting environment: Production
2026-01-29 09:26:14.247 +05:30 [INF] Content root path: /Users/prashantkumar/Desktop/CarRental-backend/backend/src/CarRental.API
2026-01-29 09:26:28.119 +05:30 [INF] Request starting HTTP/1.1 GET http://localhost:5000/swagger/index.html - null null
2026-01-29 09:26:28.151 +05:30 [INF] Request finished HTTP/1.1 GET http://localhost:5000/swagger/index.html - 200 null text/html;charset=utf-8 33.6262ms
2026-01-29 09:26:28.274 +05:30 [INF] Request starting HTTP/1.1 GET http://localhost:5000/swagger/v1/swagger.json - null null
2026-01-29 09:26:28.353 +05:30 [INF] Request finished HTTP/1.1 GET http://localhost:5000/swagger/v1/swagger.json - 200 null application/json;charset=utf-8 78.1862ms
2026-01-29 09:29:42.323 +05:30 [INF] Application is shutting down...
2026-01-29 09:29:56.913 +05:30 [INF] Executed DbCommand (3ms) [Parameters=[], CommandType='"Text"', CommandTimeout='30']
SELECT COUNT(*) FROM "sqlite_master" WHERE "type" = 'table' AND "rootpage" IS NOT NULL;
2026-01-29 09:29:56.937 +05:30 [INF] Car Rental API is starting...
2026-01-29 09:29:56.942 +05:30 [INF] User profile is available. Using '/Users/prashantkumar/.aspnet/DataProtection-Keys' as key repository; keys will not be encrypted at rest.
2026-01-29 09:29:56.957 +05:30 [INF] Now listening on: http://localhost:5000
2026-01-29 09:29:56.957 +05:30 [INF] Application started. Press Ctrl+C to shut down.
2026-01-29 09:29:56.958 +05:30 [INF] Hosting environment: Production
2026-01-29 09:29:56.958 +05:30 [INF] Content root path: /Users/prashantkumar/Desktop/CarRental-backend/backend/src/CarRental.API
2026-01-29 09:30:07.412 +05:30 [INF] Request starting HTTP/1.1 GET http://localhost:5000/health - null null
2026-01-29 09:30:07.425 +05:30 [WRN] Failed to determine the https port for redirect.
2026-01-29 09:30:07.436 +05:30 [INF] Executing endpoint 'Health checks'
2026-01-29 09:30:07.445 +05:30 [INF] Executed endpoint 'Health checks'
2026-01-29 09:30:07.445 +05:30 [INF] Request finished HTTP/1.1 GET http://localhost:5000/health - 200 null text/plain 33.7818ms
2026-01-29 09:31:43.248 +05:30 [INF] Executed DbCommand (2ms) [Parameters=[], CommandType='"Text"', CommandTimeout='30']
SELECT COUNT(*) FROM "sqlite_master" WHERE "type" = 'table' AND "rootpage" IS NOT NULL;
2026-01-29 09:31:43.277 +05:30 [INF] Car Rental API is starting...
2026-01-29 09:31:43.282 +05:30 [INF] User profile is available. Using '/Users/prashantkumar/.aspnet/DataProtection-Keys' as key repository; keys will not be encrypted at rest.
2026-01-29 09:31:43.298 +05:30 [ERR] Hosting failed to start
System.IO.IOException: Failed to bind to address http://127.0.0.1:5000: address already in use.
 ---> Microsoft.AspNetCore.Connections.AddressInUseException: Address already in use
 ---> System.Net.Sockets.SocketException (48): Address already in use
   at System.Net.Sockets.Socket.DoBind(EndPoint endPointSnapshot, SocketAddress socketAddress)
   at System.Net.Sockets.Socket.Bind(EndPoint localEP)
   at Microsoft.AspNetCore.Server.Kestrel.Transport.Sockets.SocketTransportOptions.CreateDefaultBoundListenSocket(EndPoint endpoint)
   at Microsoft.AspNetCore.Server.Kestrel.Transport.Sockets.SocketConnectionListener.Bind()
   --- End of inner exception stack trace ---
   at Microsoft.AspNetCore.Server.Kestrel.Transport.Sockets.SocketConnectionListener.Bind()
   at Microsoft.AspNetCore.Server.Kestrel.Transport.Sockets.SocketTransportFactory.BindAsync(EndPoint endpoint, CancellationToken cancellationToken)
   at Microsoft.AspNetCore.Server.Kestrel.Core.Internal.Infrastructure.TransportManager.BindAsync(EndPoint endPoint, ConnectionDelegate connectionDelegate, EndpointConfig endpointConfig, CancellationToken cancellationToken)
   at Microsoft.AspNetCore.Server.Kestrel.Core.KestrelServerImpl.<>c__DisplayClass28_0`1.<<StartAsync>g__OnBind|0>d.MoveNext()
--- End of stack trace from previous location ---
   at Microsoft.AspNetCore.Server.Kestrel.Core.Internal.AddressBinder.BindEndpointAsync(ListenOptions endpoint, AddressBindContext context, CancellationToken cancellationToken)
   --- End of inner exception stack trace ---
   at Microsoft.AspNetCore.Server.Kestrel.Core.Internal.AddressBinder.BindEndpointAsync(ListenOptions endpoint, AddressBindContext context, CancellationToken cancellationToken)
   at Microsoft.AspNetCore.Server.Kestrel.Core.LocalhostListenOptions.BindAsync(AddressBindContext context, CancellationToken cancellationToken)
   at Microsoft.AspNetCore.Server.Kestrel.Core.Internal.AddressBinder.DefaultAddressStrategy.BindAsync(AddressBindContext context, CancellationToken cancellationToken)
   at Microsoft.AspNetCore.Server.Kestrel.Core.Internal.AddressBinder.BindAsync(ListenOptions[] listenOptions, AddressBindContext context, Func`2 useHttps, CancellationToken cancellationToken)
   at Microsoft.AspNetCore.Server.Kestrel.Core.KestrelServerImpl.BindAsync(CancellationToken cancellationToken)
   at Microsoft.AspNetCore.Server.Kestrel.Core.KestrelServerImpl.StartAsync[TContext](IHttpApplication`1 application, CancellationToken cancellationToken)
   at Microsoft.AspNetCore.Hosting.GenericWebHostService.StartAsync(CancellationToken cancellationToken)
   at Microsoft.Extensions.Hosting.Internal.Host.<StartAsync>b__15_1(IHostedService service, CancellationToken token)
   at Microsoft.Extensions.Hosting.Internal.Host.ForeachService[T](IEnumerable`1 services, CancellationToken token, Boolean concurrent, Boolean abortOnFirstException, List`1 exceptions, Func`3 operation)
2026-01-29 09:32:01.080 +05:30 [INF] Executed DbCommand (4ms) [Parameters=[], CommandType='"Text"', CommandTimeout='30']
SELECT COUNT(*) FROM "sqlite_master" WHERE "type" = 'table' AND "rootpage" IS NOT NULL;
2026-01-29 09:32:01.103 +05:30 [INF] Car Rental API is starting...
2026-01-29 09:32:01.108 +05:30 [INF] User profile is available. Using '/Users/prashantkumar/.aspnet/DataProtection-Keys' as key repository; keys will not be encrypted at rest.
2026-01-29 09:32:01.121 +05:30 [INF] Now listening on: http://localhost:5000
2026-01-29 09:32:01.122 +05:30 [INF] Application started. Press Ctrl+C to shut down.
2026-01-29 09:32:01.122 +05:30 [INF] Hosting environment: Production
2026-01-29 09:32:01.122 +05:30 [INF] Content root path: /Users/prashantkumar/Desktop/CarRental-backend/backend/src/CarRental.API
2026-01-29 09:32:12.063 +05:30 [INF] Request starting HTTP/1.1 GET http://localhost:5000/health - null null
2026-01-29 09:32:12.082 +05:30 [WRN] Failed to determine the https port for redirect.
2026-01-29 09:32:12.090 +05:30 [INF] Executing endpoint 'Health checks'
2026-01-29 09:32:12.099 +05:30 [INF] Executed endpoint 'Health checks'
2026-01-29 09:32:12.100 +05:30 [INF] Request finished HTTP/1.1 GET http://localhost:5000/health - 200 null text/plain 37.5277ms
2026-01-29 09:32:19.702 +05:30 [INF] Request starting HTTP/1.1 GET http://localhost:5000/swagger - null null
2026-01-29 09:32:19.705 +05:30 [INF] Request finished HTTP/1.1 GET http://localhost:5000/swagger - 301 0 null 3.7278ms
2026-01-29 09:32:19.708 +05:30 [INF] Request starting HTTP/1.1 GET http://localhost:5000/swagger/index.html - null null
2026-01-29 09:32:19.734 +05:30 [INF] Request finished HTTP/1.1 GET http://localhost:5000/swagger/index.html - 200 null text/html;charset=utf-8 26.6852ms
2026-01-29 09:32:19.735 +05:30 [INF] Request starting HTTP/1.1 GET http://localhost:5000/swagger/index.html - null null
2026-01-29 09:32:19.736 +05:30 [INF] Request finished HTTP/1.1 GET http://localhost:5000/swagger/index.html - 200 null text/html;charset=utf-8 0.4302ms
2026-01-29 09:32:19.872 +05:30 [INF] Request starting HTTP/1.1 GET http://localhost:5000/swagger/v1/swagger.json - null null
2026-01-29 09:32:19.949 +05:30 [INF] Request finished HTTP/1.1 GET http://localhost:5000/swagger/v1/swagger.json - 200 null application/json;charset=utf-8 76.8118ms
2026-01-29 09:32:22.218 +05:30 [INF] Request starting HTTP/1.1 GET http://localhost:5000/swagger/v1/swagger.json - null null
2026-01-29 09:32:22.249 +05:30 [INF] Request finished HTTP/1.1 GET http://localhost:5000/swagger/v1/swagger.json - 200 null application/json;charset=utf-8 31.5516ms
2026-01-29 09:32:26.793 +05:30 [INF] Request starting HTTP/1.1 GET http://localhost:5000/swagger/v1/swagger.json - null null
2026-01-29 09:32:26.847 +05:30 [INF] Request finished HTTP/1.1 GET http://localhost:5000/swagger/v1/swagger.json - 200 null application/json;charset=utf-8 53.6349ms
2026-01-29 09:32:26.908 +05:30 [INF] Request starting HTTP/1.1 GET http://localhost:5000/favicon.ico - null null
2026-01-29 09:32:26.909 +05:30 [INF] Request finished HTTP/1.1 GET http://localhost:5000/favicon.ico - 404 0 null 0.8032ms
2026-01-29 09:32:26.909 +05:30 [INF] Request reached the end of the middleware pipeline without being handled by application code. Request path: GET http://localhost:5000/favicon.ico, Response status code: 404
2026-01-29 09:33:59.671 +05:30 [INF] Request starting HTTP/1.1 GET http://localhost:5000/swagger/index.html - null null
2026-01-29 09:33:59.673 +05:30 [INF] Request finished HTTP/1.1 GET http://localhost:5000/swagger/index.html - 200 null text/html;charset=utf-8 2.2315ms
2026-01-29 09:33:59.761 +05:30 [INF] Request starting HTTP/1.1 GET http://localhost:5000/swagger/v1/swagger.json - null null
2026-01-29 09:33:59.786 +05:30 [INF] Request finished HTTP/1.1 GET http://localhost:5000/swagger/v1/swagger.json - 200 null application/json;charset=utf-8 24.9777ms
2026-01-29 09:43:33.251 +05:30 [INF] Application is shutting down...
2026-01-29 09:44:17.357 +05:30 [INF] Executed DbCommand (4ms) [Parameters=[], CommandType='"Text"', CommandTimeout='30']
SELECT COUNT(*) FROM "sqlite_master" WHERE "type" = 'table' AND "rootpage" IS NOT NULL;
2026-01-29 09:44:17.383 +05:30 [INF] Car Rental API is starting...
2026-01-29 09:44:17.389 +05:30 [INF] User profile is available. Using '/Users/prashantkumar/.aspnet/DataProtection-Keys' as key repository; keys will not be encrypted at rest.
2026-01-29 09:44:17.405 +05:30 [INF] Now listening on: http://localhost:5000
2026-01-29 09:44:17.405 +05:30 [INF] Application started. Press Ctrl+C to shut down.
2026-01-29 09:44:17.405 +05:30 [INF] Hosting environment: Production
2026-01-29 09:44:17.405 +05:30 [INF] Content root path: /Users/prashantkumar/Desktop/CarRental-backend/backend/src/CarRental.API
2026-01-29 09:44:27.389 +05:30 [INF] Request starting HTTP/1.1 GET http://localhost:5000/health - null null
2026-01-29 09:44:27.405 +05:30 [WRN] Failed to determine the https port for redirect.
2026-01-29 09:44:27.417 +05:30 [INF] Executing endpoint 'Health checks'
2026-01-29 09:44:27.427 +05:30 [INF] Executed endpoint 'Health checks'
2026-01-29 09:44:27.428 +05:30 [INF] Request finished HTTP/1.1 GET http://localhost:5000/health - 200 null text/plain 39.3667ms
2026-01-29 10:08:47.192 +05:30 [INF] Executed DbCommand (6ms) [Parameters=[], CommandType='"Text"', CommandTimeout='30']
CREATE DATABASE `CarRentalDB`;
2026-01-29 10:08:47.266 +05:30 [INF] Executed DbCommand (1ms) [Parameters=[], CommandType='"Text"', CommandTimeout='30']
ALTER DATABASE CHARACTER SET utf8mb4;
2026-01-29 10:08:47.281 +05:30 [INF] Executed DbCommand (15ms) [Parameters=[], CommandType='"Text"', CommandTimeout='30']
CREATE TABLE `Cars` (
    `Id` char(36) COLLATE ascii_general_ci NOT NULL,
    `Make` varchar(50) CHARACTER SET utf8mb4 NOT NULL,
    `Model` varchar(50) CHARACTER SET utf8mb4 NOT NULL,
    `Year` int NOT NULL,
    `LicensePlate` varchar(20) CHARACTER SET utf8mb4 NOT NULL,
    `Color` varchar(30) CHARACTER SET utf8mb4 NOT NULL,
    `Mileage` int NOT NULL,
    `DailyRate` decimal(10,2) NOT NULL,
    `Status` int NOT NULL,
    `Category` int NOT NULL,
    `ImageUrl` longtext CHARACTER SET utf8mb4 NULL,
    `Description` longtext CHARACTER SET utf8mb4 NULL,
    `SeatingCapacity` int NOT NULL,
    `FuelType` varchar(30) CHARACTER SET utf8mb4 NOT NULL,
    `Transmission` varchar(30) CHARACTER SET utf8mb4 NOT NULL,
    `HasAirConditioning` tinyint(1) NOT NULL,
    `HasGPS` tinyint(1) NOT NULL,
    `LastMaintenanceDate` datetime(6) NULL,
    `NextMaintenanceDate` datetime(6) NULL,
    `CreatedAt` datetime(6) NOT NULL,
    `UpdatedAt` datetime(6) NULL,
    `CreatedBy` longtext CHARACTER SET utf8mb4 NULL,
    `UpdatedBy` longtext CHARACTER SET utf8mb4 NULL,
    CONSTRAINT `PK_Cars` PRIMARY KEY (`Id`)
) CHARACTER SET=utf8mb4;
2026-01-29 10:08:47.287 +05:30 [INF] Executed DbCommand (6ms) [Parameters=[], CommandType='"Text"', CommandTimeout='30']
CREATE TABLE `Users` (
    `Id` char(36) COLLATE ascii_general_ci NOT NULL,
    `Email` varchar(255) CHARACTER SET utf8mb4 NOT NULL,
    `PasswordHash` longtext CHARACTER SET utf8mb4 NOT NULL,
    `FirstName` varchar(50) CHARACTER SET utf8mb4 NOT NULL,
    `LastName` varchar(50) CHARACTER SET utf8mb4 NOT NULL,
    `PhoneNumber` varchar(20) CHARACTER SET utf8mb4 NOT NULL,
    `Role` int NOT NULL,
    `IsActive` tinyint(1) NOT NULL,
    `LastLoginAt` datetime(6) NULL,
    `Street` longtext CHARACTER SET utf8mb4 NULL,
    `City` longtext CHARACTER SET utf8mb4 NULL,
    `State` longtext CHARACTER SET utf8mb4 NULL,
    `PostalCode` longtext CHARACTER SET utf8mb4 NULL,
    `Country` longtext CHARACTER SET utf8mb4 NULL,
    `DriversLicenseNumber` longtext CHARACTER SET utf8mb4 NULL,
    `DriversLicenseExpiry` datetime(6) NULL,
    `DateOfBirth` datetime(6) NULL,
    `CreatedAt` datetime(6) NOT NULL,
    `UpdatedAt` datetime(6) NULL,
    `CreatedBy` longtext CHARACTER SET utf8mb4 NULL,
    `UpdatedBy` longtext CHARACTER SET utf8mb4 NULL,
    CONSTRAINT `PK_Users` PRIMARY KEY (`Id`)
) CHARACTER SET=utf8mb4;
2026-01-29 10:08:47.295 +05:30 [INF] Executed DbCommand (8ms) [Parameters=[], CommandType='"Text"', CommandTimeout='30']
CREATE TABLE `VehicleMaintenances` (
    `Id` char(36) COLLATE ascii_general_ci NOT NULL,
    `CarId` char(36) COLLATE ascii_general_ci NOT NULL,
    `ServiceDate` datetime(6) NOT NULL,
    `Description` varchar(500) CHARACTER SET utf8mb4 NOT NULL,
    `ServiceType` varchar(100) CHARACTER SET utf8mb4 NOT NULL,
    `Cost` decimal(10,2) NOT NULL,
    `OdometerReading` int NULL,
    `NextServiceDue` datetime(6) NULL,
    `ServiceProvider` varchar(100) CHARACTER SET utf8mb4 NULL,
    `Notes` longtext CHARACTER SET utf8mb4 NULL,
    `CreatedAt` datetime(6) NOT NULL,
    `UpdatedAt` datetime(6) NULL,
    `CreatedBy` longtext CHARACTER SET utf8mb4 NULL,
    `UpdatedBy` longtext CHARACTER SET utf8mb4 NULL,
    CONSTRAINT `PK_VehicleMaintenances` PRIMARY KEY (`Id`),
    CONSTRAINT `FK_VehicleMaintenances_Cars_CarId` FOREIGN KEY (`CarId`) REFERENCES `Cars` (`Id`) ON DELETE RESTRICT
) CHARACTER SET=utf8mb4;
2026-01-29 10:08:47.306 +05:30 [INF] Executed DbCommand (11ms) [Parameters=[], CommandType='"Text"', CommandTimeout='30']
CREATE TABLE `Rentals` (
    `Id` char(36) COLLATE ascii_general_ci NOT NULL,
    `CarId` char(36) COLLATE ascii_general_ci NOT NULL,
    `CustomerId` char(36) COLLATE ascii_general_ci NOT NULL,
    `StartDate` datetime(6) NOT NULL,
    `EndDate` datetime(6) NOT NULL,
    `ActualReturnDate` datetime(6) NULL,
    `DailyRate` decimal(10,2) NOT NULL,
    `TotalCost` decimal(10,2) NOT NULL,
    `LateFee` decimal(10,2) NULL,
    `DamageCharges` decimal(10,2) NULL,
    `Status` int NOT NULL,
    `PickupLocation` varchar(500) CHARACTER SET utf8mb4 NULL,
    `ReturnLocation` varchar(500) CHARACTER SET utf8mb4 NULL,
    `OdometerAtPickup` int NULL,
    `OdometerAtReturn` int NULL,
    `Notes` longtext CHARACTER SET utf8mb4 NULL,
    `DepositAmount` decimal(10,2) NULL,
    `DepositReturned` tinyint(1) NOT NULL,
    `CreatedAt` datetime(6) NOT NULL,
    `UpdatedAt` datetime(6) NULL,
    `CreatedBy` longtext CHARACTER SET utf8mb4 NULL,
    `UpdatedBy` longtext CHARACTER SET utf8mb4 NULL,
    CONSTRAINT `PK_Rentals` PRIMARY KEY (`Id`),
    CONSTRAINT `FK_Rentals_Cars_CarId` FOREIGN KEY (`CarId`) REFERENCES `Cars` (`Id`) ON DELETE RESTRICT,
    CONSTRAINT `FK_Rentals_Users_CustomerId` FOREIGN KEY (`CustomerId`) REFERENCES `Users` (`Id`) ON DELETE RESTRICT
) CHARACTER SET=utf8mb4;
2026-01-29 10:08:47.310 +05:30 [INF] Executed DbCommand (4ms) [Parameters=[], CommandType='"Text"', CommandTimeout='30']
CREATE TABLE `Payments` (
    `Id` char(36) COLLATE ascii_general_ci NOT NULL,
    `RentalId` char(36) COLLATE ascii_general_ci NOT NULL,
    `Amount` decimal(10,2) NOT NULL,
    `PaymentDate` datetime(6) NOT NULL,
    `PaymentMethod` int NOT NULL,
    `Status` int NOT NULL,
    `TransactionId` longtext CHARACTER SET utf8mb4 NULL,
    `Description` longtext CHARACTER SET utf8mb4 NULL,
    `FailureReason` longtext CHARACTER SET utf8mb4 NULL,
    `CreatedAt` datetime(6) NOT NULL,
    `UpdatedAt` datetime(6) NULL,
    `CreatedBy` longtext CHARACTER SET utf8mb4 NULL,
    `UpdatedBy` longtext CHARACTER SET utf8mb4 NULL,
    CONSTRAINT `PK_Payments` PRIMARY KEY (`Id`),
    CONSTRAINT `FK_Payments_Rentals_RentalId` FOREIGN KEY (`RentalId`) REFERENCES `Rentals` (`Id`) ON DELETE RESTRICT
) CHARACTER SET=utf8mb4;
2026-01-29 10:08:47.314 +05:30 [INF] Executed DbCommand (4ms) [Parameters=[], CommandType='"Text"', CommandTimeout='30']
INSERT INTO `Cars` (`Id`, `Category`, `Color`, `CreatedAt`, `CreatedBy`, `DailyRate`, `Description`, `FuelType`, `HasAirConditioning`, `HasGPS`, `ImageUrl`, `LastMaintenanceDate`, `LicensePlate`, `Make`, `Mileage`, `Model`, `NextMaintenanceDate`, `SeatingCapacity`, `Status`, `Transmission`, `UpdatedAt`, `UpdatedBy`, `Year`)
VALUES ('33333333-3333-3333-3333-333333333333', 2, 'Silver', TIMESTAMP '2026-01-29 04:38:47.158605', NULL, 45.0, 'Comfortable and fuel-efficient sedan', 'Gasoline', TRUE, TRUE, NULL, NULL, 'ABC-1234', 'Toyota', 5000, 'Camry', NULL, 5, 0, 'Automatic', NULL, NULL, 2024),
('44444444-4444-4444-4444-444444444444', 5, 'Blue', TIMESTAMP '2026-01-29 04:38:47.158605', NULL, 65.0, 'Spacious SUV perfect for family trips', 'Gasoline', TRUE, TRUE, NULL, NULL, 'XYZ-5678', 'Honda', 3000, 'CR-V', NULL, 5, 0, 'Automatic', NULL, NULL, 2024),
('55555555-5555-5555-5555-555555555555', 4, 'Black', TIMESTAMP '2026-01-29 04:38:47.158605', NULL, 120.0, 'Premium luxury sedan with advanced features', 'Gasoline', TRUE, TRUE, NULL, NULL, 'LUX-9999', 'BMW', 2000, '3 Series', NULL, 5, 0, 'Automatic', NULL, NULL, 2024);
2026-01-29 10:08:47.315 +05:30 [INF] Executed DbCommand (1ms) [Parameters=[], CommandType='"Text"', CommandTimeout='30']
INSERT INTO `Users` (`Id`, `City`, `Country`, `CreatedAt`, `CreatedBy`, `DateOfBirth`, `DriversLicenseExpiry`, `DriversLicenseNumber`, `Email`, `FirstName`, `IsActive`, `LastLoginAt`, `LastName`, `PasswordHash`, `PhoneNumber`, `PostalCode`, `Role`, `State`, `Street`, `UpdatedAt`, `UpdatedBy`)
VALUES ('11111111-1111-1111-1111-111111111111', NULL, NULL, TIMESTAMP '2026-01-29 04:38:47.057775', NULL, NULL, NULL, NULL, 'admin@carrental.com', 'System', TRUE, NULL, 'Admin', '$2a$11$xnIjaMRg3Dt6CfByhkH/KOfy/uEzLZzsvRWlJc1e.Ld3zgzO0by2.', '+1234567890', NULL, 3, NULL, NULL, NULL, NULL),
('22222222-2222-2222-2222-222222222222', NULL, NULL, TIMESTAMP '2026-01-29 04:38:47.158561', NULL, NULL, NULL, NULL, 'customer@example.com', 'John', TRUE, NULL, 'Doe', '$2a$11$pkDqRRFqTmMoJ5VMvu/hvuRdGYoqAOa7hNhAyfBtIWO9ySizWIz.m', '+1987654321', NULL, 0, NULL, NULL, NULL, NULL);
2026-01-29 10:08:47.325 +05:30 [INF] Executed DbCommand (10ms) [Parameters=[], CommandType='"Text"', CommandTimeout='30']
CREATE UNIQUE INDEX `IX_Cars_LicensePlate` ON `Cars` (`LicensePlate`);
2026-01-29 10:08:47.329 +05:30 [INF] Executed DbCommand (3ms) [Parameters=[], CommandType='"Text"', CommandTimeout='30']
CREATE INDEX `IX_Payments_RentalId` ON `Payments` (`RentalId`);
2026-01-29 10:08:47.333 +05:30 [INF] Executed DbCommand (4ms) [Parameters=[], CommandType='"Text"', CommandTimeout='30']
CREATE INDEX `IX_Rentals_CarId` ON `Rentals` (`CarId`);
2026-01-29 10:08:47.336 +05:30 [INF] Executed DbCommand (3ms) [Parameters=[], CommandType='"Text"', CommandTimeout='30']
CREATE INDEX `IX_Rentals_CustomerId` ON `Rentals` (`CustomerId`);
2026-01-29 10:08:47.345 +05:30 [INF] Executed DbCommand (9ms) [Parameters=[], CommandType='"Text"', CommandTimeout='30']
CREATE UNIQUE INDEX `IX_Users_Email` ON `Users` (`Email`);
2026-01-29 10:08:47.347 +05:30 [INF] Executed DbCommand (2ms) [Parameters=[], CommandType='"Text"', CommandTimeout='30']
CREATE INDEX `IX_VehicleMaintenances_CarId` ON `VehicleMaintenances` (`CarId`);
2026-01-29 10:08:47.349 +05:30 [INF] Car Rental API is starting...
2026-01-29 10:08:47.353 +05:30 [INF] User profile is available. Using '/Users/prashantkumar/.aspnet/DataProtection-Keys' as key repository; keys will not be encrypted at rest.
2026-01-29 10:08:47.370 +05:30 [ERR] Hosting failed to start
System.IO.IOException: Failed to bind to address http://127.0.0.1:5000: address already in use.
 ---> Microsoft.AspNetCore.Connections.AddressInUseException: Address already in use
 ---> System.Net.Sockets.SocketException (48): Address already in use
   at System.Net.Sockets.Socket.DoBind(EndPoint endPointSnapshot, SocketAddress socketAddress)
   at System.Net.Sockets.Socket.Bind(EndPoint localEP)
   at Microsoft.AspNetCore.Server.Kestrel.Transport.Sockets.SocketTransportOptions.CreateDefaultBoundListenSocket(EndPoint endpoint)
   at Microsoft.AspNetCore.Server.Kestrel.Transport.Sockets.SocketConnectionListener.Bind()
   --- End of inner exception stack trace ---
   at Microsoft.AspNetCore.Server.Kestrel.Transport.Sockets.SocketConnectionListener.Bind()
   at Microsoft.AspNetCore.Server.Kestrel.Transport.Sockets.SocketTransportFactory.BindAsync(EndPoint endpoint, CancellationToken cancellationToken)
   at Microsoft.AspNetCore.Server.Kestrel.Core.Internal.Infrastructure.TransportManager.BindAsync(EndPoint endPoint, ConnectionDelegate connectionDelegate, EndpointConfig endpointConfig, CancellationToken cancellationToken)
   at Microsoft.AspNetCore.Server.Kestrel.Core.KestrelServerImpl.<>c__DisplayClass28_0`1.<<StartAsync>g__OnBind|0>d.MoveNext()
--- End of stack trace from previous location ---
   at Microsoft.AspNetCore.Server.Kestrel.Core.Internal.AddressBinder.BindEndpointAsync(ListenOptions endpoint, AddressBindContext context, CancellationToken cancellationToken)
   --- End of inner exception stack trace ---
   at Microsoft.AspNetCore.Server.Kestrel.Core.Internal.AddressBinder.BindEndpointAsync(ListenOptions endpoint, AddressBindContext context, CancellationToken cancellationToken)
   at Microsoft.AspNetCore.Server.Kestrel.Core.LocalhostListenOptions.BindAsync(AddressBindContext context, CancellationToken cancellationToken)
   at Microsoft.AspNetCore.Server.Kestrel.Core.Internal.AddressBinder.DefaultAddressStrategy.BindAsync(AddressBindContext context, CancellationToken cancellationToken)
   at Microsoft.AspNetCore.Server.Kestrel.Core.Internal.AddressBinder.BindAsync(ListenOptions[] listenOptions, AddressBindContext context, Func`2 useHttps, CancellationToken cancellationToken)
   at Microsoft.AspNetCore.Server.Kestrel.Core.KestrelServerImpl.BindAsync(CancellationToken cancellationToken)
   at Microsoft.AspNetCore.Server.Kestrel.Core.KestrelServerImpl.StartAsync[TContext](IHttpApplication`1 application, CancellationToken cancellationToken)
   at Microsoft.AspNetCore.Hosting.GenericWebHostService.StartAsync(CancellationToken cancellationToken)
   at Microsoft.Extensions.Hosting.Internal.Host.<StartAsync>b__15_1(IHostedService service, CancellationToken token)
   at Microsoft.Extensions.Hosting.Internal.Host.ForeachService[T](IEnumerable`1 services, CancellationToken token, Boolean concurrent, Boolean abortOnFirstException, List`1 exceptions, Func`3 operation)
2026-01-29 10:09:26.777 +05:30 [INF] Executed DbCommand (8ms) [Parameters=[], CommandType='"Text"', CommandTimeout='30']
SELECT CASE WHEN COUNT(*) = 0 THEN FALSE ELSE TRUE END
FROM information_schema.tables
WHERE table_type = 'BASE TABLE' AND table_schema = 'CarRentalDB'
2026-01-29 10:09:26.791 +05:30 [INF] Car Rental API is starting...
2026-01-29 10:09:26.794 +05:30 [INF] User profile is available. Using '/Users/prashantkumar/.aspnet/DataProtection-Keys' as key repository; keys will not be encrypted at rest.
2026-01-29 10:09:26.810 +05:30 [ERR] Hosting failed to start
System.IO.IOException: Failed to bind to address http://127.0.0.1:5000: address already in use.
 ---> Microsoft.AspNetCore.Connections.AddressInUseException: Address already in use
 ---> System.Net.Sockets.SocketException (48): Address already in use
   at System.Net.Sockets.Socket.DoBind(EndPoint endPointSnapshot, SocketAddress socketAddress)
   at System.Net.Sockets.Socket.Bind(EndPoint localEP)
   at Microsoft.AspNetCore.Server.Kestrel.Transport.Sockets.SocketTransportOptions.CreateDefaultBoundListenSocket(EndPoint endpoint)
   at Microsoft.AspNetCore.Server.Kestrel.Transport.Sockets.SocketConnectionListener.Bind()
   --- End of inner exception stack trace ---
   at Microsoft.AspNetCore.Server.Kestrel.Transport.Sockets.SocketConnectionListener.Bind()
   at Microsoft.AspNetCore.Server.Kestrel.Transport.Sockets.SocketTransportFactory.BindAsync(EndPoint endpoint, CancellationToken cancellationToken)
   at Microsoft.AspNetCore.Server.Kestrel.Core.Internal.Infrastructure.TransportManager.BindAsync(EndPoint endPoint, ConnectionDelegate connectionDelegate, EndpointConfig endpointConfig, CancellationToken cancellationToken)
   at Microsoft.AspNetCore.Server.Kestrel.Core.KestrelServerImpl.<>c__DisplayClass28_0`1.<<StartAsync>g__OnBind|0>d.MoveNext()
--- End of stack trace from previous location ---
   at Microsoft.AspNetCore.Server.Kestrel.Core.Internal.AddressBinder.BindEndpointAsync(ListenOptions endpoint, AddressBindContext context, CancellationToken cancellationToken)
   --- End of inner exception stack trace ---
   at Microsoft.AspNetCore.Server.Kestrel.Core.Internal.AddressBinder.BindEndpointAsync(ListenOptions endpoint, AddressBindContext context, CancellationToken cancellationToken)
   at Microsoft.AspNetCore.Server.Kestrel.Core.LocalhostListenOptions.BindAsync(AddressBindContext context, CancellationToken cancellationToken)
   at Microsoft.AspNetCore.Server.Kestrel.Core.Internal.AddressBinder.DefaultAddressStrategy.BindAsync(AddressBindContext context, CancellationToken cancellationToken)
   at Microsoft.AspNetCore.Server.Kestrel.Core.Internal.AddressBinder.BindAsync(ListenOptions[] listenOptions, AddressBindContext context, Func`2 useHttps, CancellationToken cancellationToken)
   at Microsoft.AspNetCore.Server.Kestrel.Core.KestrelServerImpl.BindAsync(CancellationToken cancellationToken)
   at Microsoft.AspNetCore.Server.Kestrel.Core.KestrelServerImpl.StartAsync[TContext](IHttpApplication`1 application, CancellationToken cancellationToken)
   at Microsoft.AspNetCore.Hosting.GenericWebHostService.StartAsync(CancellationToken cancellationToken)
   at Microsoft.Extensions.Hosting.Internal.Host.<StartAsync>b__15_1(IHostedService service, CancellationToken token)
   at Microsoft.Extensions.Hosting.Internal.Host.ForeachService[T](IEnumerable`1 services, CancellationToken token, Boolean concurrent, Boolean abortOnFirstException, List`1 exceptions, Func`3 operation)
2026-01-29 10:10:58.165 +05:30 [INF] Executed DbCommand (4ms) [Parameters=[], CommandType='"Text"', CommandTimeout='30']
SELECT CASE WHEN COUNT(*) = 0 THEN FALSE ELSE TRUE END
FROM information_schema.tables
WHERE table_type = 'BASE TABLE' AND table_schema = 'CarRentalDB'
2026-01-29 10:10:58.180 +05:30 [INF] Car Rental API is starting...
2026-01-29 10:10:58.183 +05:30 [INF] User profile is available. Using '/Users/prashantkumar/.aspnet/DataProtection-Keys' as key repository; keys will not be encrypted at rest.
2026-01-29 10:10:58.195 +05:30 [INF] Now listening on: http://localhost:5000
2026-01-29 10:10:58.195 +05:30 [INF] Application started. Press Ctrl+C to shut down.
2026-01-29 10:10:58.195 +05:30 [INF] Hosting environment: Production
2026-01-29 10:10:58.195 +05:30 [INF] Content root path: /Users/prashantkumar/Desktop/CarRental-backend/backend/src/CarRental.API
2026-01-29 10:11:01.664 +05:30 [INF] Request starting HTTP/1.1 GET http://localhost:5000/index.html - null null
2026-01-29 10:11:01.693 +05:30 [WRN] Failed to determine the https port for redirect.
2026-01-29 10:11:01.706 +05:30 [INF] Request finished HTTP/1.1 GET http://localhost:5000/index.html - 404 0 null 42.0945ms
2026-01-29 10:11:01.708 +05:30 [INF] Request reached the end of the middleware pipeline without being handled by application code. Request path: GET http://localhost:5000/index.html, Response status code: 404
2026-01-29 10:11:23.046 +05:30 [INF] Request starting HTTP/1.1 GET http://localhost:5000/swagger/index.html - null null
2026-01-29 10:11:23.084 +05:30 [INF] Request finished HTTP/1.1 GET http://localhost:5000/swagger/index.html - 200 null text/html;charset=utf-8 37.3397ms
2026-01-29 10:11:23.150 +05:30 [INF] Request starting HTTP/1.1 GET http://localhost:5000/swagger/v1/swagger.json - null null
2026-01-29 10:11:23.224 +05:30 [INF] Request finished HTTP/1.1 GET http://localhost:5000/swagger/v1/swagger.json - 200 null application/json;charset=utf-8 73.8497ms
2026-01-29 10:13:19.857 +05:30 [INF] Application is shutting down...
