2026-02-04 01:10:16.927 +05:30 [INF] Executed DbCommand (3ms) [Parameters=[], CommandType='"Text"', CommandTimeout='30']
SELECT COUNT(*) FROM "sqlite_master" WHERE "type" = 'table' AND "rootpage" IS NOT NULL;
2026-02-04 01:10:16.955 +05:30 [INF] Car Rental API is starting...
2026-02-04 01:10:16.961 +05:30 [INF] User profile is available. Using '/Users/prashantkumar/.aspnet/DataProtection-Keys' as key repository; keys will not be encrypted at rest.
2026-02-04 01:10:16.976 +05:30 [INF] Now listening on: http://localhost:5000
2026-02-04 01:10:16.976 +05:30 [INF] Application started. Press Ctrl+C to shut down.
2026-02-04 01:10:16.976 +05:30 [INF] Hosting environment: Production
2026-02-04 01:10:16.976 +05:30 [INF] Content root path: /Users/prashantkumar/Desktop/CarRental-backend/backend/src/CarRental.API
2026-02-04 01:31:10.626 +05:30 [INF] Request starting HTTP/1.1 GET http://localhost:5000/index.html - null null
2026-02-04 01:31:10.646 +05:30 [WRN] Failed to determine the https port for redirect.
2026-02-04 01:31:10.661 +05:30 [INF] Request finished HTTP/1.1 GET http://localhost:5000/index.html - 404 0 null 35.3437ms
2026-02-04 01:31:10.663 +05:30 [INF] Request reached the end of the middleware pipeline without being handled by application code. Request path: GET http://localhost:5000/index.html, Response status code: 404
2026-02-04 01:31:10.663 +05:30 [INF] Request starting HTTP/1.1 GET http://localhost:5000/index.html - null null
2026-02-04 01:31:10.666 +05:30 [INF] Request finished HTTP/1.1 GET http://localhost:5000/index.html - 404 0 null 2.9597ms
2026-02-04 01:31:10.668 +05:30 [INF] Request reached the end of the middleware pipeline without being handled by application code. Request path: GET http://localhost:5000/index.html, Response status code: 404
2026-02-04 01:31:21.769 +05:30 [INF] Request starting HTTP/1.1 GET http://localhost:5000/swagger/index.html - null null
2026-02-04 01:31:21.806 +05:30 [INF] Request finished HTTP/1.1 GET http://localhost:5000/swagger/index.html - 200 null text/html;charset=utf-8 37.563ms
2026-02-04 01:31:21.879 +05:30 [INF] Request starting HTTP/1.1 GET http://localhost:5000/swagger/v1/swagger.json - null null
2026-02-04 01:31:21.960 +05:30 [INF] Request finished HTTP/1.1 GET http://localhost:5000/swagger/v1/swagger.json - 200 null application/json;charset=utf-8 80.7776ms
2026-02-04 23:21:27.661 +05:30 [INF] Executed DbCommand (3ms) [Parameters=[], CommandType='"Text"', CommandTimeout='30']
SELECT COUNT(*) FROM "sqlite_master" WHERE "type" = 'table' AND "rootpage" IS NOT NULL;
2026-02-04 23:21:27.682 +05:30 [INF] Car Rental API is starting...
2026-02-04 23:21:27.688 +05:30 [INF] User profile is available. Using '/Users/prashantkumar/.aspnet/DataProtection-Keys' as key repository; keys will not be encrypted at rest.
2026-02-04 23:21:27.705 +05:30 [INF] Now listening on: http://localhost:5000
2026-02-04 23:21:27.706 +05:30 [INF] Application started. Press Ctrl+C to shut down.
2026-02-04 23:21:27.707 +05:30 [INF] Hosting environment: Production
2026-02-04 23:21:27.707 +05:30 [INF] Content root path: /Users/prashantkumar/Desktop/CarRental-backend/backend/src/CarRental.API
2026-02-04 23:21:51.545 +05:30 [INF] Request starting HTTP/1.1 GET http://localhost:5000/index.html - null null
2026-02-04 23:21:51.565 +05:30 [WRN] Failed to determine the https port for redirect.
2026-02-04 23:21:51.580 +05:30 [INF] Request finished HTTP/1.1 GET http://localhost:5000/index.html - 404 0 null 35.6542ms
2026-02-04 23:21:51.582 +05:30 [INF] Request reached the end of the middleware pipeline without being handled by application code. Request path: GET http://localhost:5000/index.html, Response status code: 404
2026-02-04 23:22:02.458 +05:30 [INF] Request starting HTTP/1.1 GET http://localhost:5000/swagger/index.html - null null
2026-02-04 23:22:02.493 +05:30 [INF] Request finished HTTP/1.1 GET http://localhost:5000/swagger/index.html - 200 null text/html;charset=utf-8 34.7559ms
2026-02-04 23:22:02.565 +05:30 [INF] Request starting HTTP/1.1 GET http://localhost:5000/swagger/v1/swagger.json - null null
2026-02-04 23:22:02.648 +05:30 [INF] Request finished HTTP/1.1 GET http://localhost:5000/swagger/v1/swagger.json - 200 null application/json;charset=utf-8 82.9892ms
2026-02-04 23:23:53.134 +05:30 [INF] Request starting HTTP/1.1 POST http://localhost:5000/api/Auth/login - application/json 54
2026-02-04 23:23:53.137 +05:30 [INF] CORS policy execution successful.
2026-02-04 23:23:53.139 +05:30 [INF] Executing endpoint 'CarRental.API.Controllers.AuthController.Login (CarRental.API)'
2026-02-04 23:23:53.154 +05:30 [INF] Route matched with {action = "Login", controller = "Auth"}. Executing controller action with signature System.Threading.Tasks.Task`1[Microsoft.AspNetCore.Mvc.IActionResult] Login(CarRental.Application.DTOs.Auth.LoginRequest, System.Threading.CancellationToken) on controller CarRental.API.Controllers.AuthController (CarRental.API).
2026-02-04 23:23:53.173 +05:30 [INF] Login attempt for email: admin@carrental.com
2026-02-04 23:23:53.263 +05:30 [INF] Executed DbCommand (1ms) [Parameters=[@__ToLower_0='?' (Size = 19)], CommandType='"Text"', CommandTimeout='30']
SELECT "u"."Id", "u"."City", "u"."Country", "u"."CreatedAt", "u"."CreatedBy", "u"."DateOfBirth", "u"."DriversLicenseExpiry", "u"."DriversLicenseNumber", "u"."Email", "u"."FirstName", "u"."IsActive", "u"."LastLoginAt", "u"."LastName", "u"."PasswordHash", "u"."PhoneNumber", "u"."PostalCode", "u"."Role", "u"."State", "u"."Street", "u"."UpdatedAt", "u"."UpdatedBy"
FROM "Users" AS "u"
WHERE lower("u"."Email") = @__ToLower_0
LIMIT 1
2026-02-04 23:23:53.407 +05:30 [INF] Executed DbCommand (1ms) [Parameters=[@p20='?' (DbType = Guid), @p0='?', @p1='?', @p2='?' (DbType = DateTime), @p3='?', @p4='?' (DbType = DateTime), @p5='?' (DbType = DateTime), @p6='?', @p7='?' (Size = 19), @p8='?' (Size = 6), @p9='?' (DbType = Boolean), @p10='?' (DbType = DateTime), @p11='?' (Size = 5), @p12='?' (Size = 60), @p13='?' (Size = 11), @p14='?', @p15='?' (DbType = Int32), @p16='?', @p17='?', @p18='?' (DbType = DateTime), @p19='?'], CommandType='"Text"', CommandTimeout='30']
UPDATE "Users" SET "City" = @p0, "Country" = @p1, "CreatedAt" = @p2, "CreatedBy" = @p3, "DateOfBirth" = @p4, "DriversLicenseExpiry" = @p5, "DriversLicenseNumber" = @p6, "Email" = @p7, "FirstName" = @p8, "IsActive" = @p9, "LastLoginAt" = @p10, "LastName" = @p11, "PasswordHash" = @p12, "PhoneNumber" = @p13, "PostalCode" = @p14, "Role" = @p15, "State" = @p16, "Street" = @p17, "UpdatedAt" = @p18, "UpdatedBy" = @p19
WHERE "Id" = @p20
RETURNING 1;
2026-02-04 23:23:53.416 +05:30 [INF] Executing OkObjectResult, writing value of type 'CarRental.API.Controllers.ApiResponse`1[[CarRental.Application.DTOs.Auth.AuthResponse, CarRental.Application, Version=1.0.0.0, Culture=neutral, PublicKeyToken=null]]'.
2026-02-04 23:23:53.420 +05:30 [INF] Executed action CarRental.API.Controllers.AuthController.Login (CarRental.API) in 264.7078ms
2026-02-04 23:23:53.420 +05:30 [INF] Executed endpoint 'CarRental.API.Controllers.AuthController.Login (CarRental.API)'
2026-02-04 23:23:53.420 +05:30 [INF] Request finished HTTP/1.1 POST http://localhost:5000/api/Auth/login - 200 null application/json; charset=utf-8 286.2446ms
2026-02-04 23:23:53.463 +05:30 [INF] Request starting HTTP/1.1 GET http://localhost:5000/api/Rentals/customer/11111111-1111-1111-1111-111111111111 - null null
2026-02-04 23:23:53.476 +05:30 [INF] Executing endpoint 'CarRental.API.Controllers.RentalsController.GetByCustomer (CarRental.API)'
2026-02-04 23:23:53.478 +05:30 [INF] Route matched with {action = "GetByCustomer", controller = "Rentals"}. Executing controller action with signature System.Threading.Tasks.Task`1[Microsoft.AspNetCore.Mvc.IActionResult] GetByCustomer(System.Guid, System.Threading.CancellationToken) on controller CarRental.API.Controllers.RentalsController (CarRental.API).
2026-02-04 23:23:53.480 +05:30 [INF] Getting rentals for customer: "11111111-1111-1111-1111-111111111111"
2026-02-04 23:23:53.509 +05:30 [ERR] Failed executing DbCommand (1ms) [Parameters=[@__customerId_0='?' (DbType = Guid)], CommandType='"Text"', CommandTimeout='30']
SELECT "r"."Id", "r"."ActualReturnDate", "r"."CarId", "r"."CreatedAt", "r"."CreatedBy", "r"."CustomerId", "r"."DailyRate", "r"."DamageCharges", "r"."DepositAmount", "r"."DepositReturned", "r"."EndDate", "r"."LateFee", "r"."Notes", "r"."OdometerAtPickup", "r"."OdometerAtReturn", "r"."PickupLocation", "r"."ReturnLocation", "r"."StartDate", "r"."Status", "r"."TotalCost", "r"."UpdatedAt", "r"."UpdatedBy", "c"."Id", "c"."Category", "c"."Color", "c"."CreatedAt", "c"."CreatedBy", "c"."DailyRate", "c"."Description", "c"."FuelType", "c"."HasAirConditioning", "c"."HasGPS", "c"."ImageUrl", "c"."LastMaintenanceDate", "c"."LicensePlate", "c"."Make", "c"."Mileage", "c"."Model", "c"."NextMaintenanceDate", "c"."SeatingCapacity", "c"."Status", "c"."Transmission", "c"."UpdatedAt", "c"."UpdatedBy", "c"."Year", "u"."Id", "u"."City", "u"."Country", "u"."CreatedAt", "u"."CreatedBy", "u"."DateOfBirth", "u"."DriversLicenseExpiry", "u"."DriversLicenseNumber", "u"."Email", "u"."FirstName", "u"."IsActive", "u"."LastLoginAt", "u"."LastName", "u"."PasswordHash", "u"."PhoneNumber", "u"."PostalCode", "u"."Role", "u"."State", "u"."Street", "u"."UpdatedAt", "u"."UpdatedBy"
FROM "Rentals" AS "r"
INNER JOIN "Cars" AS "c" ON "r"."CarId" = "c"."Id"
INNER JOIN "Users" AS "u" ON "r"."CustomerId" = "u"."Id"
WHERE "r"."CustomerId" = @__customerId_0
ORDER BY "r"."CreatedAt" DESC
2026-02-04 23:23:53.514 +05:30 [ERR] An exception occurred while iterating over the results of a query for context type 'CarRental.Infrastructure.Data.CarRentalDbContext'.
Microsoft.Data.Sqlite.SqliteException (0x80004005): SQLite Error 1: 'no such column: r.DepositAmount'.
   at Microsoft.Data.Sqlite.SqliteException.ThrowExceptionForRC(Int32 rc, sqlite3 db)
   at Microsoft.Data.Sqlite.SqliteCommand.PrepareAndEnumerateStatements()+MoveNext()
   at Microsoft.Data.Sqlite.SqliteCommand.GetStatements()+MoveNext()
   at Microsoft.Data.Sqlite.SqliteDataReader.NextResult()
   at Microsoft.Data.Sqlite.SqliteCommand.ExecuteReader(CommandBehavior behavior)
   at Microsoft.Data.Sqlite.SqliteCommand.ExecuteReaderAsync(CommandBehavior behavior, CancellationToken cancellationToken)
   at Microsoft.Data.Sqlite.SqliteCommand.ExecuteDbDataReaderAsync(CommandBehavior behavior, CancellationToken cancellationToken)
   at Microsoft.EntityFrameworkCore.Storage.RelationalCommand.ExecuteReaderAsync(RelationalCommandParameterObject parameterObject, CancellationToken cancellationToken)
   at Microsoft.EntityFrameworkCore.Storage.RelationalCommand.ExecuteReaderAsync(RelationalCommandParameterObject parameterObject, CancellationToken cancellationToken)
   at Microsoft.EntityFrameworkCore.Query.Internal.SingleQueryingEnumerable`1.AsyncEnumerator.InitializeReaderAsync(AsyncEnumerator enumerator, CancellationToken cancellationToken)
   at Microsoft.EntityFrameworkCore.Query.Internal.SingleQueryingEnumerable`1.AsyncEnumerator.MoveNextAsync()
Microsoft.Data.Sqlite.SqliteException (0x80004005): SQLite Error 1: 'no such column: r.DepositAmount'.
   at Microsoft.Data.Sqlite.SqliteException.ThrowExceptionForRC(Int32 rc, sqlite3 db)
   at Microsoft.Data.Sqlite.SqliteCommand.PrepareAndEnumerateStatements()+MoveNext()
   at Microsoft.Data.Sqlite.SqliteCommand.GetStatements()+MoveNext()
   at Microsoft.Data.Sqlite.SqliteDataReader.NextResult()
   at Microsoft.Data.Sqlite.SqliteCommand.ExecuteReader(CommandBehavior behavior)
   at Microsoft.Data.Sqlite.SqliteCommand.ExecuteReaderAsync(CommandBehavior behavior, CancellationToken cancellationToken)
   at Microsoft.Data.Sqlite.SqliteCommand.ExecuteDbDataReaderAsync(CommandBehavior behavior, CancellationToken cancellationToken)
   at Microsoft.EntityFrameworkCore.Storage.RelationalCommand.ExecuteReaderAsync(RelationalCommandParameterObject parameterObject, CancellationToken cancellationToken)
   at Microsoft.EntityFrameworkCore.Storage.RelationalCommand.ExecuteReaderAsync(RelationalCommandParameterObject parameterObject, CancellationToken cancellationToken)
   at Microsoft.EntityFrameworkCore.Query.Internal.SingleQueryingEnumerable`1.AsyncEnumerator.InitializeReaderAsync(AsyncEnumerator enumerator, CancellationToken cancellationToken)
   at Microsoft.EntityFrameworkCore.Query.Internal.SingleQueryingEnumerable`1.AsyncEnumerator.MoveNextAsync()
2026-02-04 23:23:53.515 +05:30 [INF] Executed action CarRental.API.Controllers.RentalsController.GetByCustomer (CarRental.API) in 37.7481ms
2026-02-04 23:23:53.516 +05:30 [INF] Executed endpoint 'CarRental.API.Controllers.RentalsController.GetByCustomer (CarRental.API)'
2026-02-04 23:23:53.516 +05:30 [ERR] Exception occurred: SQLite Error 1: 'no such column: r.DepositAmount'.
Microsoft.Data.Sqlite.SqliteException (0x80004005): SQLite Error 1: 'no such column: r.DepositAmount'.
   at Microsoft.Data.Sqlite.SqliteException.ThrowExceptionForRC(Int32 rc, sqlite3 db)
   at Microsoft.Data.Sqlite.SqliteCommand.PrepareAndEnumerateStatements()+MoveNext()
   at Microsoft.Data.Sqlite.SqliteCommand.GetStatements()+MoveNext()
   at Microsoft.Data.Sqlite.SqliteDataReader.NextResult()
   at Microsoft.Data.Sqlite.SqliteCommand.ExecuteReader(CommandBehavior behavior)
   at Microsoft.Data.Sqlite.SqliteCommand.ExecuteReaderAsync(CommandBehavior behavior, CancellationToken cancellationToken)
   at Microsoft.Data.Sqlite.SqliteCommand.ExecuteDbDataReaderAsync(CommandBehavior behavior, CancellationToken cancellationToken)
   at Microsoft.EntityFrameworkCore.Storage.RelationalCommand.ExecuteReaderAsync(RelationalCommandParameterObject parameterObject, CancellationToken cancellationToken)
   at Microsoft.EntityFrameworkCore.Storage.RelationalCommand.ExecuteReaderAsync(RelationalCommandParameterObject parameterObject, CancellationToken cancellationToken)
   at Microsoft.EntityFrameworkCore.Query.Internal.SingleQueryingEnumerable`1.AsyncEnumerator.InitializeReaderAsync(AsyncEnumerator enumerator, CancellationToken cancellationToken)
   at Microsoft.EntityFrameworkCore.Query.Internal.SingleQueryingEnumerable`1.AsyncEnumerator.MoveNextAsync()
   at Microsoft.EntityFrameworkCore.EntityFrameworkQueryableExtensions.ToListAsync[TSource](IQueryable`1 source, CancellationToken cancellationToken)
   at Microsoft.EntityFrameworkCore.EntityFrameworkQueryableExtensions.ToListAsync[TSource](IQueryable`1 source, CancellationToken cancellationToken)
   at CarRental.Infrastructure.Repositories.RentalRepository.GetRentalsByCustomerAsync(Guid customerId, CancellationToken cancellationToken) in /Users/prashantkumar/Desktop/CarRental-backend/backend/src/CarRental.Infrastructure/Repositories/RentalRepository.cs:line 20
   at CarRental.Application.Services.RentalService.GetByCustomerAsync(Guid customerId, CancellationToken cancellationToken) in /Users/prashantkumar/Desktop/CarRental-backend/backend/src/CarRental.Application/Services/RentalService.cs:line 41
   at CarRental.API.Controllers.RentalsController.GetByCustomer(Guid customerId, CancellationToken cancellationToken) in /Users/prashantkumar/Desktop/CarRental-backend/backend/src/CarRental.API/Controllers/RentalsController.cs:line 58
   at Microsoft.AspNetCore.Mvc.Infrastructure.ActionMethodExecutor.TaskOfIActionResultExecutor.Execute(ActionContext actionContext, IActionResultTypeMapper mapper, ObjectMethodExecutor executor, Object controller, Object[] arguments)
   at Microsoft.AspNetCore.Mvc.Infrastructure.ControllerActionInvoker.<InvokeActionMethodAsync>g__Awaited|12_0(ControllerActionInvoker invoker, ValueTask`1 actionResultValueTask)
   at Microsoft.AspNetCore.Mvc.Infrastructure.ControllerActionInvoker.<InvokeNextActionFilterAsync>g__Awaited|10_0(ControllerActionInvoker invoker, Task lastTask, State next, Scope scope, Object state, Boolean isCompleted)
   at Microsoft.AspNetCore.Mvc.Infrastructure.ControllerActionInvoker.Rethrow(ActionExecutedContextSealed context)
   at Microsoft.AspNetCore.Mvc.Infrastructure.ControllerActionInvoker.Next(State& next, Scope& scope, Object& state, Boolean& isCompleted)
   at Microsoft.AspNetCore.Mvc.Infrastructure.ControllerActionInvoker.InvokeInnerFilterAsync()
--- End of stack trace from previous location ---
   at Microsoft.AspNetCore.Mvc.Infrastructure.ResourceInvoker.<InvokeFilterPipelineAsync>g__Awaited|20_0(ResourceInvoker invoker, Task lastTask, State next, Scope scope, Object state, Boolean isCompleted)
   at Microsoft.AspNetCore.Mvc.Infrastructure.ResourceInvoker.<InvokeAsync>g__Logged|17_1(ResourceInvoker invoker)
   at Microsoft.AspNetCore.Mvc.Infrastructure.ResourceInvoker.<InvokeAsync>g__Logged|17_1(ResourceInvoker invoker)
   at Microsoft.AspNetCore.Routing.EndpointMiddleware.<Invoke>g__AwaitRequestTask|7_0(Endpoint endpoint, Task requestTask, ILogger logger)
   at Microsoft.AspNetCore.Authorization.AuthorizationMiddleware.Invoke(HttpContext context)
   at Microsoft.AspNetCore.Authentication.AuthenticationMiddleware.Invoke(HttpContext context)
   at CarRental.API.Middleware.GlobalExceptionHandler.InvokeAsync(HttpContext context) in /Users/prashantkumar/Desktop/CarRental-backend/backend/src/CarRental.API/Middleware/GlobalExceptionHandler.cs:line 27
2026-02-04 23:23:53.521 +05:30 [INF] Request finished HTTP/1.1 GET http://localhost:5000/api/Rentals/customer/11111111-1111-1111-1111-111111111111 - 500 null application/json 57.524ms
2026-02-04 23:23:53.522 +05:30 [INF] Request starting HTTP/1.1 GET http://localhost:5000/api/Rentals/customer/11111111-1111-1111-1111-111111111111 - null null
2026-02-04 23:23:53.523 +05:30 [INF] Executing endpoint 'CarRental.API.Controllers.RentalsController.GetByCustomer (CarRental.API)'
2026-02-04 23:23:53.523 +05:30 [INF] Route matched with {action = "GetByCustomer", controller = "Rentals"}. Executing controller action with signature System.Threading.Tasks.Task`1[Microsoft.AspNetCore.Mvc.IActionResult] GetByCustomer(System.Guid, System.Threading.CancellationToken) on controller CarRental.API.Controllers.RentalsController (CarRental.API).
2026-02-04 23:23:53.524 +05:30 [INF] Getting rentals for customer: "11111111-1111-1111-1111-111111111111"
2026-02-04 23:23:53.526 +05:30 [ERR] Failed executing DbCommand (0ms) [Parameters=[@__customerId_0='?' (DbType = Guid)], CommandType='"Text"', CommandTimeout='30']
SELECT "r"."Id", "r"."ActualReturnDate", "r"."CarId", "r"."CreatedAt", "r"."CreatedBy", "r"."CustomerId", "r"."DailyRate", "r"."DamageCharges", "r"."DepositAmount", "r"."DepositReturned", "r"."EndDate", "r"."LateFee", "r"."Notes", "r"."OdometerAtPickup", "r"."OdometerAtReturn", "r"."PickupLocation", "r"."ReturnLocation", "r"."StartDate", "r"."Status", "r"."TotalCost", "r"."UpdatedAt", "r"."UpdatedBy", "c"."Id", "c"."Category", "c"."Color", "c"."CreatedAt", "c"."CreatedBy", "c"."DailyRate", "c"."Description", "c"."FuelType", "c"."HasAirConditioning", "c"."HasGPS", "c"."ImageUrl", "c"."LastMaintenanceDate", "c"."LicensePlate", "c"."Make", "c"."Mileage", "c"."Model", "c"."NextMaintenanceDate", "c"."SeatingCapacity", "c"."Status", "c"."Transmission", "c"."UpdatedAt", "c"."UpdatedBy", "c"."Year", "u"."Id", "u"."City", "u"."Country", "u"."CreatedAt", "u"."CreatedBy", "u"."DateOfBirth", "u"."DriversLicenseExpiry", "u"."DriversLicenseNumber", "u"."Email", "u"."FirstName", "u"."IsActive", "u"."LastLoginAt", "u"."LastName", "u"."PasswordHash", "u"."PhoneNumber", "u"."PostalCode", "u"."Role", "u"."State", "u"."Street", "u"."UpdatedAt", "u"."UpdatedBy"
FROM "Rentals" AS "r"
INNER JOIN "Cars" AS "c" ON "r"."CarId" = "c"."Id"
INNER JOIN "Users" AS "u" ON "r"."CustomerId" = "u"."Id"
WHERE "r"."CustomerId" = @__customerId_0
ORDER BY "r"."CreatedAt" DESC
2026-02-04 23:23:53.526 +05:30 [ERR] An exception occurred while iterating over the results of a query for context type 'CarRental.Infrastructure.Data.CarRentalDbContext'.
Microsoft.Data.Sqlite.SqliteException (0x80004005): SQLite Error 1: 'no such column: r.DepositAmount'.
   at Microsoft.Data.Sqlite.SqliteException.ThrowExceptionForRC(Int32 rc, sqlite3 db)
   at Microsoft.Data.Sqlite.SqliteCommand.PrepareAndEnumerateStatements()+MoveNext()
   at Microsoft.Data.Sqlite.SqliteCommand.GetStatements()+MoveNext()
   at Microsoft.Data.Sqlite.SqliteDataReader.NextResult()
   at Microsoft.Data.Sqlite.SqliteCommand.ExecuteReader(CommandBehavior behavior)
   at Microsoft.Data.Sqlite.SqliteCommand.ExecuteReaderAsync(CommandBehavior behavior, CancellationToken cancellationToken)
   at Microsoft.Data.Sqlite.SqliteCommand.ExecuteDbDataReaderAsync(CommandBehavior behavior, CancellationToken cancellationToken)
   at Microsoft.EntityFrameworkCore.Storage.RelationalCommand.ExecuteReaderAsync(RelationalCommandParameterObject parameterObject, CancellationToken cancellationToken)
   at Microsoft.EntityFrameworkCore.Storage.RelationalCommand.ExecuteReaderAsync(RelationalCommandParameterObject parameterObject, CancellationToken cancellationToken)
   at Microsoft.EntityFrameworkCore.Query.Internal.SingleQueryingEnumerable`1.AsyncEnumerator.InitializeReaderAsync(AsyncEnumerator enumerator, CancellationToken cancellationToken)
   at Microsoft.EntityFrameworkCore.Query.Internal.SingleQueryingEnumerable`1.AsyncEnumerator.MoveNextAsync()
Microsoft.Data.Sqlite.SqliteException (0x80004005): SQLite Error 1: 'no such column: r.DepositAmount'.
   at Microsoft.Data.Sqlite.SqliteException.ThrowExceptionForRC(Int32 rc, sqlite3 db)
   at Microsoft.Data.Sqlite.SqliteCommand.PrepareAndEnumerateStatements()+MoveNext()
   at Microsoft.Data.Sqlite.SqliteCommand.GetStatements()+MoveNext()
   at Microsoft.Data.Sqlite.SqliteDataReader.NextResult()
   at Microsoft.Data.Sqlite.SqliteCommand.ExecuteReader(CommandBehavior behavior)
   at Microsoft.Data.Sqlite.SqliteCommand.ExecuteReaderAsync(CommandBehavior behavior, CancellationToken cancellationToken)
   at Microsoft.Data.Sqlite.SqliteCommand.ExecuteDbDataReaderAsync(CommandBehavior behavior, CancellationToken cancellationToken)
   at Microsoft.EntityFrameworkCore.Storage.RelationalCommand.ExecuteReaderAsync(RelationalCommandParameterObject parameterObject, CancellationToken cancellationToken)
   at Microsoft.EntityFrameworkCore.Storage.RelationalCommand.ExecuteReaderAsync(RelationalCommandParameterObject parameterObject, CancellationToken cancellationToken)
   at Microsoft.EntityFrameworkCore.Query.Internal.SingleQueryingEnumerable`1.AsyncEnumerator.InitializeReaderAsync(AsyncEnumerator enumerator, CancellationToken cancellationToken)
   at Microsoft.EntityFrameworkCore.Query.Internal.SingleQueryingEnumerable`1.AsyncEnumerator.MoveNextAsync()
2026-02-04 23:23:53.527 +05:30 [INF] Executed action CarRental.API.Controllers.RentalsController.GetByCustomer (CarRental.API) in 3.2816ms
2026-02-04 23:23:53.527 +05:30 [INF] Executed endpoint 'CarRental.API.Controllers.RentalsController.GetByCustomer (CarRental.API)'
2026-02-04 23:23:53.527 +05:30 [ERR] Exception occurred: SQLite Error 1: 'no such column: r.DepositAmount'.
Microsoft.Data.Sqlite.SqliteException (0x80004005): SQLite Error 1: 'no such column: r.DepositAmount'.
   at Microsoft.Data.Sqlite.SqliteException.ThrowExceptionForRC(Int32 rc, sqlite3 db)
   at Microsoft.Data.Sqlite.SqliteCommand.PrepareAndEnumerateStatements()+MoveNext()
   at Microsoft.Data.Sqlite.SqliteCommand.GetStatements()+MoveNext()
   at Microsoft.Data.Sqlite.SqliteDataReader.NextResult()
   at Microsoft.Data.Sqlite.SqliteCommand.ExecuteReader(CommandBehavior behavior)
   at Microsoft.Data.Sqlite.SqliteCommand.ExecuteReaderAsync(CommandBehavior behavior, CancellationToken cancellationToken)
   at Microsoft.Data.Sqlite.SqliteCommand.ExecuteDbDataReaderAsync(CommandBehavior behavior, CancellationToken cancellationToken)
   at Microsoft.EntityFrameworkCore.Storage.RelationalCommand.ExecuteReaderAsync(RelationalCommandParameterObject parameterObject, CancellationToken cancellationToken)
   at Microsoft.EntityFrameworkCore.Storage.RelationalCommand.ExecuteReaderAsync(RelationalCommandParameterObject parameterObject, CancellationToken cancellationToken)
   at Microsoft.EntityFrameworkCore.Query.Internal.SingleQueryingEnumerable`1.AsyncEnumerator.InitializeReaderAsync(AsyncEnumerator enumerator, CancellationToken cancellationToken)
   at Microsoft.EntityFrameworkCore.Query.Internal.SingleQueryingEnumerable`1.AsyncEnumerator.MoveNextAsync()
   at Microsoft.EntityFrameworkCore.EntityFrameworkQueryableExtensions.ToListAsync[TSource](IQueryable`1 source, CancellationToken cancellationToken)
   at Microsoft.EntityFrameworkCore.EntityFrameworkQueryableExtensions.ToListAsync[TSource](IQueryable`1 source, CancellationToken cancellationToken)
   at CarRental.Infrastructure.Repositories.RentalRepository.GetRentalsByCustomerAsync(Guid customerId, CancellationToken cancellationToken) in /Users/prashantkumar/Desktop/CarRental-backend/backend/src/CarRental.Infrastructure/Repositories/RentalRepository.cs:line 20
   at CarRental.Application.Services.RentalService.GetByCustomerAsync(Guid customerId, CancellationToken cancellationToken) in /Users/prashantkumar/Desktop/CarRental-backend/backend/src/CarRental.Application/Services/RentalService.cs:line 41
   at CarRental.API.Controllers.RentalsController.GetByCustomer(Guid customerId, CancellationToken cancellationToken) in /Users/prashantkumar/Desktop/CarRental-backend/backend/src/CarRental.API/Controllers/RentalsController.cs:line 58
   at Microsoft.AspNetCore.Mvc.Infrastructure.ActionMethodExecutor.TaskOfIActionResultExecutor.Execute(ActionContext actionContext, IActionResultTypeMapper mapper, ObjectMethodExecutor executor, Object controller, Object[] arguments)
   at Microsoft.AspNetCore.Mvc.Infrastructure.ControllerActionInvoker.<InvokeActionMethodAsync>g__Awaited|12_0(ControllerActionInvoker invoker, ValueTask`1 actionResultValueTask)
   at Microsoft.AspNetCore.Mvc.Infrastructure.ControllerActionInvoker.<InvokeNextActionFilterAsync>g__Awaited|10_0(ControllerActionInvoker invoker, Task lastTask, State next, Scope scope, Object state, Boolean isCompleted)
   at Microsoft.AspNetCore.Mvc.Infrastructure.ControllerActionInvoker.Rethrow(ActionExecutedContextSealed context)
   at Microsoft.AspNetCore.Mvc.Infrastructure.ControllerActionInvoker.Next(State& next, Scope& scope, Object& state, Boolean& isCompleted)
   at Microsoft.AspNetCore.Mvc.Infrastructure.ControllerActionInvoker.InvokeInnerFilterAsync()
--- End of stack trace from previous location ---
   at Microsoft.AspNetCore.Mvc.Infrastructure.ResourceInvoker.<InvokeFilterPipelineAsync>g__Awaited|20_0(ResourceInvoker invoker, Task lastTask, State next, Scope scope, Object state, Boolean isCompleted)
   at Microsoft.AspNetCore.Mvc.Infrastructure.ResourceInvoker.<InvokeAsync>g__Logged|17_1(ResourceInvoker invoker)
   at Microsoft.AspNetCore.Mvc.Infrastructure.ResourceInvoker.<InvokeAsync>g__Logged|17_1(ResourceInvoker invoker)
   at Microsoft.AspNetCore.Routing.EndpointMiddleware.<Invoke>g__AwaitRequestTask|7_0(Endpoint endpoint, Task requestTask, ILogger logger)
   at Microsoft.AspNetCore.Authorization.AuthorizationMiddleware.Invoke(HttpContext context)
   at Microsoft.AspNetCore.Authentication.AuthenticationMiddleware.Invoke(HttpContext context)
   at CarRental.API.Middleware.GlobalExceptionHandler.InvokeAsync(HttpContext context) in /Users/prashantkumar/Desktop/CarRental-backend/backend/src/CarRental.API/Middleware/GlobalExceptionHandler.cs:line 27
2026-02-04 23:23:53.528 +05:30 [INF] Request finished HTTP/1.1 GET http://localhost:5000/api/Rentals/customer/11111111-1111-1111-1111-111111111111 - 500 null application/json 5.6937ms
2026-02-04 23:23:57.435 +05:30 [INF] Request starting HTTP/1.1 GET http://localhost:5000/api/Rentals/customer/11111111-1111-1111-1111-111111111111 - null null
2026-02-04 23:23:57.438 +05:30 [INF] Executing endpoint 'CarRental.API.Controllers.RentalsController.GetByCustomer (CarRental.API)'
2026-02-04 23:23:57.438 +05:30 [INF] Route matched with {action = "GetByCustomer", controller = "Rentals"}. Executing controller action with signature System.Threading.Tasks.Task`1[Microsoft.AspNetCore.Mvc.IActionResult] GetByCustomer(System.Guid, System.Threading.CancellationToken) on controller CarRental.API.Controllers.RentalsController (CarRental.API).
2026-02-04 23:23:57.441 +05:30 [INF] Getting rentals for customer: "11111111-1111-1111-1111-111111111111"
2026-02-04 23:23:57.444 +05:30 [ERR] Failed executing DbCommand (1ms) [Parameters=[@__customerId_0='?' (DbType = Guid)], CommandType='"Text"', CommandTimeout='30']
SELECT "r"."Id", "r"."ActualReturnDate", "r"."CarId", "r"."CreatedAt", "r"."CreatedBy", "r"."CustomerId", "r"."DailyRate", "r"."DamageCharges", "r"."DepositAmount", "r"."DepositReturned", "r"."EndDate", "r"."LateFee", "r"."Notes", "r"."OdometerAtPickup", "r"."OdometerAtReturn", "r"."PickupLocation", "r"."ReturnLocation", "r"."StartDate", "r"."Status", "r"."TotalCost", "r"."UpdatedAt", "r"."UpdatedBy", "c"."Id", "c"."Category", "c"."Color", "c"."CreatedAt", "c"."CreatedBy", "c"."DailyRate", "c"."Description", "c"."FuelType", "c"."HasAirConditioning", "c"."HasGPS", "c"."ImageUrl", "c"."LastMaintenanceDate", "c"."LicensePlate", "c"."Make", "c"."Mileage", "c"."Model", "c"."NextMaintenanceDate", "c"."SeatingCapacity", "c"."Status", "c"."Transmission", "c"."UpdatedAt", "c"."UpdatedBy", "c"."Year", "u"."Id", "u"."City", "u"."Country", "u"."CreatedAt", "u"."CreatedBy", "u"."DateOfBirth", "u"."DriversLicenseExpiry", "u"."DriversLicenseNumber", "u"."Email", "u"."FirstName", "u"."IsActive", "u"."LastLoginAt", "u"."LastName", "u"."PasswordHash", "u"."PhoneNumber", "u"."PostalCode", "u"."Role", "u"."State", "u"."Street", "u"."UpdatedAt", "u"."UpdatedBy"
FROM "Rentals" AS "r"
INNER JOIN "Cars" AS "c" ON "r"."CarId" = "c"."Id"
INNER JOIN "Users" AS "u" ON "r"."CustomerId" = "u"."Id"
WHERE "r"."CustomerId" = @__customerId_0
ORDER BY "r"."CreatedAt" DESC
2026-02-04 23:23:57.445 +05:30 [ERR] An exception occurred while iterating over the results of a query for context type 'CarRental.Infrastructure.Data.CarRentalDbContext'.
Microsoft.Data.Sqlite.SqliteException (0x80004005): SQLite Error 1: 'no such column: r.DepositAmount'.
   at Microsoft.Data.Sqlite.SqliteException.ThrowExceptionForRC(Int32 rc, sqlite3 db)
   at Microsoft.Data.Sqlite.SqliteCommand.PrepareAndEnumerateStatements()+MoveNext()
   at Microsoft.Data.Sqlite.SqliteCommand.GetStatements()+MoveNext()
   at Microsoft.Data.Sqlite.SqliteDataReader.NextResult()
   at Microsoft.Data.Sqlite.SqliteCommand.ExecuteReader(CommandBehavior behavior)
   at Microsoft.Data.Sqlite.SqliteCommand.ExecuteReaderAsync(CommandBehavior behavior, CancellationToken cancellationToken)
   at Microsoft.Data.Sqlite.SqliteCommand.ExecuteDbDataReaderAsync(CommandBehavior behavior, CancellationToken cancellationToken)
   at Microsoft.EntityFrameworkCore.Storage.RelationalCommand.ExecuteReaderAsync(RelationalCommandParameterObject parameterObject, CancellationToken cancellationToken)
   at Microsoft.EntityFrameworkCore.Storage.RelationalCommand.ExecuteReaderAsync(RelationalCommandParameterObject parameterObject, CancellationToken cancellationToken)
   at Microsoft.EntityFrameworkCore.Query.Internal.SingleQueryingEnumerable`1.AsyncEnumerator.InitializeReaderAsync(AsyncEnumerator enumerator, CancellationToken cancellationToken)
   at Microsoft.EntityFrameworkCore.Query.Internal.SingleQueryingEnumerable`1.AsyncEnumerator.MoveNextAsync()
Microsoft.Data.Sqlite.SqliteException (0x80004005): SQLite Error 1: 'no such column: r.DepositAmount'.
   at Microsoft.Data.Sqlite.SqliteException.ThrowExceptionForRC(Int32 rc, sqlite3 db)
   at Microsoft.Data.Sqlite.SqliteCommand.PrepareAndEnumerateStatements()+MoveNext()
   at Microsoft.Data.Sqlite.SqliteCommand.GetStatements()+MoveNext()
   at Microsoft.Data.Sqlite.SqliteDataReader.NextResult()
   at Microsoft.Data.Sqlite.SqliteCommand.ExecuteReader(CommandBehavior behavior)
   at Microsoft.Data.Sqlite.SqliteCommand.ExecuteReaderAsync(CommandBehavior behavior, CancellationToken cancellationToken)
   at Microsoft.Data.Sqlite.SqliteCommand.ExecuteDbDataReaderAsync(CommandBehavior behavior, CancellationToken cancellationToken)
   at Microsoft.EntityFrameworkCore.Storage.RelationalCommand.ExecuteReaderAsync(RelationalCommandParameterObject parameterObject, CancellationToken cancellationToken)
   at Microsoft.EntityFrameworkCore.Storage.RelationalCommand.ExecuteReaderAsync(RelationalCommandParameterObject parameterObject, CancellationToken cancellationToken)
   at Microsoft.EntityFrameworkCore.Query.Internal.SingleQueryingEnumerable`1.AsyncEnumerator.InitializeReaderAsync(AsyncEnumerator enumerator, CancellationToken cancellationToken)
   at Microsoft.EntityFrameworkCore.Query.Internal.SingleQueryingEnumerable`1.AsyncEnumerator.MoveNextAsync()
2026-02-04 23:23:57.447 +05:30 [INF] Executed action CarRental.API.Controllers.RentalsController.GetByCustomer (CarRental.API) in 8.644ms
2026-02-04 23:23:57.447 +05:30 [INF] Executed endpoint 'CarRental.API.Controllers.RentalsController.GetByCustomer (CarRental.API)'
2026-02-04 23:23:57.448 +05:30 [ERR] Exception occurred: SQLite Error 1: 'no such column: r.DepositAmount'.
Microsoft.Data.Sqlite.SqliteException (0x80004005): SQLite Error 1: 'no such column: r.DepositAmount'.
   at Microsoft.Data.Sqlite.SqliteException.ThrowExceptionForRC(Int32 rc, sqlite3 db)
   at Microsoft.Data.Sqlite.SqliteCommand.PrepareAndEnumerateStatements()+MoveNext()
   at Microsoft.Data.Sqlite.SqliteCommand.GetStatements()+MoveNext()
   at Microsoft.Data.Sqlite.SqliteDataReader.NextResult()
   at Microsoft.Data.Sqlite.SqliteCommand.ExecuteReader(CommandBehavior behavior)
   at Microsoft.Data.Sqlite.SqliteCommand.ExecuteReaderAsync(CommandBehavior behavior, CancellationToken cancellationToken)
   at Microsoft.Data.Sqlite.SqliteCommand.ExecuteDbDataReaderAsync(CommandBehavior behavior, CancellationToken cancellationToken)
   at Microsoft.EntityFrameworkCore.Storage.RelationalCommand.ExecuteReaderAsync(RelationalCommandParameterObject parameterObject, CancellationToken cancellationToken)
   at Microsoft.EntityFrameworkCore.Storage.RelationalCommand.ExecuteReaderAsync(RelationalCommandParameterObject parameterObject, CancellationToken cancellationToken)
   at Microsoft.EntityFrameworkCore.Query.Internal.SingleQueryingEnumerable`1.AsyncEnumerator.InitializeReaderAsync(AsyncEnumerator enumerator, CancellationToken cancellationToken)
   at Microsoft.EntityFrameworkCore.Query.Internal.SingleQueryingEnumerable`1.AsyncEnumerator.MoveNextAsync()
   at Microsoft.EntityFrameworkCore.EntityFrameworkQueryableExtensions.ToListAsync[TSource](IQueryable`1 source, CancellationToken cancellationToken)
   at Microsoft.EntityFrameworkCore.EntityFrameworkQueryableExtensions.ToListAsync[TSource](IQueryable`1 source, CancellationToken cancellationToken)
   at CarRental.Infrastructure.Repositories.RentalRepository.GetRentalsByCustomerAsync(Guid customerId, CancellationToken cancellationToken) in /Users/prashantkumar/Desktop/CarRental-backend/backend/src/CarRental.Infrastructure/Repositories/RentalRepository.cs:line 20
   at CarRental.Application.Services.RentalService.GetByCustomerAsync(Guid customerId, CancellationToken cancellationToken) in /Users/prashantkumar/Desktop/CarRental-backend/backend/src/CarRental.Application/Services/RentalService.cs:line 41
   at CarRental.API.Controllers.RentalsController.GetByCustomer(Guid customerId, CancellationToken cancellationToken) in /Users/prashantkumar/Desktop/CarRental-backend/backend/src/CarRental.API/Controllers/RentalsController.cs:line 58
   at Microsoft.AspNetCore.Mvc.Infrastructure.ActionMethodExecutor.TaskOfIActionResultExecutor.Execute(ActionContext actionContext, IActionResultTypeMapper mapper, ObjectMethodExecutor executor, Object controller, Object[] arguments)
   at Microsoft.AspNetCore.Mvc.Infrastructure.ControllerActionInvoker.<InvokeActionMethodAsync>g__Awaited|12_0(ControllerActionInvoker invoker, ValueTask`1 actionResultValueTask)
   at Microsoft.AspNetCore.Mvc.Infrastructure.ControllerActionInvoker.<InvokeNextActionFilterAsync>g__Awaited|10_0(ControllerActionInvoker invoker, Task lastTask, State next, Scope scope, Object state, Boolean isCompleted)
   at Microsoft.AspNetCore.Mvc.Infrastructure.ControllerActionInvoker.Rethrow(ActionExecutedContextSealed context)
   at Microsoft.AspNetCore.Mvc.Infrastructure.ControllerActionInvoker.Next(State& next, Scope& scope, Object& state, Boolean& isCompleted)
   at Microsoft.AspNetCore.Mvc.Infrastructure.ControllerActionInvoker.InvokeInnerFilterAsync()
--- End of stack trace from previous location ---
   at Microsoft.AspNetCore.Mvc.Infrastructure.ResourceInvoker.<InvokeFilterPipelineAsync>g__Awaited|20_0(ResourceInvoker invoker, Task lastTask, State next, Scope scope, Object state, Boolean isCompleted)
   at Microsoft.AspNetCore.Mvc.Infrastructure.ResourceInvoker.<InvokeAsync>g__Logged|17_1(ResourceInvoker invoker)
   at Microsoft.AspNetCore.Mvc.Infrastructure.ResourceInvoker.<InvokeAsync>g__Logged|17_1(ResourceInvoker invoker)
   at Microsoft.AspNetCore.Routing.EndpointMiddleware.<Invoke>g__AwaitRequestTask|7_0(Endpoint endpoint, Task requestTask, ILogger logger)
   at Microsoft.AspNetCore.Authorization.AuthorizationMiddleware.Invoke(HttpContext context)
   at Microsoft.AspNetCore.Authentication.AuthenticationMiddleware.Invoke(HttpContext context)
   at CarRental.API.Middleware.GlobalExceptionHandler.InvokeAsync(HttpContext context) in /Users/prashantkumar/Desktop/CarRental-backend/backend/src/CarRental.API/Middleware/GlobalExceptionHandler.cs:line 27
2026-02-04 23:23:57.451 +05:30 [INF] Request finished HTTP/1.1 GET http://localhost:5000/api/Rentals/customer/11111111-1111-1111-1111-111111111111 - 500 null application/json 16.3185ms
2026-02-04 23:23:57.455 +05:30 [INF] Request starting HTTP/1.1 GET http://localhost:5000/api/Rentals/customer/11111111-1111-1111-1111-111111111111 - null null
2026-02-04 23:23:57.456 +05:30 [INF] Executing endpoint 'CarRental.API.Controllers.RentalsController.GetByCustomer (CarRental.API)'
2026-02-04 23:23:57.457 +05:30 [INF] Route matched with {action = "GetByCustomer", controller = "Rentals"}. Executing controller action with signature System.Threading.Tasks.Task`1[Microsoft.AspNetCore.Mvc.IActionResult] GetByCustomer(System.Guid, System.Threading.CancellationToken) on controller CarRental.API.Controllers.RentalsController (CarRental.API).
2026-02-04 23:23:57.457 +05:30 [INF] Getting rentals for customer: "11111111-1111-1111-1111-111111111111"
2026-02-04 23:23:57.458 +05:30 [ERR] Failed executing DbCommand (0ms) [Parameters=[@__customerId_0='?' (DbType = Guid)], CommandType='"Text"', CommandTimeout='30']
SELECT "r"."Id", "r"."ActualReturnDate", "r"."CarId", "r"."CreatedAt", "r"."CreatedBy", "r"."CustomerId", "r"."DailyRate", "r"."DamageCharges", "r"."DepositAmount", "r"."DepositReturned", "r"."EndDate", "r"."LateFee", "r"."Notes", "r"."OdometerAtPickup", "r"."OdometerAtReturn", "r"."PickupLocation", "r"."ReturnLocation", "r"."StartDate", "r"."Status", "r"."TotalCost", "r"."UpdatedAt", "r"."UpdatedBy", "c"."Id", "c"."Category", "c"."Color", "c"."CreatedAt", "c"."CreatedBy", "c"."DailyRate", "c"."Description", "c"."FuelType", "c"."HasAirConditioning", "c"."HasGPS", "c"."ImageUrl", "c"."LastMaintenanceDate", "c"."LicensePlate", "c"."Make", "c"."Mileage", "c"."Model", "c"."NextMaintenanceDate", "c"."SeatingCapacity", "c"."Status", "c"."Transmission", "c"."UpdatedAt", "c"."UpdatedBy", "c"."Year", "u"."Id", "u"."City", "u"."Country", "u"."CreatedAt", "u"."CreatedBy", "u"."DateOfBirth", "u"."DriversLicenseExpiry", "u"."DriversLicenseNumber", "u"."Email", "u"."FirstName", "u"."IsActive", "u"."LastLoginAt", "u"."LastName", "u"."PasswordHash", "u"."PhoneNumber", "u"."PostalCode", "u"."Role", "u"."State", "u"."Street", "u"."UpdatedAt", "u"."UpdatedBy"
FROM "Rentals" AS "r"
INNER JOIN "Cars" AS "c" ON "r"."CarId" = "c"."Id"
INNER JOIN "Users" AS "u" ON "r"."CustomerId" = "u"."Id"
WHERE "r"."CustomerId" = @__customerId_0
ORDER BY "r"."CreatedAt" DESC
2026-02-04 23:23:57.459 +05:30 [ERR] An exception occurred while iterating over the results of a query for context type 'CarRental.Infrastructure.Data.CarRentalDbContext'.
Microsoft.Data.Sqlite.SqliteException (0x80004005): SQLite Error 1: 'no such column: r.DepositAmount'.
   at Microsoft.Data.Sqlite.SqliteException.ThrowExceptionForRC(Int32 rc, sqlite3 db)
   at Microsoft.Data.Sqlite.SqliteCommand.PrepareAndEnumerateStatements()+MoveNext()
   at Microsoft.Data.Sqlite.SqliteCommand.GetStatements()+MoveNext()
   at Microsoft.Data.Sqlite.SqliteDataReader.NextResult()
   at Microsoft.Data.Sqlite.SqliteCommand.ExecuteReader(CommandBehavior behavior)
   at Microsoft.Data.Sqlite.SqliteCommand.ExecuteReaderAsync(CommandBehavior behavior, CancellationToken cancellationToken)
   at Microsoft.Data.Sqlite.SqliteCommand.ExecuteDbDataReaderAsync(CommandBehavior behavior, CancellationToken cancellationToken)
   at Microsoft.EntityFrameworkCore.Storage.RelationalCommand.ExecuteReaderAsync(RelationalCommandParameterObject parameterObject, CancellationToken cancellationToken)
   at Microsoft.EntityFrameworkCore.Storage.RelationalCommand.ExecuteReaderAsync(RelationalCommandParameterObject parameterObject, CancellationToken cancellationToken)
   at Microsoft.EntityFrameworkCore.Query.Internal.SingleQueryingEnumerable`1.AsyncEnumerator.InitializeReaderAsync(AsyncEnumerator enumerator, CancellationToken cancellationToken)
   at Microsoft.EntityFrameworkCore.Query.Internal.SingleQueryingEnumerable`1.AsyncEnumerator.MoveNextAsync()
Microsoft.Data.Sqlite.SqliteException (0x80004005): SQLite Error 1: 'no such column: r.DepositAmount'.
   at Microsoft.Data.Sqlite.SqliteException.ThrowExceptionForRC(Int32 rc, sqlite3 db)
   at Microsoft.Data.Sqlite.SqliteCommand.PrepareAndEnumerateStatements()+MoveNext()
   at Microsoft.Data.Sqlite.SqliteCommand.GetStatements()+MoveNext()
   at Microsoft.Data.Sqlite.SqliteDataReader.NextResult()
   at Microsoft.Data.Sqlite.SqliteCommand.ExecuteReader(CommandBehavior behavior)
   at Microsoft.Data.Sqlite.SqliteCommand.ExecuteReaderAsync(CommandBehavior behavior, CancellationToken cancellationToken)
   at Microsoft.Data.Sqlite.SqliteCommand.ExecuteDbDataReaderAsync(CommandBehavior behavior, CancellationToken cancellationToken)
   at Microsoft.EntityFrameworkCore.Storage.RelationalCommand.ExecuteReaderAsync(RelationalCommandParameterObject parameterObject, CancellationToken cancellationToken)
   at Microsoft.EntityFrameworkCore.Storage.RelationalCommand.ExecuteReaderAsync(RelationalCommandParameterObject parameterObject, CancellationToken cancellationToken)
   at Microsoft.EntityFrameworkCore.Query.Internal.SingleQueryingEnumerable`1.AsyncEnumerator.InitializeReaderAsync(AsyncEnumerator enumerator, CancellationToken cancellationToken)
   at Microsoft.EntityFrameworkCore.Query.Internal.SingleQueryingEnumerable`1.AsyncEnumerator.MoveNextAsync()
2026-02-04 23:23:57.460 +05:30 [INF] Executed action CarRental.API.Controllers.RentalsController.GetByCustomer (CarRental.API) in 3.6458ms
2026-02-04 23:23:57.460 +05:30 [INF] Executed endpoint 'CarRental.API.Controllers.RentalsController.GetByCustomer (CarRental.API)'
2026-02-04 23:23:57.461 +05:30 [ERR] Exception occurred: SQLite Error 1: 'no such column: r.DepositAmount'.
Microsoft.Data.Sqlite.SqliteException (0x80004005): SQLite Error 1: 'no such column: r.DepositAmount'.
   at Microsoft.Data.Sqlite.SqliteException.ThrowExceptionForRC(Int32 rc, sqlite3 db)
   at Microsoft.Data.Sqlite.SqliteCommand.PrepareAndEnumerateStatements()+MoveNext()
   at Microsoft.Data.Sqlite.SqliteCommand.GetStatements()+MoveNext()
   at Microsoft.Data.Sqlite.SqliteDataReader.NextResult()
   at Microsoft.Data.Sqlite.SqliteCommand.ExecuteReader(CommandBehavior behavior)
   at Microsoft.Data.Sqlite.SqliteCommand.ExecuteReaderAsync(CommandBehavior behavior, CancellationToken cancellationToken)
   at Microsoft.Data.Sqlite.SqliteCommand.ExecuteDbDataReaderAsync(CommandBehavior behavior, CancellationToken cancellationToken)
   at Microsoft.EntityFrameworkCore.Storage.RelationalCommand.ExecuteReaderAsync(RelationalCommandParameterObject parameterObject, CancellationToken cancellationToken)
   at Microsoft.EntityFrameworkCore.Storage.RelationalCommand.ExecuteReaderAsync(RelationalCommandParameterObject parameterObject, CancellationToken cancellationToken)
   at Microsoft.EntityFrameworkCore.Query.Internal.SingleQueryingEnumerable`1.AsyncEnumerator.InitializeReaderAsync(AsyncEnumerator enumerator, CancellationToken cancellationToken)
   at Microsoft.EntityFrameworkCore.Query.Internal.SingleQueryingEnumerable`1.AsyncEnumerator.MoveNextAsync()
   at Microsoft.EntityFrameworkCore.EntityFrameworkQueryableExtensions.ToListAsync[TSource](IQueryable`1 source, CancellationToken cancellationToken)
   at Microsoft.EntityFrameworkCore.EntityFrameworkQueryableExtensions.ToListAsync[TSource](IQueryable`1 source, CancellationToken cancellationToken)
   at CarRental.Infrastructure.Repositories.RentalRepository.GetRentalsByCustomerAsync(Guid customerId, CancellationToken cancellationToken) in /Users/prashantkumar/Desktop/CarRental-backend/backend/src/CarRental.Infrastructure/Repositories/RentalRepository.cs:line 20
   at CarRental.Application.Services.RentalService.GetByCustomerAsync(Guid customerId, CancellationToken cancellationToken) in /Users/prashantkumar/Desktop/CarRental-backend/backend/src/CarRental.Application/Services/RentalService.cs:line 41
   at CarRental.API.Controllers.RentalsController.GetByCustomer(Guid customerId, CancellationToken cancellationToken) in /Users/prashantkumar/Desktop/CarRental-backend/backend/src/CarRental.API/Controllers/RentalsController.cs:line 58
   at Microsoft.AspNetCore.Mvc.Infrastructure.ActionMethodExecutor.TaskOfIActionResultExecutor.Execute(ActionContext actionContext, IActionResultTypeMapper mapper, ObjectMethodExecutor executor, Object controller, Object[] arguments)
   at Microsoft.AspNetCore.Mvc.Infrastructure.ControllerActionInvoker.<InvokeActionMethodAsync>g__Awaited|12_0(ControllerActionInvoker invoker, ValueTask`1 actionResultValueTask)
   at Microsoft.AspNetCore.Mvc.Infrastructure.ControllerActionInvoker.<InvokeNextActionFilterAsync>g__Awaited|10_0(ControllerActionInvoker invoker, Task lastTask, State next, Scope scope, Object state, Boolean isCompleted)
   at Microsoft.AspNetCore.Mvc.Infrastructure.ControllerActionInvoker.Rethrow(ActionExecutedContextSealed context)
   at Microsoft.AspNetCore.Mvc.Infrastructure.ControllerActionInvoker.Next(State& next, Scope& scope, Object& state, Boolean& isCompleted)
   at Microsoft.AspNetCore.Mvc.Infrastructure.ControllerActionInvoker.InvokeInnerFilterAsync()
--- End of stack trace from previous location ---
   at Microsoft.AspNetCore.Mvc.Infrastructure.ResourceInvoker.<InvokeFilterPipelineAsync>g__Awaited|20_0(ResourceInvoker invoker, Task lastTask, State next, Scope scope, Object state, Boolean isCompleted)
   at Microsoft.AspNetCore.Mvc.Infrastructure.ResourceInvoker.<InvokeAsync>g__Logged|17_1(ResourceInvoker invoker)
   at Microsoft.AspNetCore.Mvc.Infrastructure.ResourceInvoker.<InvokeAsync>g__Logged|17_1(ResourceInvoker invoker)
   at Microsoft.AspNetCore.Routing.EndpointMiddleware.<Invoke>g__AwaitRequestTask|7_0(Endpoint endpoint, Task requestTask, ILogger logger)
   at Microsoft.AspNetCore.Authorization.AuthorizationMiddleware.Invoke(HttpContext context)
   at Microsoft.AspNetCore.Authentication.AuthenticationMiddleware.Invoke(HttpContext context)
   at CarRental.API.Middleware.GlobalExceptionHandler.InvokeAsync(HttpContext context) in /Users/prashantkumar/Desktop/CarRental-backend/backend/src/CarRental.API/Middleware/GlobalExceptionHandler.cs:line 27
2026-02-04 23:23:57.463 +05:30 [INF] Request finished HTTP/1.1 GET http://localhost:5000/api/Rentals/customer/11111111-1111-1111-1111-111111111111 - 500 null application/json 7.7367ms
2026-02-04 23:23:58.746 +05:30 [INF] Request starting HTTP/1.1 GET http://localhost:5000/api/Cars - null null
2026-02-04 23:23:58.747 +05:30 [INF] Executing endpoint 'CarRental.API.Controllers.CarsController.GetAll (CarRental.API)'
2026-02-04 23:23:58.749 +05:30 [INF] Route matched with {action = "GetAll", controller = "Cars"}. Executing controller action with signature System.Threading.Tasks.Task`1[Microsoft.AspNetCore.Mvc.IActionResult] GetAll(System.Threading.CancellationToken) on controller CarRental.API.Controllers.CarsController (CarRental.API).
2026-02-04 23:23:58.750 +05:30 [INF] Getting all cars
2026-02-04 23:23:58.755 +05:30 [ERR] Failed executing DbCommand (0ms) [Parameters=[], CommandType='"Text"', CommandTimeout='30']
SELECT "c"."Id", "c"."Category", "c"."Color", "c"."CreatedAt", "c"."CreatedBy", "c"."DailyRate", "c"."Description", "c"."FuelType", "c"."HasAirConditioning", "c"."HasGPS", "c"."ImageUrl", "c"."LastMaintenanceDate", "c"."LicensePlate", "c"."Make", "c"."Mileage", "c"."Model", "c"."NextMaintenanceDate", "c"."SeatingCapacity", "c"."Status", "c"."Transmission", "c"."UpdatedAt", "c"."UpdatedBy", "c"."Year"
FROM "Cars" AS "c"
2026-02-04 23:23:58.756 +05:30 [ERR] An exception occurred while iterating over the results of a query for context type 'CarRental.Infrastructure.Data.CarRentalDbContext'.
Microsoft.Data.Sqlite.SqliteException (0x80004005): SQLite Error 1: 'no such column: c.LastMaintenanceDate'.
   at Microsoft.Data.Sqlite.SqliteException.ThrowExceptionForRC(Int32 rc, sqlite3 db)
   at Microsoft.Data.Sqlite.SqliteCommand.PrepareAndEnumerateStatements()+MoveNext()
   at Microsoft.Data.Sqlite.SqliteCommand.GetStatements()+MoveNext()
   at Microsoft.Data.Sqlite.SqliteDataReader.NextResult()
   at Microsoft.Data.Sqlite.SqliteCommand.ExecuteReader(CommandBehavior behavior)
   at Microsoft.Data.Sqlite.SqliteCommand.ExecuteReaderAsync(CommandBehavior behavior, CancellationToken cancellationToken)
   at Microsoft.Data.Sqlite.SqliteCommand.ExecuteDbDataReaderAsync(CommandBehavior behavior, CancellationToken cancellationToken)
   at Microsoft.EntityFrameworkCore.Storage.RelationalCommand.ExecuteReaderAsync(RelationalCommandParameterObject parameterObject, CancellationToken cancellationToken)
   at Microsoft.EntityFrameworkCore.Storage.RelationalCommand.ExecuteReaderAsync(RelationalCommandParameterObject parameterObject, CancellationToken cancellationToken)
   at Microsoft.EntityFrameworkCore.Query.Internal.SingleQueryingEnumerable`1.AsyncEnumerator.InitializeReaderAsync(AsyncEnumerator enumerator, CancellationToken cancellationToken)
   at Microsoft.EntityFrameworkCore.Query.Internal.SingleQueryingEnumerable`1.AsyncEnumerator.MoveNextAsync()
Microsoft.Data.Sqlite.SqliteException (0x80004005): SQLite Error 1: 'no such column: c.LastMaintenanceDate'.
   at Microsoft.Data.Sqlite.SqliteException.ThrowExceptionForRC(Int32 rc, sqlite3 db)
   at Microsoft.Data.Sqlite.SqliteCommand.PrepareAndEnumerateStatements()+MoveNext()
   at Microsoft.Data.Sqlite.SqliteCommand.GetStatements()+MoveNext()
   at Microsoft.Data.Sqlite.SqliteDataReader.NextResult()
   at Microsoft.Data.Sqlite.SqliteCommand.ExecuteReader(CommandBehavior behavior)
   at Microsoft.Data.Sqlite.SqliteCommand.ExecuteReaderAsync(CommandBehavior behavior, CancellationToken cancellationToken)
   at Microsoft.Data.Sqlite.SqliteCommand.ExecuteDbDataReaderAsync(CommandBehavior behavior, CancellationToken cancellationToken)
   at Microsoft.EntityFrameworkCore.Storage.RelationalCommand.ExecuteReaderAsync(RelationalCommandParameterObject parameterObject, CancellationToken cancellationToken)
   at Microsoft.EntityFrameworkCore.Storage.RelationalCommand.ExecuteReaderAsync(RelationalCommandParameterObject parameterObject, CancellationToken cancellationToken)
   at Microsoft.EntityFrameworkCore.Query.Internal.SingleQueryingEnumerable`1.AsyncEnumerator.InitializeReaderAsync(AsyncEnumerator enumerator, CancellationToken cancellationToken)
   at Microsoft.EntityFrameworkCore.Query.Internal.SingleQueryingEnumerable`1.AsyncEnumerator.MoveNextAsync()
2026-02-04 23:23:58.757 +05:30 [INF] Executed action CarRental.API.Controllers.CarsController.GetAll (CarRental.API) in 7.2913ms
2026-02-04 23:23:58.757 +05:30 [INF] Executed endpoint 'CarRental.API.Controllers.CarsController.GetAll (CarRental.API)'
2026-02-04 23:23:58.757 +05:30 [ERR] Exception occurred: SQLite Error 1: 'no such column: c.LastMaintenanceDate'.
Microsoft.Data.Sqlite.SqliteException (0x80004005): SQLite Error 1: 'no such column: c.LastMaintenanceDate'.
   at Microsoft.Data.Sqlite.SqliteException.ThrowExceptionForRC(Int32 rc, sqlite3 db)
   at Microsoft.Data.Sqlite.SqliteCommand.PrepareAndEnumerateStatements()+MoveNext()
   at Microsoft.Data.Sqlite.SqliteCommand.GetStatements()+MoveNext()
   at Microsoft.Data.Sqlite.SqliteDataReader.NextResult()
   at Microsoft.Data.Sqlite.SqliteCommand.ExecuteReader(CommandBehavior behavior)
   at Microsoft.Data.Sqlite.SqliteCommand.ExecuteReaderAsync(CommandBehavior behavior, CancellationToken cancellationToken)
   at Microsoft.Data.Sqlite.SqliteCommand.ExecuteDbDataReaderAsync(CommandBehavior behavior, CancellationToken cancellationToken)
   at Microsoft.EntityFrameworkCore.Storage.RelationalCommand.ExecuteReaderAsync(RelationalCommandParameterObject parameterObject, CancellationToken cancellationToken)
   at Microsoft.EntityFrameworkCore.Storage.RelationalCommand.ExecuteReaderAsync(RelationalCommandParameterObject parameterObject, CancellationToken cancellationToken)
   at Microsoft.EntityFrameworkCore.Query.Internal.SingleQueryingEnumerable`1.AsyncEnumerator.InitializeReaderAsync(AsyncEnumerator enumerator, CancellationToken cancellationToken)
   at Microsoft.EntityFrameworkCore.Query.Internal.SingleQueryingEnumerable`1.AsyncEnumerator.MoveNextAsync()
   at Microsoft.EntityFrameworkCore.EntityFrameworkQueryableExtensions.ToListAsync[TSource](IQueryable`1 source, CancellationToken cancellationToken)
   at Microsoft.EntityFrameworkCore.EntityFrameworkQueryableExtensions.ToListAsync[TSource](IQueryable`1 source, CancellationToken cancellationToken)
   at CarRental.Infrastructure.Repositories.Repository`1.GetAllAsync(CancellationToken cancellationToken) in /Users/prashantkumar/Desktop/CarRental-backend/backend/src/CarRental.Infrastructure/Repositories/Repository.cs:line 30
   at CarRental.Application.Services.CarService.GetAllAsync(CancellationToken cancellationToken) in /Users/prashantkumar/Desktop/CarRental-backend/backend/src/CarRental.Application/Services/CarService.cs:line 34
   at CarRental.API.Controllers.CarsController.GetAll(CancellationToken cancellationToken) in /Users/prashantkumar/Desktop/CarRental-backend/backend/src/CarRental.API/Controllers/CarsController.cs:line 31
   at Microsoft.AspNetCore.Mvc.Infrastructure.ActionMethodExecutor.TaskOfIActionResultExecutor.Execute(ActionContext actionContext, IActionResultTypeMapper mapper, ObjectMethodExecutor executor, Object controller, Object[] arguments)
   at Microsoft.AspNetCore.Mvc.Infrastructure.ControllerActionInvoker.<InvokeActionMethodAsync>g__Awaited|12_0(ControllerActionInvoker invoker, ValueTask`1 actionResultValueTask)
   at Microsoft.AspNetCore.Mvc.Infrastructure.ControllerActionInvoker.<InvokeNextActionFilterAsync>g__Awaited|10_0(ControllerActionInvoker invoker, Task lastTask, State next, Scope scope, Object state, Boolean isCompleted)
   at Microsoft.AspNetCore.Mvc.Infrastructure.ControllerActionInvoker.Rethrow(ActionExecutedContextSealed context)
   at Microsoft.AspNetCore.Mvc.Infrastructure.ControllerActionInvoker.Next(State& next, Scope& scope, Object& state, Boolean& isCompleted)
   at Microsoft.AspNetCore.Mvc.Infrastructure.ControllerActionInvoker.InvokeInnerFilterAsync()
--- End of stack trace from previous location ---
   at Microsoft.AspNetCore.Mvc.Infrastructure.ResourceInvoker.<InvokeFilterPipelineAsync>g__Awaited|20_0(ResourceInvoker invoker, Task lastTask, State next, Scope scope, Object state, Boolean isCompleted)
   at Microsoft.AspNetCore.Mvc.Infrastructure.ResourceInvoker.<InvokeAsync>g__Logged|17_1(ResourceInvoker invoker)
   at Microsoft.AspNetCore.Mvc.Infrastructure.ResourceInvoker.<InvokeAsync>g__Logged|17_1(ResourceInvoker invoker)
   at Microsoft.AspNetCore.Routing.EndpointMiddleware.<Invoke>g__AwaitRequestTask|7_0(Endpoint endpoint, Task requestTask, ILogger logger)
   at Microsoft.AspNetCore.Authorization.AuthorizationMiddleware.Invoke(HttpContext context)
   at Microsoft.AspNetCore.Authentication.AuthenticationMiddleware.Invoke(HttpContext context)
   at CarRental.API.Middleware.GlobalExceptionHandler.InvokeAsync(HttpContext context) in /Users/prashantkumar/Desktop/CarRental-backend/backend/src/CarRental.API/Middleware/GlobalExceptionHandler.cs:line 27
2026-02-04 23:23:58.759 +05:30 [INF] Request finished HTTP/1.1 GET http://localhost:5000/api/Cars - 500 null application/json 12.083ms
2026-02-04 23:23:58.760 +05:30 [INF] Request starting HTTP/1.1 GET http://localhost:5000/api/Cars - null null
2026-02-04 23:23:58.761 +05:30 [INF] Executing endpoint 'CarRental.API.Controllers.CarsController.GetAll (CarRental.API)'
2026-02-04 23:23:58.761 +05:30 [INF] Route matched with {action = "GetAll", controller = "Cars"}. Executing controller action with signature System.Threading.Tasks.Task`1[Microsoft.AspNetCore.Mvc.IActionResult] GetAll(System.Threading.CancellationToken) on controller CarRental.API.Controllers.CarsController (CarRental.API).
2026-02-04 23:23:58.763 +05:30 [INF] Getting all cars
2026-02-04 23:23:58.764 +05:30 [ERR] Failed executing DbCommand (0ms) [Parameters=[], CommandType='"Text"', CommandTimeout='30']
SELECT "c"."Id", "c"."Category", "c"."Color", "c"."CreatedAt", "c"."CreatedBy", "c"."DailyRate", "c"."Description", "c"."FuelType", "c"."HasAirConditioning", "c"."HasGPS", "c"."ImageUrl", "c"."LastMaintenanceDate", "c"."LicensePlate", "c"."Make", "c"."Mileage", "c"."Model", "c"."NextMaintenanceDate", "c"."SeatingCapacity", "c"."Status", "c"."Transmission", "c"."UpdatedAt", "c"."UpdatedBy", "c"."Year"
FROM "Cars" AS "c"
2026-02-04 23:23:58.764 +05:30 [ERR] An exception occurred while iterating over the results of a query for context type 'CarRental.Infrastructure.Data.CarRentalDbContext'.
Microsoft.Data.Sqlite.SqliteException (0x80004005): SQLite Error 1: 'no such column: c.LastMaintenanceDate'.
   at Microsoft.Data.Sqlite.SqliteException.ThrowExceptionForRC(Int32 rc, sqlite3 db)
   at Microsoft.Data.Sqlite.SqliteCommand.PrepareAndEnumerateStatements()+MoveNext()
   at Microsoft.Data.Sqlite.SqliteCommand.GetStatements()+MoveNext()
   at Microsoft.Data.Sqlite.SqliteDataReader.NextResult()
   at Microsoft.Data.Sqlite.SqliteCommand.ExecuteReader(CommandBehavior behavior)
   at Microsoft.Data.Sqlite.SqliteCommand.ExecuteReaderAsync(CommandBehavior behavior, CancellationToken cancellationToken)
   at Microsoft.Data.Sqlite.SqliteCommand.ExecuteDbDataReaderAsync(CommandBehavior behavior, CancellationToken cancellationToken)
   at Microsoft.EntityFrameworkCore.Storage.RelationalCommand.ExecuteReaderAsync(RelationalCommandParameterObject parameterObject, CancellationToken cancellationToken)
   at Microsoft.EntityFrameworkCore.Storage.RelationalCommand.ExecuteReaderAsync(RelationalCommandParameterObject parameterObject, CancellationToken cancellationToken)
   at Microsoft.EntityFrameworkCore.Query.Internal.SingleQueryingEnumerable`1.AsyncEnumerator.InitializeReaderAsync(AsyncEnumerator enumerator, CancellationToken cancellationToken)
   at Microsoft.EntityFrameworkCore.Query.Internal.SingleQueryingEnumerable`1.AsyncEnumerator.MoveNextAsync()
Microsoft.Data.Sqlite.SqliteException (0x80004005): SQLite Error 1: 'no such column: c.LastMaintenanceDate'.
   at Microsoft.Data.Sqlite.SqliteException.ThrowExceptionForRC(Int32 rc, sqlite3 db)
   at Microsoft.Data.Sqlite.SqliteCommand.PrepareAndEnumerateStatements()+MoveNext()
   at Microsoft.Data.Sqlite.SqliteCommand.GetStatements()+MoveNext()
   at Microsoft.Data.Sqlite.SqliteDataReader.NextResult()
   at Microsoft.Data.Sqlite.SqliteCommand.ExecuteReader(CommandBehavior behavior)
   at Microsoft.Data.Sqlite.SqliteCommand.ExecuteReaderAsync(CommandBehavior behavior, CancellationToken cancellationToken)
   at Microsoft.Data.Sqlite.SqliteCommand.ExecuteDbDataReaderAsync(CommandBehavior behavior, CancellationToken cancellationToken)
   at Microsoft.EntityFrameworkCore.Storage.RelationalCommand.ExecuteReaderAsync(RelationalCommandParameterObject parameterObject, CancellationToken cancellationToken)
   at Microsoft.EntityFrameworkCore.Storage.RelationalCommand.ExecuteReaderAsync(RelationalCommandParameterObject parameterObject, CancellationToken cancellationToken)
   at Microsoft.EntityFrameworkCore.Query.Internal.SingleQueryingEnumerable`1.AsyncEnumerator.InitializeReaderAsync(AsyncEnumerator enumerator, CancellationToken cancellationToken)
   at Microsoft.EntityFrameworkCore.Query.Internal.SingleQueryingEnumerable`1.AsyncEnumerator.MoveNextAsync()
2026-02-04 23:23:58.766 +05:30 [INF] Executed action CarRental.API.Controllers.CarsController.GetAll (CarRental.API) in 4.7072ms
2026-02-04 23:23:58.766 +05:30 [INF] Executed endpoint 'CarRental.API.Controllers.CarsController.GetAll (CarRental.API)'
2026-02-04 23:23:58.766 +05:30 [ERR] Exception occurred: SQLite Error 1: 'no such column: c.LastMaintenanceDate'.
Microsoft.Data.Sqlite.SqliteException (0x80004005): SQLite Error 1: 'no such column: c.LastMaintenanceDate'.
   at Microsoft.Data.Sqlite.SqliteException.ThrowExceptionForRC(Int32 rc, sqlite3 db)
   at Microsoft.Data.Sqlite.SqliteCommand.PrepareAndEnumerateStatements()+MoveNext()
   at Microsoft.Data.Sqlite.SqliteCommand.GetStatements()+MoveNext()
   at Microsoft.Data.Sqlite.SqliteDataReader.NextResult()
   at Microsoft.Data.Sqlite.SqliteCommand.ExecuteReader(CommandBehavior behavior)
   at Microsoft.Data.Sqlite.SqliteCommand.ExecuteReaderAsync(CommandBehavior behavior, CancellationToken cancellationToken)
   at Microsoft.Data.Sqlite.SqliteCommand.ExecuteDbDataReaderAsync(CommandBehavior behavior, CancellationToken cancellationToken)
   at Microsoft.EntityFrameworkCore.Storage.RelationalCommand.ExecuteReaderAsync(RelationalCommandParameterObject parameterObject, CancellationToken cancellationToken)
   at Microsoft.EntityFrameworkCore.Storage.RelationalCommand.ExecuteReaderAsync(RelationalCommandParameterObject parameterObject, CancellationToken cancellationToken)
   at Microsoft.EntityFrameworkCore.Query.Internal.SingleQueryingEnumerable`1.AsyncEnumerator.InitializeReaderAsync(AsyncEnumerator enumerator, CancellationToken cancellationToken)
   at Microsoft.EntityFrameworkCore.Query.Internal.SingleQueryingEnumerable`1.AsyncEnumerator.MoveNextAsync()
   at Microsoft.EntityFrameworkCore.EntityFrameworkQueryableExtensions.ToListAsync[TSource](IQueryable`1 source, CancellationToken cancellationToken)
   at Microsoft.EntityFrameworkCore.EntityFrameworkQueryableExtensions.ToListAsync[TSource](IQueryable`1 source, CancellationToken cancellationToken)
   at CarRental.Infrastructure.Repositories.Repository`1.GetAllAsync(CancellationToken cancellationToken) in /Users/prashantkumar/Desktop/CarRental-backend/backend/src/CarRental.Infrastructure/Repositories/Repository.cs:line 30
   at CarRental.Application.Services.CarService.GetAllAsync(CancellationToken cancellationToken) in /Users/prashantkumar/Desktop/CarRental-backend/backend/src/CarRental.Application/Services/CarService.cs:line 34
   at CarRental.API.Controllers.CarsController.GetAll(CancellationToken cancellationToken) in /Users/prashantkumar/Desktop/CarRental-backend/backend/src/CarRental.API/Controllers/CarsController.cs:line 31
   at Microsoft.AspNetCore.Mvc.Infrastructure.ActionMethodExecutor.TaskOfIActionResultExecutor.Execute(ActionContext actionContext, IActionResultTypeMapper mapper, ObjectMethodExecutor executor, Object controller, Object[] arguments)
   at Microsoft.AspNetCore.Mvc.Infrastructure.ControllerActionInvoker.<InvokeActionMethodAsync>g__Awaited|12_0(ControllerActionInvoker invoker, ValueTask`1 actionResultValueTask)
   at Microsoft.AspNetCore.Mvc.Infrastructure.ControllerActionInvoker.<InvokeNextActionFilterAsync>g__Awaited|10_0(ControllerActionInvoker invoker, Task lastTask, State next, Scope scope, Object state, Boolean isCompleted)
   at Microsoft.AspNetCore.Mvc.Infrastructure.ControllerActionInvoker.Rethrow(ActionExecutedContextSealed context)
   at Microsoft.AspNetCore.Mvc.Infrastructure.ControllerActionInvoker.Next(State& next, Scope& scope, Object& state, Boolean& isCompleted)
   at Microsoft.AspNetCore.Mvc.Infrastructure.ControllerActionInvoker.InvokeInnerFilterAsync()
--- End of stack trace from previous location ---
   at Microsoft.AspNetCore.Mvc.Infrastructure.ResourceInvoker.<InvokeFilterPipelineAsync>g__Awaited|20_0(ResourceInvoker invoker, Task lastTask, State next, Scope scope, Object state, Boolean isCompleted)
   at Microsoft.AspNetCore.Mvc.Infrastructure.ResourceInvoker.<InvokeAsync>g__Logged|17_1(ResourceInvoker invoker)
   at Microsoft.AspNetCore.Mvc.Infrastructure.ResourceInvoker.<InvokeAsync>g__Logged|17_1(ResourceInvoker invoker)
   at Microsoft.AspNetCore.Routing.EndpointMiddleware.<Invoke>g__AwaitRequestTask|7_0(Endpoint endpoint, Task requestTask, ILogger logger)
   at Microsoft.AspNetCore.Authorization.AuthorizationMiddleware.Invoke(HttpContext context)
   at Microsoft.AspNetCore.Authentication.AuthenticationMiddleware.Invoke(HttpContext context)
   at CarRental.API.Middleware.GlobalExceptionHandler.InvokeAsync(HttpContext context) in /Users/prashantkumar/Desktop/CarRental-backend/backend/src/CarRental.API/Middleware/GlobalExceptionHandler.cs:line 27
2026-02-04 23:23:58.768 +05:30 [INF] Request finished HTTP/1.1 GET http://localhost:5000/api/Cars - 500 null application/json 7.3639ms
2026-02-04 23:24:02.230 +05:30 [INF] Request starting HTTP/1.1 GET http://localhost:5000/api/Cars - null null
2026-02-04 23:24:02.232 +05:30 [INF] Executing endpoint 'CarRental.API.Controllers.CarsController.GetAll (CarRental.API)'
2026-02-04 23:24:02.232 +05:30 [INF] Route matched with {action = "GetAll", controller = "Cars"}. Executing controller action with signature System.Threading.Tasks.Task`1[Microsoft.AspNetCore.Mvc.IActionResult] GetAll(System.Threading.CancellationToken) on controller CarRental.API.Controllers.CarsController (CarRental.API).
2026-02-04 23:24:02.233 +05:30 [INF] Getting all cars
2026-02-04 23:24:02.235 +05:30 [ERR] Failed executing DbCommand (0ms) [Parameters=[], CommandType='"Text"', CommandTimeout='30']
SELECT "c"."Id", "c"."Category", "c"."Color", "c"."CreatedAt", "c"."CreatedBy", "c"."DailyRate", "c"."Description", "c"."FuelType", "c"."HasAirConditioning", "c"."HasGPS", "c"."ImageUrl", "c"."LastMaintenanceDate", "c"."LicensePlate", "c"."Make", "c"."Mileage", "c"."Model", "c"."NextMaintenanceDate", "c"."SeatingCapacity", "c"."Status", "c"."Transmission", "c"."UpdatedAt", "c"."UpdatedBy", "c"."Year"
FROM "Cars" AS "c"
2026-02-04 23:24:02.236 +05:30 [ERR] An exception occurred while iterating over the results of a query for context type 'CarRental.Infrastructure.Data.CarRentalDbContext'.
Microsoft.Data.Sqlite.SqliteException (0x80004005): SQLite Error 1: 'no such column: c.LastMaintenanceDate'.
   at Microsoft.Data.Sqlite.SqliteException.ThrowExceptionForRC(Int32 rc, sqlite3 db)
   at Microsoft.Data.Sqlite.SqliteCommand.PrepareAndEnumerateStatements()+MoveNext()
   at Microsoft.Data.Sqlite.SqliteCommand.GetStatements()+MoveNext()
   at Microsoft.Data.Sqlite.SqliteDataReader.NextResult()
   at Microsoft.Data.Sqlite.SqliteCommand.ExecuteReader(CommandBehavior behavior)
   at Microsoft.Data.Sqlite.SqliteCommand.ExecuteReaderAsync(CommandBehavior behavior, CancellationToken cancellationToken)
   at Microsoft.Data.Sqlite.SqliteCommand.ExecuteDbDataReaderAsync(CommandBehavior behavior, CancellationToken cancellationToken)
   at Microsoft.EntityFrameworkCore.Storage.RelationalCommand.ExecuteReaderAsync(RelationalCommandParameterObject parameterObject, CancellationToken cancellationToken)
   at Microsoft.EntityFrameworkCore.Storage.RelationalCommand.ExecuteReaderAsync(RelationalCommandParameterObject parameterObject, CancellationToken cancellationToken)
   at Microsoft.EntityFrameworkCore.Query.Internal.SingleQueryingEnumerable`1.AsyncEnumerator.InitializeReaderAsync(AsyncEnumerator enumerator, CancellationToken cancellationToken)
   at Microsoft.EntityFrameworkCore.Query.Internal.SingleQueryingEnumerable`1.AsyncEnumerator.MoveNextAsync()
Microsoft.Data.Sqlite.SqliteException (0x80004005): SQLite Error 1: 'no such column: c.LastMaintenanceDate'.
   at Microsoft.Data.Sqlite.SqliteException.ThrowExceptionForRC(Int32 rc, sqlite3 db)
   at Microsoft.Data.Sqlite.SqliteCommand.PrepareAndEnumerateStatements()+MoveNext()
   at Microsoft.Data.Sqlite.SqliteCommand.GetStatements()+MoveNext()
   at Microsoft.Data.Sqlite.SqliteDataReader.NextResult()
   at Microsoft.Data.Sqlite.SqliteCommand.ExecuteReader(CommandBehavior behavior)
   at Microsoft.Data.Sqlite.SqliteCommand.ExecuteReaderAsync(CommandBehavior behavior, CancellationToken cancellationToken)
   at Microsoft.Data.Sqlite.SqliteCommand.ExecuteDbDataReaderAsync(CommandBehavior behavior, CancellationToken cancellationToken)
   at Microsoft.EntityFrameworkCore.Storage.RelationalCommand.ExecuteReaderAsync(RelationalCommandParameterObject parameterObject, CancellationToken cancellationToken)
   at Microsoft.EntityFrameworkCore.Storage.RelationalCommand.ExecuteReaderAsync(RelationalCommandParameterObject parameterObject, CancellationToken cancellationToken)
   at Microsoft.EntityFrameworkCore.Query.Internal.SingleQueryingEnumerable`1.AsyncEnumerator.InitializeReaderAsync(AsyncEnumerator enumerator, CancellationToken cancellationToken)
   at Microsoft.EntityFrameworkCore.Query.Internal.SingleQueryingEnumerable`1.AsyncEnumerator.MoveNextAsync()
2026-02-04 23:24:02.238 +05:30 [INF] Executed action CarRental.API.Controllers.CarsController.GetAll (CarRental.API) in 5.9627ms
2026-02-04 23:24:02.238 +05:30 [INF] Executed endpoint 'CarRental.API.Controllers.CarsController.GetAll (CarRental.API)'
2026-02-04 23:24:02.239 +05:30 [ERR] Exception occurred: SQLite Error 1: 'no such column: c.LastMaintenanceDate'.
Microsoft.Data.Sqlite.SqliteException (0x80004005): SQLite Error 1: 'no such column: c.LastMaintenanceDate'.
   at Microsoft.Data.Sqlite.SqliteException.ThrowExceptionForRC(Int32 rc, sqlite3 db)
   at Microsoft.Data.Sqlite.SqliteCommand.PrepareAndEnumerateStatements()+MoveNext()
   at Microsoft.Data.Sqlite.SqliteCommand.GetStatements()+MoveNext()
   at Microsoft.Data.Sqlite.SqliteDataReader.NextResult()
   at Microsoft.Data.Sqlite.SqliteCommand.ExecuteReader(CommandBehavior behavior)
   at Microsoft.Data.Sqlite.SqliteCommand.ExecuteReaderAsync(CommandBehavior behavior, CancellationToken cancellationToken)
   at Microsoft.Data.Sqlite.SqliteCommand.ExecuteDbDataReaderAsync(CommandBehavior behavior, CancellationToken cancellationToken)
   at Microsoft.EntityFrameworkCore.Storage.RelationalCommand.ExecuteReaderAsync(RelationalCommandParameterObject parameterObject, CancellationToken cancellationToken)
   at Microsoft.EntityFrameworkCore.Storage.RelationalCommand.ExecuteReaderAsync(RelationalCommandParameterObject parameterObject, CancellationToken cancellationToken)
   at Microsoft.EntityFrameworkCore.Query.Internal.SingleQueryingEnumerable`1.AsyncEnumerator.InitializeReaderAsync(AsyncEnumerator enumerator, CancellationToken cancellationToken)
   at Microsoft.EntityFrameworkCore.Query.Internal.SingleQueryingEnumerable`1.AsyncEnumerator.MoveNextAsync()
   at Microsoft.EntityFrameworkCore.EntityFrameworkQueryableExtensions.ToListAsync[TSource](IQueryable`1 source, CancellationToken cancellationToken)
   at Microsoft.EntityFrameworkCore.EntityFrameworkQueryableExtensions.ToListAsync[TSource](IQueryable`1 source, CancellationToken cancellationToken)
   at CarRental.Infrastructure.Repositories.Repository`1.GetAllAsync(CancellationToken cancellationToken) in /Users/prashantkumar/Desktop/CarRental-backend/backend/src/CarRental.Infrastructure/Repositories/Repository.cs:line 30
   at CarRental.Application.Services.CarService.GetAllAsync(CancellationToken cancellationToken) in /Users/prashantkumar/Desktop/CarRental-backend/backend/src/CarRental.Application/Services/CarService.cs:line 34
   at CarRental.API.Controllers.CarsController.GetAll(CancellationToken cancellationToken) in /Users/prashantkumar/Desktop/CarRental-backend/backend/src/CarRental.API/Controllers/CarsController.cs:line 31
   at Microsoft.AspNetCore.Mvc.Infrastructure.ActionMethodExecutor.TaskOfIActionResultExecutor.Execute(ActionContext actionContext, IActionResultTypeMapper mapper, ObjectMethodExecutor executor, Object controller, Object[] arguments)
   at Microsoft.AspNetCore.Mvc.Infrastructure.ControllerActionInvoker.<InvokeActionMethodAsync>g__Awaited|12_0(ControllerActionInvoker invoker, ValueTask`1 actionResultValueTask)
   at Microsoft.AspNetCore.Mvc.Infrastructure.ControllerActionInvoker.<InvokeNextActionFilterAsync>g__Awaited|10_0(ControllerActionInvoker invoker, Task lastTask, State next, Scope scope, Object state, Boolean isCompleted)
   at Microsoft.AspNetCore.Mvc.Infrastructure.ControllerActionInvoker.Rethrow(ActionExecutedContextSealed context)
   at Microsoft.AspNetCore.Mvc.Infrastructure.ControllerActionInvoker.Next(State& next, Scope& scope, Object& state, Boolean& isCompleted)
   at Microsoft.AspNetCore.Mvc.Infrastructure.ControllerActionInvoker.InvokeInnerFilterAsync()
--- End of stack trace from previous location ---
   at Microsoft.AspNetCore.Mvc.Infrastructure.ResourceInvoker.<InvokeFilterPipelineAsync>g__Awaited|20_0(ResourceInvoker invoker, Task lastTask, State next, Scope scope, Object state, Boolean isCompleted)
   at Microsoft.AspNetCore.Mvc.Infrastructure.ResourceInvoker.<InvokeAsync>g__Logged|17_1(ResourceInvoker invoker)
   at Microsoft.AspNetCore.Mvc.Infrastructure.ResourceInvoker.<InvokeAsync>g__Logged|17_1(ResourceInvoker invoker)
   at Microsoft.AspNetCore.Routing.EndpointMiddleware.<Invoke>g__AwaitRequestTask|7_0(Endpoint endpoint, Task requestTask, ILogger logger)
   at Microsoft.AspNetCore.Authorization.AuthorizationMiddleware.Invoke(HttpContext context)
   at Microsoft.AspNetCore.Authentication.AuthenticationMiddleware.Invoke(HttpContext context)
   at CarRental.API.Middleware.GlobalExceptionHandler.InvokeAsync(HttpContext context) in /Users/prashantkumar/Desktop/CarRental-backend/backend/src/CarRental.API/Middleware/GlobalExceptionHandler.cs:line 27
2026-02-04 23:24:02.242 +05:30 [INF] Request finished HTTP/1.1 GET http://localhost:5000/api/Cars - 500 null application/json 11.9832ms
2026-02-04 23:24:02.249 +05:30 [INF] Request starting HTTP/1.1 GET http://localhost:5000/api/Cars - null null
2026-02-04 23:24:02.249 +05:30 [INF] Executing endpoint 'CarRental.API.Controllers.CarsController.GetAll (CarRental.API)'
2026-02-04 23:24:02.249 +05:30 [INF] Route matched with {action = "GetAll", controller = "Cars"}. Executing controller action with signature System.Threading.Tasks.Task`1[Microsoft.AspNetCore.Mvc.IActionResult] GetAll(System.Threading.CancellationToken) on controller CarRental.API.Controllers.CarsController (CarRental.API).
2026-02-04 23:24:02.250 +05:30 [INF] Getting all cars
2026-02-04 23:24:02.251 +05:30 [ERR] Failed executing DbCommand (0ms) [Parameters=[], CommandType='"Text"', CommandTimeout='30']
SELECT "c"."Id", "c"."Category", "c"."Color", "c"."CreatedAt", "c"."CreatedBy", "c"."DailyRate", "c"."Description", "c"."FuelType", "c"."HasAirConditioning", "c"."HasGPS", "c"."ImageUrl", "c"."LastMaintenanceDate", "c"."LicensePlate", "c"."Make", "c"."Mileage", "c"."Model", "c"."NextMaintenanceDate", "c"."SeatingCapacity", "c"."Status", "c"."Transmission", "c"."UpdatedAt", "c"."UpdatedBy", "c"."Year"
FROM "Cars" AS "c"
2026-02-04 23:24:02.252 +05:30 [ERR] An exception occurred while iterating over the results of a query for context type 'CarRental.Infrastructure.Data.CarRentalDbContext'.
Microsoft.Data.Sqlite.SqliteException (0x80004005): SQLite Error 1: 'no such column: c.LastMaintenanceDate'.
   at Microsoft.Data.Sqlite.SqliteException.ThrowExceptionForRC(Int32 rc, sqlite3 db)
   at Microsoft.Data.Sqlite.SqliteCommand.PrepareAndEnumerateStatements()+MoveNext()
   at Microsoft.Data.Sqlite.SqliteCommand.GetStatements()+MoveNext()
   at Microsoft.Data.Sqlite.SqliteDataReader.NextResult()
   at Microsoft.Data.Sqlite.SqliteCommand.ExecuteReader(CommandBehavior behavior)
   at Microsoft.Data.Sqlite.SqliteCommand.ExecuteReaderAsync(CommandBehavior behavior, CancellationToken cancellationToken)
   at Microsoft.Data.Sqlite.SqliteCommand.ExecuteDbDataReaderAsync(CommandBehavior behavior, CancellationToken cancellationToken)
   at Microsoft.EntityFrameworkCore.Storage.RelationalCommand.ExecuteReaderAsync(RelationalCommandParameterObject parameterObject, CancellationToken cancellationToken)
   at Microsoft.EntityFrameworkCore.Storage.RelationalCommand.ExecuteReaderAsync(RelationalCommandParameterObject parameterObject, CancellationToken cancellationToken)
   at Microsoft.EntityFrameworkCore.Query.Internal.SingleQueryingEnumerable`1.AsyncEnumerator.InitializeReaderAsync(AsyncEnumerator enumerator, CancellationToken cancellationToken)
   at Microsoft.EntityFrameworkCore.Query.Internal.SingleQueryingEnumerable`1.AsyncEnumerator.MoveNextAsync()
Microsoft.Data.Sqlite.SqliteException (0x80004005): SQLite Error 1: 'no such column: c.LastMaintenanceDate'.
   at Microsoft.Data.Sqlite.SqliteException.ThrowExceptionForRC(Int32 rc, sqlite3 db)
   at Microsoft.Data.Sqlite.SqliteCommand.PrepareAndEnumerateStatements()+MoveNext()
   at Microsoft.Data.Sqlite.SqliteCommand.GetStatements()+MoveNext()
   at Microsoft.Data.Sqlite.SqliteDataReader.NextResult()
   at Microsoft.Data.Sqlite.SqliteCommand.ExecuteReader(CommandBehavior behavior)
   at Microsoft.Data.Sqlite.SqliteCommand.ExecuteReaderAsync(CommandBehavior behavior, CancellationToken cancellationToken)
   at Microsoft.Data.Sqlite.SqliteCommand.ExecuteDbDataReaderAsync(CommandBehavior behavior, CancellationToken cancellationToken)
   at Microsoft.EntityFrameworkCore.Storage.RelationalCommand.ExecuteReaderAsync(RelationalCommandParameterObject parameterObject, CancellationToken cancellationToken)
   at Microsoft.EntityFrameworkCore.Storage.RelationalCommand.ExecuteReaderAsync(RelationalCommandParameterObject parameterObject, CancellationToken cancellationToken)
   at Microsoft.EntityFrameworkCore.Query.Internal.SingleQueryingEnumerable`1.AsyncEnumerator.InitializeReaderAsync(AsyncEnumerator enumerator, CancellationToken cancellationToken)
   at Microsoft.EntityFrameworkCore.Query.Internal.SingleQueryingEnumerable`1.AsyncEnumerator.MoveNextAsync()
2026-02-04 23:24:02.253 +05:30 [INF] Executed action CarRental.API.Controllers.CarsController.GetAll (CarRental.API) in 3.6316ms
2026-02-04 23:24:02.254 +05:30 [INF] Executed endpoint 'CarRental.API.Controllers.CarsController.GetAll (CarRental.API)'
2026-02-04 23:24:02.254 +05:30 [ERR] Exception occurred: SQLite Error 1: 'no such column: c.LastMaintenanceDate'.
Microsoft.Data.Sqlite.SqliteException (0x80004005): SQLite Error 1: 'no such column: c.LastMaintenanceDate'.
   at Microsoft.Data.Sqlite.SqliteException.ThrowExceptionForRC(Int32 rc, sqlite3 db)
   at Microsoft.Data.Sqlite.SqliteCommand.PrepareAndEnumerateStatements()+MoveNext()
   at Microsoft.Data.Sqlite.SqliteCommand.GetStatements()+MoveNext()
   at Microsoft.Data.Sqlite.SqliteDataReader.NextResult()
   at Microsoft.Data.Sqlite.SqliteCommand.ExecuteReader(CommandBehavior behavior)
   at Microsoft.Data.Sqlite.SqliteCommand.ExecuteReaderAsync(CommandBehavior behavior, CancellationToken cancellationToken)
   at Microsoft.Data.Sqlite.SqliteCommand.ExecuteDbDataReaderAsync(CommandBehavior behavior, CancellationToken cancellationToken)
   at Microsoft.EntityFrameworkCore.Storage.RelationalCommand.ExecuteReaderAsync(RelationalCommandParameterObject parameterObject, CancellationToken cancellationToken)
   at Microsoft.EntityFrameworkCore.Storage.RelationalCommand.ExecuteReaderAsync(RelationalCommandParameterObject parameterObject, CancellationToken cancellationToken)
   at Microsoft.EntityFrameworkCore.Query.Internal.SingleQueryingEnumerable`1.AsyncEnumerator.InitializeReaderAsync(AsyncEnumerator enumerator, CancellationToken cancellationToken)
   at Microsoft.EntityFrameworkCore.Query.Internal.SingleQueryingEnumerable`1.AsyncEnumerator.MoveNextAsync()
   at Microsoft.EntityFrameworkCore.EntityFrameworkQueryableExtensions.ToListAsync[TSource](IQueryable`1 source, CancellationToken cancellationToken)
   at Microsoft.EntityFrameworkCore.EntityFrameworkQueryableExtensions.ToListAsync[TSource](IQueryable`1 source, CancellationToken cancellationToken)
   at CarRental.Infrastructure.Repositories.Repository`1.GetAllAsync(CancellationToken cancellationToken) in /Users/prashantkumar/Desktop/CarRental-backend/backend/src/CarRental.Infrastructure/Repositories/Repository.cs:line 30
   at CarRental.Application.Services.CarService.GetAllAsync(CancellationToken cancellationToken) in /Users/prashantkumar/Desktop/CarRental-backend/backend/src/CarRental.Application/Services/CarService.cs:line 34
   at CarRental.API.Controllers.CarsController.GetAll(CancellationToken cancellationToken) in /Users/prashantkumar/Desktop/CarRental-backend/backend/src/CarRental.API/Controllers/CarsController.cs:line 31
   at Microsoft.AspNetCore.Mvc.Infrastructure.ActionMethodExecutor.TaskOfIActionResultExecutor.Execute(ActionContext actionContext, IActionResultTypeMapper mapper, ObjectMethodExecutor executor, Object controller, Object[] arguments)
   at Microsoft.AspNetCore.Mvc.Infrastructure.ControllerActionInvoker.<InvokeActionMethodAsync>g__Awaited|12_0(ControllerActionInvoker invoker, ValueTask`1 actionResultValueTask)
   at Microsoft.AspNetCore.Mvc.Infrastructure.ControllerActionInvoker.<InvokeNextActionFilterAsync>g__Awaited|10_0(ControllerActionInvoker invoker, Task lastTask, State next, Scope scope, Object state, Boolean isCompleted)
   at Microsoft.AspNetCore.Mvc.Infrastructure.ControllerActionInvoker.Rethrow(ActionExecutedContextSealed context)
   at Microsoft.AspNetCore.Mvc.Infrastructure.ControllerActionInvoker.Next(State& next, Scope& scope, Object& state, Boolean& isCompleted)
   at Microsoft.AspNetCore.Mvc.Infrastructure.ControllerActionInvoker.InvokeInnerFilterAsync()
--- End of stack trace from previous location ---
   at Microsoft.AspNetCore.Mvc.Infrastructure.ResourceInvoker.<InvokeFilterPipelineAsync>g__Awaited|20_0(ResourceInvoker invoker, Task lastTask, State next, Scope scope, Object state, Boolean isCompleted)
   at Microsoft.AspNetCore.Mvc.Infrastructure.ResourceInvoker.<InvokeAsync>g__Logged|17_1(ResourceInvoker invoker)
   at Microsoft.AspNetCore.Mvc.Infrastructure.ResourceInvoker.<InvokeAsync>g__Logged|17_1(ResourceInvoker invoker)
   at Microsoft.AspNetCore.Routing.EndpointMiddleware.<Invoke>g__AwaitRequestTask|7_0(Endpoint endpoint, Task requestTask, ILogger logger)
   at Microsoft.AspNetCore.Authorization.AuthorizationMiddleware.Invoke(HttpContext context)
   at Microsoft.AspNetCore.Authentication.AuthenticationMiddleware.Invoke(HttpContext context)
   at CarRental.API.Middleware.GlobalExceptionHandler.InvokeAsync(HttpContext context) in /Users/prashantkumar/Desktop/CarRental-backend/backend/src/CarRental.API/Middleware/GlobalExceptionHandler.cs:line 27
2026-02-04 23:24:02.256 +05:30 [INF] Request finished HTTP/1.1 GET http://localhost:5000/api/Cars - 500 null application/json 7.4891ms
2026-02-04 23:24:03.794 +05:30 [INF] Request starting HTTP/1.1 GET http://localhost:5000/api/Rentals/customer/11111111-1111-1111-1111-111111111111 - null null
2026-02-04 23:24:03.795 +05:30 [INF] Executing endpoint 'CarRental.API.Controllers.RentalsController.GetByCustomer (CarRental.API)'
2026-02-04 23:24:03.795 +05:30 [INF] Route matched with {action = "GetByCustomer", controller = "Rentals"}. Executing controller action with signature System.Threading.Tasks.Task`1[Microsoft.AspNetCore.Mvc.IActionResult] GetByCustomer(System.Guid, System.Threading.CancellationToken) on controller CarRental.API.Controllers.RentalsController (CarRental.API).
2026-02-04 23:24:03.796 +05:30 [INF] Getting rentals for customer: "11111111-1111-1111-1111-111111111111"
2026-02-04 23:24:03.798 +05:30 [ERR] Failed executing DbCommand (0ms) [Parameters=[@__customerId_0='?' (DbType = Guid)], CommandType='"Text"', CommandTimeout='30']
SELECT "r"."Id", "r"."ActualReturnDate", "r"."CarId", "r"."CreatedAt", "r"."CreatedBy", "r"."CustomerId", "r"."DailyRate", "r"."DamageCharges", "r"."DepositAmount", "r"."DepositReturned", "r"."EndDate", "r"."LateFee", "r"."Notes", "r"."OdometerAtPickup", "r"."OdometerAtReturn", "r"."PickupLocation", "r"."ReturnLocation", "r"."StartDate", "r"."Status", "r"."TotalCost", "r"."UpdatedAt", "r"."UpdatedBy", "c"."Id", "c"."Category", "c"."Color", "c"."CreatedAt", "c"."CreatedBy", "c"."DailyRate", "c"."Description", "c"."FuelType", "c"."HasAirConditioning", "c"."HasGPS", "c"."ImageUrl", "c"."LastMaintenanceDate", "c"."LicensePlate", "c"."Make", "c"."Mileage", "c"."Model", "c"."NextMaintenanceDate", "c"."SeatingCapacity", "c"."Status", "c"."Transmission", "c"."UpdatedAt", "c"."UpdatedBy", "c"."Year", "u"."Id", "u"."City", "u"."Country", "u"."CreatedAt", "u"."CreatedBy", "u"."DateOfBirth", "u"."DriversLicenseExpiry", "u"."DriversLicenseNumber", "u"."Email", "u"."FirstName", "u"."IsActive", "u"."LastLoginAt", "u"."LastName", "u"."PasswordHash", "u"."PhoneNumber", "u"."PostalCode", "u"."Role", "u"."State", "u"."Street", "u"."UpdatedAt", "u"."UpdatedBy"
FROM "Rentals" AS "r"
INNER JOIN "Cars" AS "c" ON "r"."CarId" = "c"."Id"
INNER JOIN "Users" AS "u" ON "r"."CustomerId" = "u"."Id"
WHERE "r"."CustomerId" = @__customerId_0
ORDER BY "r"."CreatedAt" DESC
2026-02-04 23:24:03.799 +05:30 [ERR] An exception occurred while iterating over the results of a query for context type 'CarRental.Infrastructure.Data.CarRentalDbContext'.
Microsoft.Data.Sqlite.SqliteException (0x80004005): SQLite Error 1: 'no such column: r.DepositAmount'.
   at Microsoft.Data.Sqlite.SqliteException.ThrowExceptionForRC(Int32 rc, sqlite3 db)
   at Microsoft.Data.Sqlite.SqliteCommand.PrepareAndEnumerateStatements()+MoveNext()
   at Microsoft.Data.Sqlite.SqliteCommand.GetStatements()+MoveNext()
   at Microsoft.Data.Sqlite.SqliteDataReader.NextResult()
   at Microsoft.Data.Sqlite.SqliteCommand.ExecuteReader(CommandBehavior behavior)
   at Microsoft.Data.Sqlite.SqliteCommand.ExecuteReaderAsync(CommandBehavior behavior, CancellationToken cancellationToken)
   at Microsoft.Data.Sqlite.SqliteCommand.ExecuteDbDataReaderAsync(CommandBehavior behavior, CancellationToken cancellationToken)
   at Microsoft.EntityFrameworkCore.Storage.RelationalCommand.ExecuteReaderAsync(RelationalCommandParameterObject parameterObject, CancellationToken cancellationToken)
   at Microsoft.EntityFrameworkCore.Storage.RelationalCommand.ExecuteReaderAsync(RelationalCommandParameterObject parameterObject, CancellationToken cancellationToken)
   at Microsoft.EntityFrameworkCore.Query.Internal.SingleQueryingEnumerable`1.AsyncEnumerator.InitializeReaderAsync(AsyncEnumerator enumerator, CancellationToken cancellationToken)
   at Microsoft.EntityFrameworkCore.Query.Internal.SingleQueryingEnumerable`1.AsyncEnumerator.MoveNextAsync()
Microsoft.Data.Sqlite.SqliteException (0x80004005): SQLite Error 1: 'no such column: r.DepositAmount'.
   at Microsoft.Data.Sqlite.SqliteException.ThrowExceptionForRC(Int32 rc, sqlite3 db)
   at Microsoft.Data.Sqlite.SqliteCommand.PrepareAndEnumerateStatements()+MoveNext()
   at Microsoft.Data.Sqlite.SqliteCommand.GetStatements()+MoveNext()
   at Microsoft.Data.Sqlite.SqliteDataReader.NextResult()
   at Microsoft.Data.Sqlite.SqliteCommand.ExecuteReader(CommandBehavior behavior)
   at Microsoft.Data.Sqlite.SqliteCommand.ExecuteReaderAsync(CommandBehavior behavior, CancellationToken cancellationToken)
   at Microsoft.Data.Sqlite.SqliteCommand.ExecuteDbDataReaderAsync(CommandBehavior behavior, CancellationToken cancellationToken)
   at Microsoft.EntityFrameworkCore.Storage.RelationalCommand.ExecuteReaderAsync(RelationalCommandParameterObject parameterObject, CancellationToken cancellationToken)
   at Microsoft.EntityFrameworkCore.Storage.RelationalCommand.ExecuteReaderAsync(RelationalCommandParameterObject parameterObject, CancellationToken cancellationToken)
   at Microsoft.EntityFrameworkCore.Query.Internal.SingleQueryingEnumerable`1.AsyncEnumerator.InitializeReaderAsync(AsyncEnumerator enumerator, CancellationToken cancellationToken)
   at Microsoft.EntityFrameworkCore.Query.Internal.SingleQueryingEnumerable`1.AsyncEnumerator.MoveNextAsync()
2026-02-04 23:24:03.800 +05:30 [INF] Executed action CarRental.API.Controllers.RentalsController.GetByCustomer (CarRental.API) in 5.0004ms
2026-02-04 23:24:03.801 +05:30 [INF] Executed endpoint 'CarRental.API.Controllers.RentalsController.GetByCustomer (CarRental.API)'
2026-02-04 23:24:03.801 +05:30 [ERR] Exception occurred: SQLite Error 1: 'no such column: r.DepositAmount'.
Microsoft.Data.Sqlite.SqliteException (0x80004005): SQLite Error 1: 'no such column: r.DepositAmount'.
   at Microsoft.Data.Sqlite.SqliteException.ThrowExceptionForRC(Int32 rc, sqlite3 db)
   at Microsoft.Data.Sqlite.SqliteCommand.PrepareAndEnumerateStatements()+MoveNext()
   at Microsoft.Data.Sqlite.SqliteCommand.GetStatements()+MoveNext()
   at Microsoft.Data.Sqlite.SqliteDataReader.NextResult()
   at Microsoft.Data.Sqlite.SqliteCommand.ExecuteReader(CommandBehavior behavior)
   at Microsoft.Data.Sqlite.SqliteCommand.ExecuteReaderAsync(CommandBehavior behavior, CancellationToken cancellationToken)
   at Microsoft.Data.Sqlite.SqliteCommand.ExecuteDbDataReaderAsync(CommandBehavior behavior, CancellationToken cancellationToken)
   at Microsoft.EntityFrameworkCore.Storage.RelationalCommand.ExecuteReaderAsync(RelationalCommandParameterObject parameterObject, CancellationToken cancellationToken)
   at Microsoft.EntityFrameworkCore.Storage.RelationalCommand.ExecuteReaderAsync(RelationalCommandParameterObject parameterObject, CancellationToken cancellationToken)
   at Microsoft.EntityFrameworkCore.Query.Internal.SingleQueryingEnumerable`1.AsyncEnumerator.InitializeReaderAsync(AsyncEnumerator enumerator, CancellationToken cancellationToken)
   at Microsoft.EntityFrameworkCore.Query.Internal.SingleQueryingEnumerable`1.AsyncEnumerator.MoveNextAsync()
   at Microsoft.EntityFrameworkCore.EntityFrameworkQueryableExtensions.ToListAsync[TSource](IQueryable`1 source, CancellationToken cancellationToken)
   at Microsoft.EntityFrameworkCore.EntityFrameworkQueryableExtensions.ToListAsync[TSource](IQueryable`1 source, CancellationToken cancellationToken)
   at CarRental.Infrastructure.Repositories.RentalRepository.GetRentalsByCustomerAsync(Guid customerId, CancellationToken cancellationToken) in /Users/prashantkumar/Desktop/CarRental-backend/backend/src/CarRental.Infrastructure/Repositories/RentalRepository.cs:line 20
   at CarRental.Application.Services.RentalService.GetByCustomerAsync(Guid customerId, CancellationToken cancellationToken) in /Users/prashantkumar/Desktop/CarRental-backend/backend/src/CarRental.Application/Services/RentalService.cs:line 41
   at CarRental.API.Controllers.RentalsController.GetByCustomer(Guid customerId, CancellationToken cancellationToken) in /Users/prashantkumar/Desktop/CarRental-backend/backend/src/CarRental.API/Controllers/RentalsController.cs:line 58
   at Microsoft.AspNetCore.Mvc.Infrastructure.ActionMethodExecutor.TaskOfIActionResultExecutor.Execute(ActionContext actionContext, IActionResultTypeMapper mapper, ObjectMethodExecutor executor, Object controller, Object[] arguments)
   at Microsoft.AspNetCore.Mvc.Infrastructure.ControllerActionInvoker.<InvokeActionMethodAsync>g__Awaited|12_0(ControllerActionInvoker invoker, ValueTask`1 actionResultValueTask)
   at Microsoft.AspNetCore.Mvc.Infrastructure.ControllerActionInvoker.<InvokeNextActionFilterAsync>g__Awaited|10_0(ControllerActionInvoker invoker, Task lastTask, State next, Scope scope, Object state, Boolean isCompleted)
   at Microsoft.AspNetCore.Mvc.Infrastructure.ControllerActionInvoker.Rethrow(ActionExecutedContextSealed context)
   at Microsoft.AspNetCore.Mvc.Infrastructure.ControllerActionInvoker.Next(State& next, Scope& scope, Object& state, Boolean& isCompleted)
   at Microsoft.AspNetCore.Mvc.Infrastructure.ControllerActionInvoker.InvokeInnerFilterAsync()
--- End of stack trace from previous location ---
   at Microsoft.AspNetCore.Mvc.Infrastructure.ResourceInvoker.<InvokeFilterPipelineAsync>g__Awaited|20_0(ResourceInvoker invoker, Task lastTask, State next, Scope scope, Object state, Boolean isCompleted)
   at Microsoft.AspNetCore.Mvc.Infrastructure.ResourceInvoker.<InvokeAsync>g__Logged|17_1(ResourceInvoker invoker)
   at Microsoft.AspNetCore.Mvc.Infrastructure.ResourceInvoker.<InvokeAsync>g__Logged|17_1(ResourceInvoker invoker)
   at Microsoft.AspNetCore.Routing.EndpointMiddleware.<Invoke>g__AwaitRequestTask|7_0(Endpoint endpoint, Task requestTask, ILogger logger)
   at Microsoft.AspNetCore.Authorization.AuthorizationMiddleware.Invoke(HttpContext context)
   at Microsoft.AspNetCore.Authentication.AuthenticationMiddleware.Invoke(HttpContext context)
   at CarRental.API.Middleware.GlobalExceptionHandler.InvokeAsync(HttpContext context) in /Users/prashantkumar/Desktop/CarRental-backend/backend/src/CarRental.API/Middleware/GlobalExceptionHandler.cs:line 27
2026-02-04 23:24:03.804 +05:30 [INF] Request finished HTTP/1.1 GET http://localhost:5000/api/Rentals/customer/11111111-1111-1111-1111-111111111111 - 500 null application/json 9.7372ms
2026-02-04 23:24:03.806 +05:30 [INF] Request starting HTTP/1.1 GET http://localhost:5000/api/Rentals/customer/11111111-1111-1111-1111-111111111111 - null null
2026-02-04 23:24:03.807 +05:30 [INF] Executing endpoint 'CarRental.API.Controllers.RentalsController.GetByCustomer (CarRental.API)'
2026-02-04 23:24:03.807 +05:30 [INF] Route matched with {action = "GetByCustomer", controller = "Rentals"}. Executing controller action with signature System.Threading.Tasks.Task`1[Microsoft.AspNetCore.Mvc.IActionResult] GetByCustomer(System.Guid, System.Threading.CancellationToken) on controller CarRental.API.Controllers.RentalsController (CarRental.API).
2026-02-04 23:24:03.807 +05:30 [INF] Getting rentals for customer: "11111111-1111-1111-1111-111111111111"
2026-02-04 23:24:03.809 +05:30 [ERR] Failed executing DbCommand (0ms) [Parameters=[@__customerId_0='?' (DbType = Guid)], CommandType='"Text"', CommandTimeout='30']
SELECT "r"."Id", "r"."ActualReturnDate", "r"."CarId", "r"."CreatedAt", "r"."CreatedBy", "r"."CustomerId", "r"."DailyRate", "r"."DamageCharges", "r"."DepositAmount", "r"."DepositReturned", "r"."EndDate", "r"."LateFee", "r"."Notes", "r"."OdometerAtPickup", "r"."OdometerAtReturn", "r"."PickupLocation", "r"."ReturnLocation", "r"."StartDate", "r"."Status", "r"."TotalCost", "r"."UpdatedAt", "r"."UpdatedBy", "c"."Id", "c"."Category", "c"."Color", "c"."CreatedAt", "c"."CreatedBy", "c"."DailyRate", "c"."Description", "c"."FuelType", "c"."HasAirConditioning", "c"."HasGPS", "c"."ImageUrl", "c"."LastMaintenanceDate", "c"."LicensePlate", "c"."Make", "c"."Mileage", "c"."Model", "c"."NextMaintenanceDate", "c"."SeatingCapacity", "c"."Status", "c"."Transmission", "c"."UpdatedAt", "c"."UpdatedBy", "c"."Year", "u"."Id", "u"."City", "u"."Country", "u"."CreatedAt", "u"."CreatedBy", "u"."DateOfBirth", "u"."DriversLicenseExpiry", "u"."DriversLicenseNumber", "u"."Email", "u"."FirstName", "u"."IsActive", "u"."LastLoginAt", "u"."LastName", "u"."PasswordHash", "u"."PhoneNumber", "u"."PostalCode", "u"."Role", "u"."State", "u"."Street", "u"."UpdatedAt", "u"."UpdatedBy"
FROM "Rentals" AS "r"
INNER JOIN "Cars" AS "c" ON "r"."CarId" = "c"."Id"
INNER JOIN "Users" AS "u" ON "r"."CustomerId" = "u"."Id"
WHERE "r"."CustomerId" = @__customerId_0
ORDER BY "r"."CreatedAt" DESC
2026-02-04 23:24:03.810 +05:30 [ERR] An exception occurred while iterating over the results of a query for context type 'CarRental.Infrastructure.Data.CarRentalDbContext'.
Microsoft.Data.Sqlite.SqliteException (0x80004005): SQLite Error 1: 'no such column: r.DepositAmount'.
   at Microsoft.Data.Sqlite.SqliteException.ThrowExceptionForRC(Int32 rc, sqlite3 db)
   at Microsoft.Data.Sqlite.SqliteCommand.PrepareAndEnumerateStatements()+MoveNext()
   at Microsoft.Data.Sqlite.SqliteCommand.GetStatements()+MoveNext()
   at Microsoft.Data.Sqlite.SqliteDataReader.NextResult()
   at Microsoft.Data.Sqlite.SqliteCommand.ExecuteReader(CommandBehavior behavior)
   at Microsoft.Data.Sqlite.SqliteCommand.ExecuteReaderAsync(CommandBehavior behavior, CancellationToken cancellationToken)
   at Microsoft.Data.Sqlite.SqliteCommand.ExecuteDbDataReaderAsync(CommandBehavior behavior, CancellationToken cancellationToken)
   at Microsoft.EntityFrameworkCore.Storage.RelationalCommand.ExecuteReaderAsync(RelationalCommandParameterObject parameterObject, CancellationToken cancellationToken)
   at Microsoft.EntityFrameworkCore.Storage.RelationalCommand.ExecuteReaderAsync(RelationalCommandParameterObject parameterObject, CancellationToken cancellationToken)
   at Microsoft.EntityFrameworkCore.Query.Internal.SingleQueryingEnumerable`1.AsyncEnumerator.InitializeReaderAsync(AsyncEnumerator enumerator, CancellationToken cancellationToken)
   at Microsoft.EntityFrameworkCore.Query.Internal.SingleQueryingEnumerable`1.AsyncEnumerator.MoveNextAsync()
Microsoft.Data.Sqlite.SqliteException (0x80004005): SQLite Error 1: 'no such column: r.DepositAmount'.
   at Microsoft.Data.Sqlite.SqliteException.ThrowExceptionForRC(Int32 rc, sqlite3 db)
   at Microsoft.Data.Sqlite.SqliteCommand.PrepareAndEnumerateStatements()+MoveNext()
   at Microsoft.Data.Sqlite.SqliteCommand.GetStatements()+MoveNext()
   at Microsoft.Data.Sqlite.SqliteDataReader.NextResult()
   at Microsoft.Data.Sqlite.SqliteCommand.ExecuteReader(CommandBehavior behavior)
   at Microsoft.Data.Sqlite.SqliteCommand.ExecuteReaderAsync(CommandBehavior behavior, CancellationToken cancellationToken)
   at Microsoft.Data.Sqlite.SqliteCommand.ExecuteDbDataReaderAsync(CommandBehavior behavior, CancellationToken cancellationToken)
   at Microsoft.EntityFrameworkCore.Storage.RelationalCommand.ExecuteReaderAsync(RelationalCommandParameterObject parameterObject, CancellationToken cancellationToken)
   at Microsoft.EntityFrameworkCore.Storage.RelationalCommand.ExecuteReaderAsync(RelationalCommandParameterObject parameterObject, CancellationToken cancellationToken)
   at Microsoft.EntityFrameworkCore.Query.Internal.SingleQueryingEnumerable`1.AsyncEnumerator.InitializeReaderAsync(AsyncEnumerator enumerator, CancellationToken cancellationToken)
   at Microsoft.EntityFrameworkCore.Query.Internal.SingleQueryingEnumerable`1.AsyncEnumerator.MoveNextAsync()
2026-02-04 23:24:03.812 +05:30 [INF] Executed action CarRental.API.Controllers.RentalsController.GetByCustomer (CarRental.API) in 4.9877ms
2026-02-04 23:24:03.812 +05:30 [INF] Executed endpoint 'CarRental.API.Controllers.RentalsController.GetByCustomer (CarRental.API)'
2026-02-04 23:24:03.812 +05:30 [ERR] Exception occurred: SQLite Error 1: 'no such column: r.DepositAmount'.
Microsoft.Data.Sqlite.SqliteException (0x80004005): SQLite Error 1: 'no such column: r.DepositAmount'.
   at Microsoft.Data.Sqlite.SqliteException.ThrowExceptionForRC(Int32 rc, sqlite3 db)
   at Microsoft.Data.Sqlite.SqliteCommand.PrepareAndEnumerateStatements()+MoveNext()
   at Microsoft.Data.Sqlite.SqliteCommand.GetStatements()+MoveNext()
   at Microsoft.Data.Sqlite.SqliteDataReader.NextResult()
   at Microsoft.Data.Sqlite.SqliteCommand.ExecuteReader(CommandBehavior behavior)
   at Microsoft.Data.Sqlite.SqliteCommand.ExecuteReaderAsync(CommandBehavior behavior, CancellationToken cancellationToken)
   at Microsoft.Data.Sqlite.SqliteCommand.ExecuteDbDataReaderAsync(CommandBehavior behavior, CancellationToken cancellationToken)
   at Microsoft.EntityFrameworkCore.Storage.RelationalCommand.ExecuteReaderAsync(RelationalCommandParameterObject parameterObject, CancellationToken cancellationToken)
   at Microsoft.EntityFrameworkCore.Storage.RelationalCommand.ExecuteReaderAsync(RelationalCommandParameterObject parameterObject, CancellationToken cancellationToken)
   at Microsoft.EntityFrameworkCore.Query.Internal.SingleQueryingEnumerable`1.AsyncEnumerator.InitializeReaderAsync(AsyncEnumerator enumerator, CancellationToken cancellationToken)
   at Microsoft.EntityFrameworkCore.Query.Internal.SingleQueryingEnumerable`1.AsyncEnumerator.MoveNextAsync()
   at Microsoft.EntityFrameworkCore.EntityFrameworkQueryableExtensions.ToListAsync[TSource](IQueryable`1 source, CancellationToken cancellationToken)
   at Microsoft.EntityFrameworkCore.EntityFrameworkQueryableExtensions.ToListAsync[TSource](IQueryable`1 source, CancellationToken cancellationToken)
   at CarRental.Infrastructure.Repositories.RentalRepository.GetRentalsByCustomerAsync(Guid customerId, CancellationToken cancellationToken) in /Users/prashantkumar/Desktop/CarRental-backend/backend/src/CarRental.Infrastructure/Repositories/RentalRepository.cs:line 20
   at CarRental.Application.Services.RentalService.GetByCustomerAsync(Guid customerId, CancellationToken cancellationToken) in /Users/prashantkumar/Desktop/CarRental-backend/backend/src/CarRental.Application/Services/RentalService.cs:line 41
   at CarRental.API.Controllers.RentalsController.GetByCustomer(Guid customerId, CancellationToken cancellationToken) in /Users/prashantkumar/Desktop/CarRental-backend/backend/src/CarRental.API/Controllers/RentalsController.cs:line 58
   at Microsoft.AspNetCore.Mvc.Infrastructure.ActionMethodExecutor.TaskOfIActionResultExecutor.Execute(ActionContext actionContext, IActionResultTypeMapper mapper, ObjectMethodExecutor executor, Object controller, Object[] arguments)
   at Microsoft.AspNetCore.Mvc.Infrastructure.ControllerActionInvoker.<InvokeActionMethodAsync>g__Awaited|12_0(ControllerActionInvoker invoker, ValueTask`1 actionResultValueTask)
   at Microsoft.AspNetCore.Mvc.Infrastructure.ControllerActionInvoker.<InvokeNextActionFilterAsync>g__Awaited|10_0(ControllerActionInvoker invoker, Task lastTask, State next, Scope scope, Object state, Boolean isCompleted)
   at Microsoft.AspNetCore.Mvc.Infrastructure.ControllerActionInvoker.Rethrow(ActionExecutedContextSealed context)
   at Microsoft.AspNetCore.Mvc.Infrastructure.ControllerActionInvoker.Next(State& next, Scope& scope, Object& state, Boolean& isCompleted)
   at Microsoft.AspNetCore.Mvc.Infrastructure.ControllerActionInvoker.InvokeInnerFilterAsync()
--- End of stack trace from previous location ---
   at Microsoft.AspNetCore.Mvc.Infrastructure.ResourceInvoker.<InvokeFilterPipelineAsync>g__Awaited|20_0(ResourceInvoker invoker, Task lastTask, State next, Scope scope, Object state, Boolean isCompleted)
   at Microsoft.AspNetCore.Mvc.Infrastructure.ResourceInvoker.<InvokeAsync>g__Logged|17_1(ResourceInvoker invoker)
   at Microsoft.AspNetCore.Mvc.Infrastructure.ResourceInvoker.<InvokeAsync>g__Logged|17_1(ResourceInvoker invoker)
   at Microsoft.AspNetCore.Routing.EndpointMiddleware.<Invoke>g__AwaitRequestTask|7_0(Endpoint endpoint, Task requestTask, ILogger logger)
   at Microsoft.AspNetCore.Authorization.AuthorizationMiddleware.Invoke(HttpContext context)
   at Microsoft.AspNetCore.Authentication.AuthenticationMiddleware.Invoke(HttpContext context)
   at CarRental.API.Middleware.GlobalExceptionHandler.InvokeAsync(HttpContext context) in /Users/prashantkumar/Desktop/CarRental-backend/backend/src/CarRental.API/Middleware/GlobalExceptionHandler.cs:line 27
2026-02-04 23:24:03.816 +05:30 [INF] Request finished HTTP/1.1 GET http://localhost:5000/api/Rentals/customer/11111111-1111-1111-1111-111111111111 - 500 null application/json 9.4942ms
2026-02-04 23:24:05.517 +05:30 [INF] Request starting HTTP/1.1 GET http://localhost:5000/api/Cars - null null
2026-02-04 23:24:05.518 +05:30 [INF] Executing endpoint 'CarRental.API.Controllers.CarsController.GetAll (CarRental.API)'
2026-02-04 23:24:05.518 +05:30 [INF] Route matched with {action = "GetAll", controller = "Cars"}. Executing controller action with signature System.Threading.Tasks.Task`1[Microsoft.AspNetCore.Mvc.IActionResult] GetAll(System.Threading.CancellationToken) on controller CarRental.API.Controllers.CarsController (CarRental.API).
2026-02-04 23:24:05.519 +05:30 [INF] Getting all cars
2026-02-04 23:24:05.520 +05:30 [ERR] Failed executing DbCommand (0ms) [Parameters=[], CommandType='"Text"', CommandTimeout='30']
SELECT "c"."Id", "c"."Category", "c"."Color", "c"."CreatedAt", "c"."CreatedBy", "c"."DailyRate", "c"."Description", "c"."FuelType", "c"."HasAirConditioning", "c"."HasGPS", "c"."ImageUrl", "c"."LastMaintenanceDate", "c"."LicensePlate", "c"."Make", "c"."Mileage", "c"."Model", "c"."NextMaintenanceDate", "c"."SeatingCapacity", "c"."Status", "c"."Transmission", "c"."UpdatedAt", "c"."UpdatedBy", "c"."Year"
FROM "Cars" AS "c"
2026-02-04 23:24:05.521 +05:30 [ERR] An exception occurred while iterating over the results of a query for context type 'CarRental.Infrastructure.Data.CarRentalDbContext'.
Microsoft.Data.Sqlite.SqliteException (0x80004005): SQLite Error 1: 'no such column: c.LastMaintenanceDate'.
   at Microsoft.Data.Sqlite.SqliteException.ThrowExceptionForRC(Int32 rc, sqlite3 db)
   at Microsoft.Data.Sqlite.SqliteCommand.PrepareAndEnumerateStatements()+MoveNext()
   at Microsoft.Data.Sqlite.SqliteCommand.GetStatements()+MoveNext()
   at Microsoft.Data.Sqlite.SqliteDataReader.NextResult()
   at Microsoft.Data.Sqlite.SqliteCommand.ExecuteReader(CommandBehavior behavior)
   at Microsoft.Data.Sqlite.SqliteCommand.ExecuteReaderAsync(CommandBehavior behavior, CancellationToken cancellationToken)
   at Microsoft.Data.Sqlite.SqliteCommand.ExecuteDbDataReaderAsync(CommandBehavior behavior, CancellationToken cancellationToken)
   at Microsoft.EntityFrameworkCore.Storage.RelationalCommand.ExecuteReaderAsync(RelationalCommandParameterObject parameterObject, CancellationToken cancellationToken)
   at Microsoft.EntityFrameworkCore.Storage.RelationalCommand.ExecuteReaderAsync(RelationalCommandParameterObject parameterObject, CancellationToken cancellationToken)
   at Microsoft.EntityFrameworkCore.Query.Internal.SingleQueryingEnumerable`1.AsyncEnumerator.InitializeReaderAsync(AsyncEnumerator enumerator, CancellationToken cancellationToken)
   at Microsoft.EntityFrameworkCore.Query.Internal.SingleQueryingEnumerable`1.AsyncEnumerator.MoveNextAsync()
Microsoft.Data.Sqlite.SqliteException (0x80004005): SQLite Error 1: 'no such column: c.LastMaintenanceDate'.
   at Microsoft.Data.Sqlite.SqliteException.ThrowExceptionForRC(Int32 rc, sqlite3 db)
   at Microsoft.Data.Sqlite.SqliteCommand.PrepareAndEnumerateStatements()+MoveNext()
   at Microsoft.Data.Sqlite.SqliteCommand.GetStatements()+MoveNext()
   at Microsoft.Data.Sqlite.SqliteDataReader.NextResult()
   at Microsoft.Data.Sqlite.SqliteCommand.ExecuteReader(CommandBehavior behavior)
   at Microsoft.Data.Sqlite.SqliteCommand.ExecuteReaderAsync(CommandBehavior behavior, CancellationToken cancellationToken)
   at Microsoft.Data.Sqlite.SqliteCommand.ExecuteDbDataReaderAsync(CommandBehavior behavior, CancellationToken cancellationToken)
   at Microsoft.EntityFrameworkCore.Storage.RelationalCommand.ExecuteReaderAsync(RelationalCommandParameterObject parameterObject, CancellationToken cancellationToken)
   at Microsoft.EntityFrameworkCore.Storage.RelationalCommand.ExecuteReaderAsync(RelationalCommandParameterObject parameterObject, CancellationToken cancellationToken)
   at Microsoft.EntityFrameworkCore.Query.Internal.SingleQueryingEnumerable`1.AsyncEnumerator.InitializeReaderAsync(AsyncEnumerator enumerator, CancellationToken cancellationToken)
   at Microsoft.EntityFrameworkCore.Query.Internal.SingleQueryingEnumerable`1.AsyncEnumerator.MoveNextAsync()
2026-02-04 23:24:05.523 +05:30 [INF] Executed action CarRental.API.Controllers.CarsController.GetAll (CarRental.API) in 4.299ms
2026-02-04 23:24:05.523 +05:30 [INF] Executed endpoint 'CarRental.API.Controllers.CarsController.GetAll (CarRental.API)'
2026-02-04 23:24:05.523 +05:30 [ERR] Exception occurred: SQLite Error 1: 'no such column: c.LastMaintenanceDate'.
Microsoft.Data.Sqlite.SqliteException (0x80004005): SQLite Error 1: 'no such column: c.LastMaintenanceDate'.
   at Microsoft.Data.Sqlite.SqliteException.ThrowExceptionForRC(Int32 rc, sqlite3 db)
   at Microsoft.Data.Sqlite.SqliteCommand.PrepareAndEnumerateStatements()+MoveNext()
   at Microsoft.Data.Sqlite.SqliteCommand.GetStatements()+MoveNext()
   at Microsoft.Data.Sqlite.SqliteDataReader.NextResult()
   at Microsoft.Data.Sqlite.SqliteCommand.ExecuteReader(CommandBehavior behavior)
   at Microsoft.Data.Sqlite.SqliteCommand.ExecuteReaderAsync(CommandBehavior behavior, CancellationToken cancellationToken)
   at Microsoft.Data.Sqlite.SqliteCommand.ExecuteDbDataReaderAsync(CommandBehavior behavior, CancellationToken cancellationToken)
   at Microsoft.EntityFrameworkCore.Storage.RelationalCommand.ExecuteReaderAsync(RelationalCommandParameterObject parameterObject, CancellationToken cancellationToken)
   at Microsoft.EntityFrameworkCore.Storage.RelationalCommand.ExecuteReaderAsync(RelationalCommandParameterObject parameterObject, CancellationToken cancellationToken)
   at Microsoft.EntityFrameworkCore.Query.Internal.SingleQueryingEnumerable`1.AsyncEnumerator.InitializeReaderAsync(AsyncEnumerator enumerator, CancellationToken cancellationToken)
   at Microsoft.EntityFrameworkCore.Query.Internal.SingleQueryingEnumerable`1.AsyncEnumerator.MoveNextAsync()
   at Microsoft.EntityFrameworkCore.EntityFrameworkQueryableExtensions.ToListAsync[TSource](IQueryable`1 source, CancellationToken cancellationToken)
   at Microsoft.EntityFrameworkCore.EntityFrameworkQueryableExtensions.ToListAsync[TSource](IQueryable`1 source, CancellationToken cancellationToken)
   at CarRental.Infrastructure.Repositories.Repository`1.GetAllAsync(CancellationToken cancellationToken) in /Users/prashantkumar/Desktop/CarRental-backend/backend/src/CarRental.Infrastructure/Repositories/Repository.cs:line 30
   at CarRental.Application.Services.CarService.GetAllAsync(CancellationToken cancellationToken) in /Users/prashantkumar/Desktop/CarRental-backend/backend/src/CarRental.Application/Services/CarService.cs:line 34
   at CarRental.API.Controllers.CarsController.GetAll(CancellationToken cancellationToken) in /Users/prashantkumar/Desktop/CarRental-backend/backend/src/CarRental.API/Controllers/CarsController.cs:line 31
   at Microsoft.AspNetCore.Mvc.Infrastructure.ActionMethodExecutor.TaskOfIActionResultExecutor.Execute(ActionContext actionContext, IActionResultTypeMapper mapper, ObjectMethodExecutor executor, Object controller, Object[] arguments)
   at Microsoft.AspNetCore.Mvc.Infrastructure.ControllerActionInvoker.<InvokeActionMethodAsync>g__Awaited|12_0(ControllerActionInvoker invoker, ValueTask`1 actionResultValueTask)
   at Microsoft.AspNetCore.Mvc.Infrastructure.ControllerActionInvoker.<InvokeNextActionFilterAsync>g__Awaited|10_0(ControllerActionInvoker invoker, Task lastTask, State next, Scope scope, Object state, Boolean isCompleted)
   at Microsoft.AspNetCore.Mvc.Infrastructure.ControllerActionInvoker.Rethrow(ActionExecutedContextSealed context)
   at Microsoft.AspNetCore.Mvc.Infrastructure.ControllerActionInvoker.Next(State& next, Scope& scope, Object& state, Boolean& isCompleted)
   at Microsoft.AspNetCore.Mvc.Infrastructure.ControllerActionInvoker.InvokeInnerFilterAsync()
--- End of stack trace from previous location ---
   at Microsoft.AspNetCore.Mvc.Infrastructure.ResourceInvoker.<InvokeFilterPipelineAsync>g__Awaited|20_0(ResourceInvoker invoker, Task lastTask, State next, Scope scope, Object state, Boolean isCompleted)
   at Microsoft.AspNetCore.Mvc.Infrastructure.ResourceInvoker.<InvokeAsync>g__Logged|17_1(ResourceInvoker invoker)
   at Microsoft.AspNetCore.Mvc.Infrastructure.ResourceInvoker.<InvokeAsync>g__Logged|17_1(ResourceInvoker invoker)
   at Microsoft.AspNetCore.Routing.EndpointMiddleware.<Invoke>g__AwaitRequestTask|7_0(Endpoint endpoint, Task requestTask, ILogger logger)
   at Microsoft.AspNetCore.Authorization.AuthorizationMiddleware.Invoke(HttpContext context)
   at Microsoft.AspNetCore.Authentication.AuthenticationMiddleware.Invoke(HttpContext context)
   at CarRental.API.Middleware.GlobalExceptionHandler.InvokeAsync(HttpContext context) in /Users/prashantkumar/Desktop/CarRental-backend/backend/src/CarRental.API/Middleware/GlobalExceptionHandler.cs:line 27
2026-02-04 23:24:05.527 +05:30 [INF] Request finished HTTP/1.1 GET http://localhost:5000/api/Cars - 500 null application/json 9.5707ms
2026-02-04 23:24:05.531 +05:30 [INF] Request starting HTTP/1.1 GET http://localhost:5000/api/Cars - null null
2026-02-04 23:24:05.532 +05:30 [INF] Executing endpoint 'CarRental.API.Controllers.CarsController.GetAll (CarRental.API)'
2026-02-04 23:24:05.532 +05:30 [INF] Route matched with {action = "GetAll", controller = "Cars"}. Executing controller action with signature System.Threading.Tasks.Task`1[Microsoft.AspNetCore.Mvc.IActionResult] GetAll(System.Threading.CancellationToken) on controller CarRental.API.Controllers.CarsController (CarRental.API).
2026-02-04 23:24:05.533 +05:30 [INF] Getting all cars
2026-02-04 23:24:05.534 +05:30 [ERR] Failed executing DbCommand (0ms) [Parameters=[], CommandType='"Text"', CommandTimeout='30']
SELECT "c"."Id", "c"."Category", "c"."Color", "c"."CreatedAt", "c"."CreatedBy", "c"."DailyRate", "c"."Description", "c"."FuelType", "c"."HasAirConditioning", "c"."HasGPS", "c"."ImageUrl", "c"."LastMaintenanceDate", "c"."LicensePlate", "c"."Make", "c"."Mileage", "c"."Model", "c"."NextMaintenanceDate", "c"."SeatingCapacity", "c"."Status", "c"."Transmission", "c"."UpdatedAt", "c"."UpdatedBy", "c"."Year"
FROM "Cars" AS "c"
2026-02-04 23:24:05.535 +05:30 [ERR] An exception occurred while iterating over the results of a query for context type 'CarRental.Infrastructure.Data.CarRentalDbContext'.
Microsoft.Data.Sqlite.SqliteException (0x80004005): SQLite Error 1: 'no such column: c.LastMaintenanceDate'.
   at Microsoft.Data.Sqlite.SqliteException.ThrowExceptionForRC(Int32 rc, sqlite3 db)
   at Microsoft.Data.Sqlite.SqliteCommand.PrepareAndEnumerateStatements()+MoveNext()
   at Microsoft.Data.Sqlite.SqliteCommand.GetStatements()+MoveNext()
   at Microsoft.Data.Sqlite.SqliteDataReader.NextResult()
   at Microsoft.Data.Sqlite.SqliteCommand.ExecuteReader(CommandBehavior behavior)
   at Microsoft.Data.Sqlite.SqliteCommand.ExecuteReaderAsync(CommandBehavior behavior, CancellationToken cancellationToken)
   at Microsoft.Data.Sqlite.SqliteCommand.ExecuteDbDataReaderAsync(CommandBehavior behavior, CancellationToken cancellationToken)
   at Microsoft.EntityFrameworkCore.Storage.RelationalCommand.ExecuteReaderAsync(RelationalCommandParameterObject parameterObject, CancellationToken cancellationToken)
   at Microsoft.EntityFrameworkCore.Storage.RelationalCommand.ExecuteReaderAsync(RelationalCommandParameterObject parameterObject, CancellationToken cancellationToken)
   at Microsoft.EntityFrameworkCore.Query.Internal.SingleQueryingEnumerable`1.AsyncEnumerator.InitializeReaderAsync(AsyncEnumerator enumerator, CancellationToken cancellationToken)
   at Microsoft.EntityFrameworkCore.Query.Internal.SingleQueryingEnumerable`1.AsyncEnumerator.MoveNextAsync()
Microsoft.Data.Sqlite.SqliteException (0x80004005): SQLite Error 1: 'no such column: c.LastMaintenanceDate'.
   at Microsoft.Data.Sqlite.SqliteException.ThrowExceptionForRC(Int32 rc, sqlite3 db)
   at Microsoft.Data.Sqlite.SqliteCommand.PrepareAndEnumerateStatements()+MoveNext()
   at Microsoft.Data.Sqlite.SqliteCommand.GetStatements()+MoveNext()
   at Microsoft.Data.Sqlite.SqliteDataReader.NextResult()
   at Microsoft.Data.Sqlite.SqliteCommand.ExecuteReader(CommandBehavior behavior)
   at Microsoft.Data.Sqlite.SqliteCommand.ExecuteReaderAsync(CommandBehavior behavior, CancellationToken cancellationToken)
   at Microsoft.Data.Sqlite.SqliteCommand.ExecuteDbDataReaderAsync(CommandBehavior behavior, CancellationToken cancellationToken)
   at Microsoft.EntityFrameworkCore.Storage.RelationalCommand.ExecuteReaderAsync(RelationalCommandParameterObject parameterObject, CancellationToken cancellationToken)
   at Microsoft.EntityFrameworkCore.Storage.RelationalCommand.ExecuteReaderAsync(RelationalCommandParameterObject parameterObject, CancellationToken cancellationToken)
   at Microsoft.EntityFrameworkCore.Query.Internal.SingleQueryingEnumerable`1.AsyncEnumerator.InitializeReaderAsync(AsyncEnumerator enumerator, CancellationToken cancellationToken)
   at Microsoft.EntityFrameworkCore.Query.Internal.SingleQueryingEnumerable`1.AsyncEnumerator.MoveNextAsync()
2026-02-04 23:24:05.536 +05:30 [INF] Executed action CarRental.API.Controllers.CarsController.GetAll (CarRental.API) in 3.9846ms
2026-02-04 23:24:05.537 +05:30 [INF] Executed endpoint 'CarRental.API.Controllers.CarsController.GetAll (CarRental.API)'
2026-02-04 23:24:05.537 +05:30 [ERR] Exception occurred: SQLite Error 1: 'no such column: c.LastMaintenanceDate'.
Microsoft.Data.Sqlite.SqliteException (0x80004005): SQLite Error 1: 'no such column: c.LastMaintenanceDate'.
   at Microsoft.Data.Sqlite.SqliteException.ThrowExceptionForRC(Int32 rc, sqlite3 db)
   at Microsoft.Data.Sqlite.SqliteCommand.PrepareAndEnumerateStatements()+MoveNext()
   at Microsoft.Data.Sqlite.SqliteCommand.GetStatements()+MoveNext()
   at Microsoft.Data.Sqlite.SqliteDataReader.NextResult()
   at Microsoft.Data.Sqlite.SqliteCommand.ExecuteReader(CommandBehavior behavior)
   at Microsoft.Data.Sqlite.SqliteCommand.ExecuteReaderAsync(CommandBehavior behavior, CancellationToken cancellationToken)
   at Microsoft.Data.Sqlite.SqliteCommand.ExecuteDbDataReaderAsync(CommandBehavior behavior, CancellationToken cancellationToken)
   at Microsoft.EntityFrameworkCore.Storage.RelationalCommand.ExecuteReaderAsync(RelationalCommandParameterObject parameterObject, CancellationToken cancellationToken)
   at Microsoft.EntityFrameworkCore.Storage.RelationalCommand.ExecuteReaderAsync(RelationalCommandParameterObject parameterObject, CancellationToken cancellationToken)
   at Microsoft.EntityFrameworkCore.Query.Internal.SingleQueryingEnumerable`1.AsyncEnumerator.InitializeReaderAsync(AsyncEnumerator enumerator, CancellationToken cancellationToken)
   at Microsoft.EntityFrameworkCore.Query.Internal.SingleQueryingEnumerable`1.AsyncEnumerator.MoveNextAsync()
   at Microsoft.EntityFrameworkCore.EntityFrameworkQueryableExtensions.ToListAsync[TSource](IQueryable`1 source, CancellationToken cancellationToken)
   at Microsoft.EntityFrameworkCore.EntityFrameworkQueryableExtensions.ToListAsync[TSource](IQueryable`1 source, CancellationToken cancellationToken)
   at CarRental.Infrastructure.Repositories.Repository`1.GetAllAsync(CancellationToken cancellationToken) in /Users/prashantkumar/Desktop/CarRental-backend/backend/src/CarRental.Infrastructure/Repositories/Repository.cs:line 30
   at CarRental.Application.Services.CarService.GetAllAsync(CancellationToken cancellationToken) in /Users/prashantkumar/Desktop/CarRental-backend/backend/src/CarRental.Application/Services/CarService.cs:line 34
   at CarRental.API.Controllers.CarsController.GetAll(CancellationToken cancellationToken) in /Users/prashantkumar/Desktop/CarRental-backend/backend/src/CarRental.API/Controllers/CarsController.cs:line 31
   at Microsoft.AspNetCore.Mvc.Infrastructure.ActionMethodExecutor.TaskOfIActionResultExecutor.Execute(ActionContext actionContext, IActionResultTypeMapper mapper, ObjectMethodExecutor executor, Object controller, Object[] arguments)
   at Microsoft.AspNetCore.Mvc.Infrastructure.ControllerActionInvoker.<InvokeActionMethodAsync>g__Awaited|12_0(ControllerActionInvoker invoker, ValueTask`1 actionResultValueTask)
   at Microsoft.AspNetCore.Mvc.Infrastructure.ControllerActionInvoker.<InvokeNextActionFilterAsync>g__Awaited|10_0(ControllerActionInvoker invoker, Task lastTask, State next, Scope scope, Object state, Boolean isCompleted)
   at Microsoft.AspNetCore.Mvc.Infrastructure.ControllerActionInvoker.Rethrow(ActionExecutedContextSealed context)
   at Microsoft.AspNetCore.Mvc.Infrastructure.ControllerActionInvoker.Next(State& next, Scope& scope, Object& state, Boolean& isCompleted)
   at Microsoft.AspNetCore.Mvc.Infrastructure.ControllerActionInvoker.InvokeInnerFilterAsync()
--- End of stack trace from previous location ---
   at Microsoft.AspNetCore.Mvc.Infrastructure.ResourceInvoker.<InvokeFilterPipelineAsync>g__Awaited|20_0(ResourceInvoker invoker, Task lastTask, State next, Scope scope, Object state, Boolean isCompleted)
   at Microsoft.AspNetCore.Mvc.Infrastructure.ResourceInvoker.<InvokeAsync>g__Logged|17_1(ResourceInvoker invoker)
   at Microsoft.AspNetCore.Mvc.Infrastructure.ResourceInvoker.<InvokeAsync>g__Logged|17_1(ResourceInvoker invoker)
   at Microsoft.AspNetCore.Routing.EndpointMiddleware.<Invoke>g__AwaitRequestTask|7_0(Endpoint endpoint, Task requestTask, ILogger logger)
   at Microsoft.AspNetCore.Authorization.AuthorizationMiddleware.Invoke(HttpContext context)
   at Microsoft.AspNetCore.Authentication.AuthenticationMiddleware.Invoke(HttpContext context)
   at CarRental.API.Middleware.GlobalExceptionHandler.InvokeAsync(HttpContext context) in /Users/prashantkumar/Desktop/CarRental-backend/backend/src/CarRental.API/Middleware/GlobalExceptionHandler.cs:line 27
2026-02-04 23:24:05.539 +05:30 [INF] Request finished HTTP/1.1 GET http://localhost:5000/api/Cars - 500 null application/json 8.4602ms
2026-02-04 23:25:03.825 +05:30 [INF] Request starting HTTP/1.1 GET http://localhost:5000/api/Cars - null null
2026-02-04 23:25:03.828 +05:30 [INF] Executing endpoint 'CarRental.API.Controllers.CarsController.GetAll (CarRental.API)'
2026-02-04 23:25:03.828 +05:30 [INF] Route matched with {action = "GetAll", controller = "Cars"}. Executing controller action with signature System.Threading.Tasks.Task`1[Microsoft.AspNetCore.Mvc.IActionResult] GetAll(System.Threading.CancellationToken) on controller CarRental.API.Controllers.CarsController (CarRental.API).
2026-02-04 23:25:03.829 +05:30 [INF] Getting all cars
2026-02-04 23:25:03.830 +05:30 [ERR] Failed executing DbCommand (0ms) [Parameters=[], CommandType='"Text"', CommandTimeout='30']
SELECT "c"."Id", "c"."Category", "c"."Color", "c"."CreatedAt", "c"."CreatedBy", "c"."DailyRate", "c"."Description", "c"."FuelType", "c"."HasAirConditioning", "c"."HasGPS", "c"."ImageUrl", "c"."LastMaintenanceDate", "c"."LicensePlate", "c"."Make", "c"."Mileage", "c"."Model", "c"."NextMaintenanceDate", "c"."SeatingCapacity", "c"."Status", "c"."Transmission", "c"."UpdatedAt", "c"."UpdatedBy", "c"."Year"
FROM "Cars" AS "c"
2026-02-04 23:25:03.832 +05:30 [ERR] An exception occurred while iterating over the results of a query for context type 'CarRental.Infrastructure.Data.CarRentalDbContext'.
Microsoft.Data.Sqlite.SqliteException (0x80004005): SQLite Error 1: 'no such column: c.LastMaintenanceDate'.
   at Microsoft.Data.Sqlite.SqliteException.ThrowExceptionForRC(Int32 rc, sqlite3 db)
   at Microsoft.Data.Sqlite.SqliteCommand.PrepareAndEnumerateStatements()+MoveNext()
   at Microsoft.Data.Sqlite.SqliteCommand.GetStatements()+MoveNext()
   at Microsoft.Data.Sqlite.SqliteDataReader.NextResult()
   at Microsoft.Data.Sqlite.SqliteCommand.ExecuteReader(CommandBehavior behavior)
   at Microsoft.Data.Sqlite.SqliteCommand.ExecuteReaderAsync(CommandBehavior behavior, CancellationToken cancellationToken)
   at Microsoft.Data.Sqlite.SqliteCommand.ExecuteDbDataReaderAsync(CommandBehavior behavior, CancellationToken cancellationToken)
   at Microsoft.EntityFrameworkCore.Storage.RelationalCommand.ExecuteReaderAsync(RelationalCommandParameterObject parameterObject, CancellationToken cancellationToken)
   at Microsoft.EntityFrameworkCore.Storage.RelationalCommand.ExecuteReaderAsync(RelationalCommandParameterObject parameterObject, CancellationToken cancellationToken)
   at Microsoft.EntityFrameworkCore.Query.Internal.SingleQueryingEnumerable`1.AsyncEnumerator.InitializeReaderAsync(AsyncEnumerator enumerator, CancellationToken cancellationToken)
   at Microsoft.EntityFrameworkCore.Query.Internal.SingleQueryingEnumerable`1.AsyncEnumerator.MoveNextAsync()
Microsoft.Data.Sqlite.SqliteException (0x80004005): SQLite Error 1: 'no such column: c.LastMaintenanceDate'.
   at Microsoft.Data.Sqlite.SqliteException.ThrowExceptionForRC(Int32 rc, sqlite3 db)
   at Microsoft.Data.Sqlite.SqliteCommand.PrepareAndEnumerateStatements()+MoveNext()
   at Microsoft.Data.Sqlite.SqliteCommand.GetStatements()+MoveNext()
   at Microsoft.Data.Sqlite.SqliteDataReader.NextResult()
   at Microsoft.Data.Sqlite.SqliteCommand.ExecuteReader(CommandBehavior behavior)
   at Microsoft.Data.Sqlite.SqliteCommand.ExecuteReaderAsync(CommandBehavior behavior, CancellationToken cancellationToken)
   at Microsoft.Data.Sqlite.SqliteCommand.ExecuteDbDataReaderAsync(CommandBehavior behavior, CancellationToken cancellationToken)
   at Microsoft.EntityFrameworkCore.Storage.RelationalCommand.ExecuteReaderAsync(RelationalCommandParameterObject parameterObject, CancellationToken cancellationToken)
   at Microsoft.EntityFrameworkCore.Storage.RelationalCommand.ExecuteReaderAsync(RelationalCommandParameterObject parameterObject, CancellationToken cancellationToken)
   at Microsoft.EntityFrameworkCore.Query.Internal.SingleQueryingEnumerable`1.AsyncEnumerator.InitializeReaderAsync(AsyncEnumerator enumerator, CancellationToken cancellationToken)
   at Microsoft.EntityFrameworkCore.Query.Internal.SingleQueryingEnumerable`1.AsyncEnumerator.MoveNextAsync()
2026-02-04 23:25:03.834 +05:30 [INF] Executed action CarRental.API.Controllers.CarsController.GetAll (CarRental.API) in 5.9015ms
2026-02-04 23:25:03.834 +05:30 [INF] Executed endpoint 'CarRental.API.Controllers.CarsController.GetAll (CarRental.API)'
2026-02-04 23:25:03.835 +05:30 [ERR] Exception occurred: SQLite Error 1: 'no such column: c.LastMaintenanceDate'.
Microsoft.Data.Sqlite.SqliteException (0x80004005): SQLite Error 1: 'no such column: c.LastMaintenanceDate'.
   at Microsoft.Data.Sqlite.SqliteException.ThrowExceptionForRC(Int32 rc, sqlite3 db)
   at Microsoft.Data.Sqlite.SqliteCommand.PrepareAndEnumerateStatements()+MoveNext()
   at Microsoft.Data.Sqlite.SqliteCommand.GetStatements()+MoveNext()
   at Microsoft.Data.Sqlite.SqliteDataReader.NextResult()
   at Microsoft.Data.Sqlite.SqliteCommand.ExecuteReader(CommandBehavior behavior)
   at Microsoft.Data.Sqlite.SqliteCommand.ExecuteReaderAsync(CommandBehavior behavior, CancellationToken cancellationToken)
   at Microsoft.Data.Sqlite.SqliteCommand.ExecuteDbDataReaderAsync(CommandBehavior behavior, CancellationToken cancellationToken)
   at Microsoft.EntityFrameworkCore.Storage.RelationalCommand.ExecuteReaderAsync(RelationalCommandParameterObject parameterObject, CancellationToken cancellationToken)
   at Microsoft.EntityFrameworkCore.Storage.RelationalCommand.ExecuteReaderAsync(RelationalCommandParameterObject parameterObject, CancellationToken cancellationToken)
   at Microsoft.EntityFrameworkCore.Query.Internal.SingleQueryingEnumerable`1.AsyncEnumerator.InitializeReaderAsync(AsyncEnumerator enumerator, CancellationToken cancellationToken)
   at Microsoft.EntityFrameworkCore.Query.Internal.SingleQueryingEnumerable`1.AsyncEnumerator.MoveNextAsync()
   at Microsoft.EntityFrameworkCore.EntityFrameworkQueryableExtensions.ToListAsync[TSource](IQueryable`1 source, CancellationToken cancellationToken)
   at Microsoft.EntityFrameworkCore.EntityFrameworkQueryableExtensions.ToListAsync[TSource](IQueryable`1 source, CancellationToken cancellationToken)
   at CarRental.Infrastructure.Repositories.Repository`1.GetAllAsync(CancellationToken cancellationToken) in /Users/prashantkumar/Desktop/CarRental-backend/backend/src/CarRental.Infrastructure/Repositories/Repository.cs:line 30
   at CarRental.Application.Services.CarService.GetAllAsync(CancellationToken cancellationToken) in /Users/prashantkumar/Desktop/CarRental-backend/backend/src/CarRental.Application/Services/CarService.cs:line 34
   at CarRental.API.Controllers.CarsController.GetAll(CancellationToken cancellationToken) in /Users/prashantkumar/Desktop/CarRental-backend/backend/src/CarRental.API/Controllers/CarsController.cs:line 31
   at Microsoft.AspNetCore.Mvc.Infrastructure.ActionMethodExecutor.TaskOfIActionResultExecutor.Execute(ActionContext actionContext, IActionResultTypeMapper mapper, ObjectMethodExecutor executor, Object controller, Object[] arguments)
   at Microsoft.AspNetCore.Mvc.Infrastructure.ControllerActionInvoker.<InvokeActionMethodAsync>g__Awaited|12_0(ControllerActionInvoker invoker, ValueTask`1 actionResultValueTask)
   at Microsoft.AspNetCore.Mvc.Infrastructure.ControllerActionInvoker.<InvokeNextActionFilterAsync>g__Awaited|10_0(ControllerActionInvoker invoker, Task lastTask, State next, Scope scope, Object state, Boolean isCompleted)
   at Microsoft.AspNetCore.Mvc.Infrastructure.ControllerActionInvoker.Rethrow(ActionExecutedContextSealed context)
   at Microsoft.AspNetCore.Mvc.Infrastructure.ControllerActionInvoker.Next(State& next, Scope& scope, Object& state, Boolean& isCompleted)
   at Microsoft.AspNetCore.Mvc.Infrastructure.ControllerActionInvoker.InvokeInnerFilterAsync()
--- End of stack trace from previous location ---
   at Microsoft.AspNetCore.Mvc.Infrastructure.ResourceInvoker.<InvokeFilterPipelineAsync>g__Awaited|20_0(ResourceInvoker invoker, Task lastTask, State next, Scope scope, Object state, Boolean isCompleted)
   at Microsoft.AspNetCore.Mvc.Infrastructure.ResourceInvoker.<InvokeAsync>g__Logged|17_1(ResourceInvoker invoker)
   at Microsoft.AspNetCore.Mvc.Infrastructure.ResourceInvoker.<InvokeAsync>g__Logged|17_1(ResourceInvoker invoker)
   at Microsoft.AspNetCore.Routing.EndpointMiddleware.<Invoke>g__AwaitRequestTask|7_0(Endpoint endpoint, Task requestTask, ILogger logger)
   at Microsoft.AspNetCore.Authorization.AuthorizationMiddleware.Invoke(HttpContext context)
   at Microsoft.AspNetCore.Authentication.AuthenticationMiddleware.Invoke(HttpContext context)
   at CarRental.API.Middleware.GlobalExceptionHandler.InvokeAsync(HttpContext context) in /Users/prashantkumar/Desktop/CarRental-backend/backend/src/CarRental.API/Middleware/GlobalExceptionHandler.cs:line 27
2026-02-04 23:25:03.839 +05:30 [INF] Request finished HTTP/1.1 GET http://localhost:5000/api/Cars - 500 null application/json 13.6668ms
2026-02-04 23:25:03.843 +05:30 [INF] Request starting HTTP/1.1 GET http://localhost:5000/api/Cars - null null
2026-02-04 23:25:03.843 +05:30 [INF] Executing endpoint 'CarRental.API.Controllers.CarsController.GetAll (CarRental.API)'
2026-02-04 23:25:03.844 +05:30 [INF] Route matched with {action = "GetAll", controller = "Cars"}. Executing controller action with signature System.Threading.Tasks.Task`1[Microsoft.AspNetCore.Mvc.IActionResult] GetAll(System.Threading.CancellationToken) on controller CarRental.API.Controllers.CarsController (CarRental.API).
2026-02-04 23:25:03.844 +05:30 [INF] Getting all cars
2026-02-04 23:25:03.845 +05:30 [ERR] Failed executing DbCommand (0ms) [Parameters=[], CommandType='"Text"', CommandTimeout='30']
SELECT "c"."Id", "c"."Category", "c"."Color", "c"."CreatedAt", "c"."CreatedBy", "c"."DailyRate", "c"."Description", "c"."FuelType", "c"."HasAirConditioning", "c"."HasGPS", "c"."ImageUrl", "c"."LastMaintenanceDate", "c"."LicensePlate", "c"."Make", "c"."Mileage", "c"."Model", "c"."NextMaintenanceDate", "c"."SeatingCapacity", "c"."Status", "c"."Transmission", "c"."UpdatedAt", "c"."UpdatedBy", "c"."Year"
FROM "Cars" AS "c"
2026-02-04 23:25:03.846 +05:30 [ERR] An exception occurred while iterating over the results of a query for context type 'CarRental.Infrastructure.Data.CarRentalDbContext'.
Microsoft.Data.Sqlite.SqliteException (0x80004005): SQLite Error 1: 'no such column: c.LastMaintenanceDate'.
   at Microsoft.Data.Sqlite.SqliteException.ThrowExceptionForRC(Int32 rc, sqlite3 db)
   at Microsoft.Data.Sqlite.SqliteCommand.PrepareAndEnumerateStatements()+MoveNext()
   at Microsoft.Data.Sqlite.SqliteCommand.GetStatements()+MoveNext()
   at Microsoft.Data.Sqlite.SqliteDataReader.NextResult()
   at Microsoft.Data.Sqlite.SqliteCommand.ExecuteReader(CommandBehavior behavior)
   at Microsoft.Data.Sqlite.SqliteCommand.ExecuteReaderAsync(CommandBehavior behavior, CancellationToken cancellationToken)
   at Microsoft.Data.Sqlite.SqliteCommand.ExecuteDbDataReaderAsync(CommandBehavior behavior, CancellationToken cancellationToken)
   at Microsoft.EntityFrameworkCore.Storage.RelationalCommand.ExecuteReaderAsync(RelationalCommandParameterObject parameterObject, CancellationToken cancellationToken)
   at Microsoft.EntityFrameworkCore.Storage.RelationalCommand.ExecuteReaderAsync(RelationalCommandParameterObject parameterObject, CancellationToken cancellationToken)
   at Microsoft.EntityFrameworkCore.Query.Internal.SingleQueryingEnumerable`1.AsyncEnumerator.InitializeReaderAsync(AsyncEnumerator enumerator, CancellationToken cancellationToken)
   at Microsoft.EntityFrameworkCore.Query.Internal.SingleQueryingEnumerable`1.AsyncEnumerator.MoveNextAsync()
Microsoft.Data.Sqlite.SqliteException (0x80004005): SQLite Error 1: 'no such column: c.LastMaintenanceDate'.
   at Microsoft.Data.Sqlite.SqliteException.ThrowExceptionForRC(Int32 rc, sqlite3 db)
   at Microsoft.Data.Sqlite.SqliteCommand.PrepareAndEnumerateStatements()+MoveNext()
   at Microsoft.Data.Sqlite.SqliteCommand.GetStatements()+MoveNext()
   at Microsoft.Data.Sqlite.SqliteDataReader.NextResult()
   at Microsoft.Data.Sqlite.SqliteCommand.ExecuteReader(CommandBehavior behavior)
   at Microsoft.Data.Sqlite.SqliteCommand.ExecuteReaderAsync(CommandBehavior behavior, CancellationToken cancellationToken)
   at Microsoft.Data.Sqlite.SqliteCommand.ExecuteDbDataReaderAsync(CommandBehavior behavior, CancellationToken cancellationToken)
   at Microsoft.EntityFrameworkCore.Storage.RelationalCommand.ExecuteReaderAsync(RelationalCommandParameterObject parameterObject, CancellationToken cancellationToken)
   at Microsoft.EntityFrameworkCore.Storage.RelationalCommand.ExecuteReaderAsync(RelationalCommandParameterObject parameterObject, CancellationToken cancellationToken)
   at Microsoft.EntityFrameworkCore.Query.Internal.SingleQueryingEnumerable`1.AsyncEnumerator.InitializeReaderAsync(AsyncEnumerator enumerator, CancellationToken cancellationToken)
   at Microsoft.EntityFrameworkCore.Query.Internal.SingleQueryingEnumerable`1.AsyncEnumerator.MoveNextAsync()
2026-02-04 23:25:03.847 +05:30 [INF] Executed action CarRental.API.Controllers.CarsController.GetAll (CarRental.API) in 3.0828ms
2026-02-04 23:25:03.847 +05:30 [INF] Executed endpoint 'CarRental.API.Controllers.CarsController.GetAll (CarRental.API)'
2026-02-04 23:25:03.847 +05:30 [ERR] Exception occurred: SQLite Error 1: 'no such column: c.LastMaintenanceDate'.
Microsoft.Data.Sqlite.SqliteException (0x80004005): SQLite Error 1: 'no such column: c.LastMaintenanceDate'.
   at Microsoft.Data.Sqlite.SqliteException.ThrowExceptionForRC(Int32 rc, sqlite3 db)
   at Microsoft.Data.Sqlite.SqliteCommand.PrepareAndEnumerateStatements()+MoveNext()
   at Microsoft.Data.Sqlite.SqliteCommand.GetStatements()+MoveNext()
   at Microsoft.Data.Sqlite.SqliteDataReader.NextResult()
   at Microsoft.Data.Sqlite.SqliteCommand.ExecuteReader(CommandBehavior behavior)
   at Microsoft.Data.Sqlite.SqliteCommand.ExecuteReaderAsync(CommandBehavior behavior, CancellationToken cancellationToken)
   at Microsoft.Data.Sqlite.SqliteCommand.ExecuteDbDataReaderAsync(CommandBehavior behavior, CancellationToken cancellationToken)
   at Microsoft.EntityFrameworkCore.Storage.RelationalCommand.ExecuteReaderAsync(RelationalCommandParameterObject parameterObject, CancellationToken cancellationToken)
   at Microsoft.EntityFrameworkCore.Storage.RelationalCommand.ExecuteReaderAsync(RelationalCommandParameterObject parameterObject, CancellationToken cancellationToken)
   at Microsoft.EntityFrameworkCore.Query.Internal.SingleQueryingEnumerable`1.AsyncEnumerator.InitializeReaderAsync(AsyncEnumerator enumerator, CancellationToken cancellationToken)
   at Microsoft.EntityFrameworkCore.Query.Internal.SingleQueryingEnumerable`1.AsyncEnumerator.MoveNextAsync()
   at Microsoft.EntityFrameworkCore.EntityFrameworkQueryableExtensions.ToListAsync[TSource](IQueryable`1 source, CancellationToken cancellationToken)
   at Microsoft.EntityFrameworkCore.EntityFrameworkQueryableExtensions.ToListAsync[TSource](IQueryable`1 source, CancellationToken cancellationToken)
   at CarRental.Infrastructure.Repositories.Repository`1.GetAllAsync(CancellationToken cancellationToken) in /Users/prashantkumar/Desktop/CarRental-backend/backend/src/CarRental.Infrastructure/Repositories/Repository.cs:line 30
   at CarRental.Application.Services.CarService.GetAllAsync(CancellationToken cancellationToken) in /Users/prashantkumar/Desktop/CarRental-backend/backend/src/CarRental.Application/Services/CarService.cs:line 34
   at CarRental.API.Controllers.CarsController.GetAll(CancellationToken cancellationToken) in /Users/prashantkumar/Desktop/CarRental-backend/backend/src/CarRental.API/Controllers/CarsController.cs:line 31
   at Microsoft.AspNetCore.Mvc.Infrastructure.ActionMethodExecutor.TaskOfIActionResultExecutor.Execute(ActionContext actionContext, IActionResultTypeMapper mapper, ObjectMethodExecutor executor, Object controller, Object[] arguments)
   at Microsoft.AspNetCore.Mvc.Infrastructure.ControllerActionInvoker.<InvokeActionMethodAsync>g__Awaited|12_0(ControllerActionInvoker invoker, ValueTask`1 actionResultValueTask)
   at Microsoft.AspNetCore.Mvc.Infrastructure.ControllerActionInvoker.<InvokeNextActionFilterAsync>g__Awaited|10_0(ControllerActionInvoker invoker, Task lastTask, State next, Scope scope, Object state, Boolean isCompleted)
   at Microsoft.AspNetCore.Mvc.Infrastructure.ControllerActionInvoker.Rethrow(ActionExecutedContextSealed context)
   at Microsoft.AspNetCore.Mvc.Infrastructure.ControllerActionInvoker.Next(State& next, Scope& scope, Object& state, Boolean& isCompleted)
   at Microsoft.AspNetCore.Mvc.Infrastructure.ControllerActionInvoker.InvokeInnerFilterAsync()
--- End of stack trace from previous location ---
   at Microsoft.AspNetCore.Mvc.Infrastructure.ResourceInvoker.<InvokeFilterPipelineAsync>g__Awaited|20_0(ResourceInvoker invoker, Task lastTask, State next, Scope scope, Object state, Boolean isCompleted)
   at Microsoft.AspNetCore.Mvc.Infrastructure.ResourceInvoker.<InvokeAsync>g__Logged|17_1(ResourceInvoker invoker)
   at Microsoft.AspNetCore.Mvc.Infrastructure.ResourceInvoker.<InvokeAsync>g__Logged|17_1(ResourceInvoker invoker)
   at Microsoft.AspNetCore.Routing.EndpointMiddleware.<Invoke>g__AwaitRequestTask|7_0(Endpoint endpoint, Task requestTask, ILogger logger)
   at Microsoft.AspNetCore.Authorization.AuthorizationMiddleware.Invoke(HttpContext context)
   at Microsoft.AspNetCore.Authentication.AuthenticationMiddleware.Invoke(HttpContext context)
   at CarRental.API.Middleware.GlobalExceptionHandler.InvokeAsync(HttpContext context) in /Users/prashantkumar/Desktop/CarRental-backend/backend/src/CarRental.API/Middleware/GlobalExceptionHandler.cs:line 27
2026-02-04 23:25:03.850 +05:30 [INF] Request finished HTTP/1.1 GET http://localhost:5000/api/Cars - 500 null application/json 7.6772ms
2026-02-04 23:25:06.676 +05:30 [INF] Request starting HTTP/1.1 GET http://localhost:5000/api/Rentals/customer/11111111-1111-1111-1111-111111111111 - null null
2026-02-04 23:25:06.677 +05:30 [INF] Executing endpoint 'CarRental.API.Controllers.RentalsController.GetByCustomer (CarRental.API)'
2026-02-04 23:25:06.678 +05:30 [INF] Route matched with {action = "GetByCustomer", controller = "Rentals"}. Executing controller action with signature System.Threading.Tasks.Task`1[Microsoft.AspNetCore.Mvc.IActionResult] GetByCustomer(System.Guid, System.Threading.CancellationToken) on controller CarRental.API.Controllers.RentalsController (CarRental.API).
2026-02-04 23:25:06.678 +05:30 [INF] Getting rentals for customer: "11111111-1111-1111-1111-111111111111"
2026-02-04 23:25:06.679 +05:30 [ERR] Failed executing DbCommand (0ms) [Parameters=[@__customerId_0='?' (DbType = Guid)], CommandType='"Text"', CommandTimeout='30']
SELECT "r"."Id", "r"."ActualReturnDate", "r"."CarId", "r"."CreatedAt", "r"."CreatedBy", "r"."CustomerId", "r"."DailyRate", "r"."DamageCharges", "r"."DepositAmount", "r"."DepositReturned", "r"."EndDate", "r"."LateFee", "r"."Notes", "r"."OdometerAtPickup", "r"."OdometerAtReturn", "r"."PickupLocation", "r"."ReturnLocation", "r"."StartDate", "r"."Status", "r"."TotalCost", "r"."UpdatedAt", "r"."UpdatedBy", "c"."Id", "c"."Category", "c"."Color", "c"."CreatedAt", "c"."CreatedBy", "c"."DailyRate", "c"."Description", "c"."FuelType", "c"."HasAirConditioning", "c"."HasGPS", "c"."ImageUrl", "c"."LastMaintenanceDate", "c"."LicensePlate", "c"."Make", "c"."Mileage", "c"."Model", "c"."NextMaintenanceDate", "c"."SeatingCapacity", "c"."Status", "c"."Transmission", "c"."UpdatedAt", "c"."UpdatedBy", "c"."Year", "u"."Id", "u"."City", "u"."Country", "u"."CreatedAt", "u"."CreatedBy", "u"."DateOfBirth", "u"."DriversLicenseExpiry", "u"."DriversLicenseNumber", "u"."Email", "u"."FirstName", "u"."IsActive", "u"."LastLoginAt", "u"."LastName", "u"."PasswordHash", "u"."PhoneNumber", "u"."PostalCode", "u"."Role", "u"."State", "u"."Street", "u"."UpdatedAt", "u"."UpdatedBy"
FROM "Rentals" AS "r"
INNER JOIN "Cars" AS "c" ON "r"."CarId" = "c"."Id"
INNER JOIN "Users" AS "u" ON "r"."CustomerId" = "u"."Id"
WHERE "r"."CustomerId" = @__customerId_0
ORDER BY "r"."CreatedAt" DESC
2026-02-04 23:25:06.680 +05:30 [ERR] An exception occurred while iterating over the results of a query for context type 'CarRental.Infrastructure.Data.CarRentalDbContext'.
Microsoft.Data.Sqlite.SqliteException (0x80004005): SQLite Error 1: 'no such column: r.DepositAmount'.
   at Microsoft.Data.Sqlite.SqliteException.ThrowExceptionForRC(Int32 rc, sqlite3 db)
   at Microsoft.Data.Sqlite.SqliteCommand.PrepareAndEnumerateStatements()+MoveNext()
   at Microsoft.Data.Sqlite.SqliteCommand.GetStatements()+MoveNext()
   at Microsoft.Data.Sqlite.SqliteDataReader.NextResult()
   at Microsoft.Data.Sqlite.SqliteCommand.ExecuteReader(CommandBehavior behavior)
   at Microsoft.Data.Sqlite.SqliteCommand.ExecuteReaderAsync(CommandBehavior behavior, CancellationToken cancellationToken)
   at Microsoft.Data.Sqlite.SqliteCommand.ExecuteDbDataReaderAsync(CommandBehavior behavior, CancellationToken cancellationToken)
   at Microsoft.EntityFrameworkCore.Storage.RelationalCommand.ExecuteReaderAsync(RelationalCommandParameterObject parameterObject, CancellationToken cancellationToken)
   at Microsoft.EntityFrameworkCore.Storage.RelationalCommand.ExecuteReaderAsync(RelationalCommandParameterObject parameterObject, CancellationToken cancellationToken)
   at Microsoft.EntityFrameworkCore.Query.Internal.SingleQueryingEnumerable`1.AsyncEnumerator.InitializeReaderAsync(AsyncEnumerator enumerator, CancellationToken cancellationToken)
   at Microsoft.EntityFrameworkCore.Query.Internal.SingleQueryingEnumerable`1.AsyncEnumerator.MoveNextAsync()
Microsoft.Data.Sqlite.SqliteException (0x80004005): SQLite Error 1: 'no such column: r.DepositAmount'.
   at Microsoft.Data.Sqlite.SqliteException.ThrowExceptionForRC(Int32 rc, sqlite3 db)
   at Microsoft.Data.Sqlite.SqliteCommand.PrepareAndEnumerateStatements()+MoveNext()
   at Microsoft.Data.Sqlite.SqliteCommand.GetStatements()+MoveNext()
   at Microsoft.Data.Sqlite.SqliteDataReader.NextResult()
   at Microsoft.Data.Sqlite.SqliteCommand.ExecuteReader(CommandBehavior behavior)
   at Microsoft.Data.Sqlite.SqliteCommand.ExecuteReaderAsync(CommandBehavior behavior, CancellationToken cancellationToken)
   at Microsoft.Data.Sqlite.SqliteCommand.ExecuteDbDataReaderAsync(CommandBehavior behavior, CancellationToken cancellationToken)
   at Microsoft.EntityFrameworkCore.Storage.RelationalCommand.ExecuteReaderAsync(RelationalCommandParameterObject parameterObject, CancellationToken cancellationToken)
   at Microsoft.EntityFrameworkCore.Storage.RelationalCommand.ExecuteReaderAsync(RelationalCommandParameterObject parameterObject, CancellationToken cancellationToken)
   at Microsoft.EntityFrameworkCore.Query.Internal.SingleQueryingEnumerable`1.AsyncEnumerator.InitializeReaderAsync(AsyncEnumerator enumerator, CancellationToken cancellationToken)
   at Microsoft.EntityFrameworkCore.Query.Internal.SingleQueryingEnumerable`1.AsyncEnumerator.MoveNextAsync()
2026-02-04 23:25:06.682 +05:30 [INF] Executed action CarRental.API.Controllers.RentalsController.GetByCustomer (CarRental.API) in 4.2005ms
2026-02-04 23:25:06.682 +05:30 [INF] Executed endpoint 'CarRental.API.Controllers.RentalsController.GetByCustomer (CarRental.API)'
2026-02-04 23:25:06.683 +05:30 [ERR] Exception occurred: SQLite Error 1: 'no such column: r.DepositAmount'.
Microsoft.Data.Sqlite.SqliteException (0x80004005): SQLite Error 1: 'no such column: r.DepositAmount'.
   at Microsoft.Data.Sqlite.SqliteException.ThrowExceptionForRC(Int32 rc, sqlite3 db)
   at Microsoft.Data.Sqlite.SqliteCommand.PrepareAndEnumerateStatements()+MoveNext()
   at Microsoft.Data.Sqlite.SqliteCommand.GetStatements()+MoveNext()
   at Microsoft.Data.Sqlite.SqliteDataReader.NextResult()
   at Microsoft.Data.Sqlite.SqliteCommand.ExecuteReader(CommandBehavior behavior)
   at Microsoft.Data.Sqlite.SqliteCommand.ExecuteReaderAsync(CommandBehavior behavior, CancellationToken cancellationToken)
   at Microsoft.Data.Sqlite.SqliteCommand.ExecuteDbDataReaderAsync(CommandBehavior behavior, CancellationToken cancellationToken)
   at Microsoft.EntityFrameworkCore.Storage.RelationalCommand.ExecuteReaderAsync(RelationalCommandParameterObject parameterObject, CancellationToken cancellationToken)
   at Microsoft.EntityFrameworkCore.Storage.RelationalCommand.ExecuteReaderAsync(RelationalCommandParameterObject parameterObject, CancellationToken cancellationToken)
   at Microsoft.EntityFrameworkCore.Query.Internal.SingleQueryingEnumerable`1.AsyncEnumerator.InitializeReaderAsync(AsyncEnumerator enumerator, CancellationToken cancellationToken)
   at Microsoft.EntityFrameworkCore.Query.Internal.SingleQueryingEnumerable`1.AsyncEnumerator.MoveNextAsync()
   at Microsoft.EntityFrameworkCore.EntityFrameworkQueryableExtensions.ToListAsync[TSource](IQueryable`1 source, CancellationToken cancellationToken)
   at Microsoft.EntityFrameworkCore.EntityFrameworkQueryableExtensions.ToListAsync[TSource](IQueryable`1 source, CancellationToken cancellationToken)
   at CarRental.Infrastructure.Repositories.RentalRepository.GetRentalsByCustomerAsync(Guid customerId, CancellationToken cancellationToken) in /Users/prashantkumar/Desktop/CarRental-backend/backend/src/CarRental.Infrastructure/Repositories/RentalRepository.cs:line 20
   at CarRental.Application.Services.RentalService.GetByCustomerAsync(Guid customerId, CancellationToken cancellationToken) in /Users/prashantkumar/Desktop/CarRental-backend/backend/src/CarRental.Application/Services/RentalService.cs:line 41
   at CarRental.API.Controllers.RentalsController.GetByCustomer(Guid customerId, CancellationToken cancellationToken) in /Users/prashantkumar/Desktop/CarRental-backend/backend/src/CarRental.API/Controllers/RentalsController.cs:line 58
   at Microsoft.AspNetCore.Mvc.Infrastructure.ActionMethodExecutor.TaskOfIActionResultExecutor.Execute(ActionContext actionContext, IActionResultTypeMapper mapper, ObjectMethodExecutor executor, Object controller, Object[] arguments)
   at Microsoft.AspNetCore.Mvc.Infrastructure.ControllerActionInvoker.<InvokeActionMethodAsync>g__Awaited|12_0(ControllerActionInvoker invoker, ValueTask`1 actionResultValueTask)
   at Microsoft.AspNetCore.Mvc.Infrastructure.ControllerActionInvoker.<InvokeNextActionFilterAsync>g__Awaited|10_0(ControllerActionInvoker invoker, Task lastTask, State next, Scope scope, Object state, Boolean isCompleted)
   at Microsoft.AspNetCore.Mvc.Infrastructure.ControllerActionInvoker.Rethrow(ActionExecutedContextSealed context)
   at Microsoft.AspNetCore.Mvc.Infrastructure.ControllerActionInvoker.Next(State& next, Scope& scope, Object& state, Boolean& isCompleted)
   at Microsoft.AspNetCore.Mvc.Infrastructure.ControllerActionInvoker.InvokeInnerFilterAsync()
--- End of stack trace from previous location ---
   at Microsoft.AspNetCore.Mvc.Infrastructure.ResourceInvoker.<InvokeFilterPipelineAsync>g__Awaited|20_0(ResourceInvoker invoker, Task lastTask, State next, Scope scope, Object state, Boolean isCompleted)
   at Microsoft.AspNetCore.Mvc.Infrastructure.ResourceInvoker.<InvokeAsync>g__Logged|17_1(ResourceInvoker invoker)
   at Microsoft.AspNetCore.Mvc.Infrastructure.ResourceInvoker.<InvokeAsync>g__Logged|17_1(ResourceInvoker invoker)
   at Microsoft.AspNetCore.Routing.EndpointMiddleware.<Invoke>g__AwaitRequestTask|7_0(Endpoint endpoint, Task requestTask, ILogger logger)
   at Microsoft.AspNetCore.Authorization.AuthorizationMiddleware.Invoke(HttpContext context)
   at Microsoft.AspNetCore.Authentication.AuthenticationMiddleware.Invoke(HttpContext context)
   at CarRental.API.Middleware.GlobalExceptionHandler.InvokeAsync(HttpContext context) in /Users/prashantkumar/Desktop/CarRental-backend/backend/src/CarRental.API/Middleware/GlobalExceptionHandler.cs:line 27
2026-02-04 23:25:06.686 +05:30 [INF] Request finished HTTP/1.1 GET http://localhost:5000/api/Rentals/customer/11111111-1111-1111-1111-111111111111 - 500 null application/json 9.4321ms
2026-02-04 23:25:06.688 +05:30 [INF] Request starting HTTP/1.1 GET http://localhost:5000/api/Rentals/customer/11111111-1111-1111-1111-111111111111 - null null
2026-02-04 23:25:06.688 +05:30 [INF] Executing endpoint 'CarRental.API.Controllers.RentalsController.GetByCustomer (CarRental.API)'
2026-02-04 23:25:06.688 +05:30 [INF] Route matched with {action = "GetByCustomer", controller = "Rentals"}. Executing controller action with signature System.Threading.Tasks.Task`1[Microsoft.AspNetCore.Mvc.IActionResult] GetByCustomer(System.Guid, System.Threading.CancellationToken) on controller CarRental.API.Controllers.RentalsController (CarRental.API).
2026-02-04 23:25:06.689 +05:30 [INF] Getting rentals for customer: "11111111-1111-1111-1111-111111111111"
2026-02-04 23:25:06.690 +05:30 [ERR] Failed executing DbCommand (0ms) [Parameters=[@__customerId_0='?' (DbType = Guid)], CommandType='"Text"', CommandTimeout='30']
SELECT "r"."Id", "r"."ActualReturnDate", "r"."CarId", "r"."CreatedAt", "r"."CreatedBy", "r"."CustomerId", "r"."DailyRate", "r"."DamageCharges", "r"."DepositAmount", "r"."DepositReturned", "r"."EndDate", "r"."LateFee", "r"."Notes", "r"."OdometerAtPickup", "r"."OdometerAtReturn", "r"."PickupLocation", "r"."ReturnLocation", "r"."StartDate", "r"."Status", "r"."TotalCost", "r"."UpdatedAt", "r"."UpdatedBy", "c"."Id", "c"."Category", "c"."Color", "c"."CreatedAt", "c"."CreatedBy", "c"."DailyRate", "c"."Description", "c"."FuelType", "c"."HasAirConditioning", "c"."HasGPS", "c"."ImageUrl", "c"."LastMaintenanceDate", "c"."LicensePlate", "c"."Make", "c"."Mileage", "c"."Model", "c"."NextMaintenanceDate", "c"."SeatingCapacity", "c"."Status", "c"."Transmission", "c"."UpdatedAt", "c"."UpdatedBy", "c"."Year", "u"."Id", "u"."City", "u"."Country", "u"."CreatedAt", "u"."CreatedBy", "u"."DateOfBirth", "u"."DriversLicenseExpiry", "u"."DriversLicenseNumber", "u"."Email", "u"."FirstName", "u"."IsActive", "u"."LastLoginAt", "u"."LastName", "u"."PasswordHash", "u"."PhoneNumber", "u"."PostalCode", "u"."Role", "u"."State", "u"."Street", "u"."UpdatedAt", "u"."UpdatedBy"
FROM "Rentals" AS "r"
INNER JOIN "Cars" AS "c" ON "r"."CarId" = "c"."Id"
INNER JOIN "Users" AS "u" ON "r"."CustomerId" = "u"."Id"
WHERE "r"."CustomerId" = @__customerId_0
ORDER BY "r"."CreatedAt" DESC
2026-02-04 23:25:06.690 +05:30 [ERR] An exception occurred while iterating over the results of a query for context type 'CarRental.Infrastructure.Data.CarRentalDbContext'.
Microsoft.Data.Sqlite.SqliteException (0x80004005): SQLite Error 1: 'no such column: r.DepositAmount'.
   at Microsoft.Data.Sqlite.SqliteException.ThrowExceptionForRC(Int32 rc, sqlite3 db)
   at Microsoft.Data.Sqlite.SqliteCommand.PrepareAndEnumerateStatements()+MoveNext()
   at Microsoft.Data.Sqlite.SqliteCommand.GetStatements()+MoveNext()
   at Microsoft.Data.Sqlite.SqliteDataReader.NextResult()
   at Microsoft.Data.Sqlite.SqliteCommand.ExecuteReader(CommandBehavior behavior)
   at Microsoft.Data.Sqlite.SqliteCommand.ExecuteReaderAsync(CommandBehavior behavior, CancellationToken cancellationToken)
   at Microsoft.Data.Sqlite.SqliteCommand.ExecuteDbDataReaderAsync(CommandBehavior behavior, CancellationToken cancellationToken)
   at Microsoft.EntityFrameworkCore.Storage.RelationalCommand.ExecuteReaderAsync(RelationalCommandParameterObject parameterObject, CancellationToken cancellationToken)
   at Microsoft.EntityFrameworkCore.Storage.RelationalCommand.ExecuteReaderAsync(RelationalCommandParameterObject parameterObject, CancellationToken cancellationToken)
   at Microsoft.EntityFrameworkCore.Query.Internal.SingleQueryingEnumerable`1.AsyncEnumerator.InitializeReaderAsync(AsyncEnumerator enumerator, CancellationToken cancellationToken)
   at Microsoft.EntityFrameworkCore.Query.Internal.SingleQueryingEnumerable`1.AsyncEnumerator.MoveNextAsync()
Microsoft.Data.Sqlite.SqliteException (0x80004005): SQLite Error 1: 'no such column: r.DepositAmount'.
   at Microsoft.Data.Sqlite.SqliteException.ThrowExceptionForRC(Int32 rc, sqlite3 db)
   at Microsoft.Data.Sqlite.SqliteCommand.PrepareAndEnumerateStatements()+MoveNext()
   at Microsoft.Data.Sqlite.SqliteCommand.GetStatements()+MoveNext()
   at Microsoft.Data.Sqlite.SqliteDataReader.NextResult()
   at Microsoft.Data.Sqlite.SqliteCommand.ExecuteReader(CommandBehavior behavior)
   at Microsoft.Data.Sqlite.SqliteCommand.ExecuteReaderAsync(CommandBehavior behavior, CancellationToken cancellationToken)
   at Microsoft.Data.Sqlite.SqliteCommand.ExecuteDbDataReaderAsync(CommandBehavior behavior, CancellationToken cancellationToken)
   at Microsoft.EntityFrameworkCore.Storage.RelationalCommand.ExecuteReaderAsync(RelationalCommandParameterObject parameterObject, CancellationToken cancellationToken)
   at Microsoft.EntityFrameworkCore.Storage.RelationalCommand.ExecuteReaderAsync(RelationalCommandParameterObject parameterObject, CancellationToken cancellationToken)
   at Microsoft.EntityFrameworkCore.Query.Internal.SingleQueryingEnumerable`1.AsyncEnumerator.InitializeReaderAsync(AsyncEnumerator enumerator, CancellationToken cancellationToken)
   at Microsoft.EntityFrameworkCore.Query.Internal.SingleQueryingEnumerable`1.AsyncEnumerator.MoveNextAsync()
2026-02-04 23:25:06.691 +05:30 [INF] Executed action CarRental.API.Controllers.RentalsController.GetByCustomer (CarRental.API) in 3.0666ms
2026-02-04 23:25:06.691 +05:30 [INF] Executed endpoint 'CarRental.API.Controllers.RentalsController.GetByCustomer (CarRental.API)'
2026-02-04 23:25:06.692 +05:30 [ERR] Exception occurred: SQLite Error 1: 'no such column: r.DepositAmount'.
Microsoft.Data.Sqlite.SqliteException (0x80004005): SQLite Error 1: 'no such column: r.DepositAmount'.
   at Microsoft.Data.Sqlite.SqliteException.ThrowExceptionForRC(Int32 rc, sqlite3 db)
   at Microsoft.Data.Sqlite.SqliteCommand.PrepareAndEnumerateStatements()+MoveNext()
   at Microsoft.Data.Sqlite.SqliteCommand.GetStatements()+MoveNext()
   at Microsoft.Data.Sqlite.SqliteDataReader.NextResult()
   at Microsoft.Data.Sqlite.SqliteCommand.ExecuteReader(CommandBehavior behavior)
   at Microsoft.Data.Sqlite.SqliteCommand.ExecuteReaderAsync(CommandBehavior behavior, CancellationToken cancellationToken)
   at Microsoft.Data.Sqlite.SqliteCommand.ExecuteDbDataReaderAsync(CommandBehavior behavior, CancellationToken cancellationToken)
   at Microsoft.EntityFrameworkCore.Storage.RelationalCommand.ExecuteReaderAsync(RelationalCommandParameterObject parameterObject, CancellationToken cancellationToken)
   at Microsoft.EntityFrameworkCore.Storage.RelationalCommand.ExecuteReaderAsync(RelationalCommandParameterObject parameterObject, CancellationToken cancellationToken)
   at Microsoft.EntityFrameworkCore.Query.Internal.SingleQueryingEnumerable`1.AsyncEnumerator.InitializeReaderAsync(AsyncEnumerator enumerator, CancellationToken cancellationToken)
   at Microsoft.EntityFrameworkCore.Query.Internal.SingleQueryingEnumerable`1.AsyncEnumerator.MoveNextAsync()
   at Microsoft.EntityFrameworkCore.EntityFrameworkQueryableExtensions.ToListAsync[TSource](IQueryable`1 source, CancellationToken cancellationToken)
   at Microsoft.EntityFrameworkCore.EntityFrameworkQueryableExtensions.ToListAsync[TSource](IQueryable`1 source, CancellationToken cancellationToken)
   at CarRental.Infrastructure.Repositories.RentalRepository.GetRentalsByCustomerAsync(Guid customerId, CancellationToken cancellationToken) in /Users/prashantkumar/Desktop/CarRental-backend/backend/src/CarRental.Infrastructure/Repositories/RentalRepository.cs:line 20
   at CarRental.Application.Services.RentalService.GetByCustomerAsync(Guid customerId, CancellationToken cancellationToken) in /Users/prashantkumar/Desktop/CarRental-backend/backend/src/CarRental.Application/Services/RentalService.cs:line 41
   at CarRental.API.Controllers.RentalsController.GetByCustomer(Guid customerId, CancellationToken cancellationToken) in /Users/prashantkumar/Desktop/CarRental-backend/backend/src/CarRental.API/Controllers/RentalsController.cs:line 58
   at Microsoft.AspNetCore.Mvc.Infrastructure.ActionMethodExecutor.TaskOfIActionResultExecutor.Execute(ActionContext actionContext, IActionResultTypeMapper mapper, ObjectMethodExecutor executor, Object controller, Object[] arguments)
   at Microsoft.AspNetCore.Mvc.Infrastructure.ControllerActionInvoker.<InvokeActionMethodAsync>g__Awaited|12_0(ControllerActionInvoker invoker, ValueTask`1 actionResultValueTask)
   at Microsoft.AspNetCore.Mvc.Infrastructure.ControllerActionInvoker.<InvokeNextActionFilterAsync>g__Awaited|10_0(ControllerActionInvoker invoker, Task lastTask, State next, Scope scope, Object state, Boolean isCompleted)
   at Microsoft.AspNetCore.Mvc.Infrastructure.ControllerActionInvoker.Rethrow(ActionExecutedContextSealed context)
   at Microsoft.AspNetCore.Mvc.Infrastructure.ControllerActionInvoker.Next(State& next, Scope& scope, Object& state, Boolean& isCompleted)
   at Microsoft.AspNetCore.Mvc.Infrastructure.ControllerActionInvoker.InvokeInnerFilterAsync()
--- End of stack trace from previous location ---
   at Microsoft.AspNetCore.Mvc.Infrastructure.ResourceInvoker.<InvokeFilterPipelineAsync>g__Awaited|20_0(ResourceInvoker invoker, Task lastTask, State next, Scope scope, Object state, Boolean isCompleted)
   at Microsoft.AspNetCore.Mvc.Infrastructure.ResourceInvoker.<InvokeAsync>g__Logged|17_1(ResourceInvoker invoker)
   at Microsoft.AspNetCore.Mvc.Infrastructure.ResourceInvoker.<InvokeAsync>g__Logged|17_1(ResourceInvoker invoker)
   at Microsoft.AspNetCore.Routing.EndpointMiddleware.<Invoke>g__AwaitRequestTask|7_0(Endpoint endpoint, Task requestTask, ILogger logger)
   at Microsoft.AspNetCore.Authorization.AuthorizationMiddleware.Invoke(HttpContext context)
   at Microsoft.AspNetCore.Authentication.AuthenticationMiddleware.Invoke(HttpContext context)
   at CarRental.API.Middleware.GlobalExceptionHandler.InvokeAsync(HttpContext context) in /Users/prashantkumar/Desktop/CarRental-backend/backend/src/CarRental.API/Middleware/GlobalExceptionHandler.cs:line 27
2026-02-04 23:25:06.694 +05:30 [INF] Request finished HTTP/1.1 GET http://localhost:5000/api/Rentals/customer/11111111-1111-1111-1111-111111111111 - 500 null application/json 6.822ms
2026-02-04 23:25:22.306 +05:30 [INF] Request starting HTTP/1.1 POST http://localhost:5000/api/Auth/login - application/json 58
2026-02-04 23:25:22.308 +05:30 [INF] CORS policy execution successful.
2026-02-04 23:25:22.308 +05:30 [INF] Executing endpoint 'CarRental.API.Controllers.AuthController.Login (CarRental.API)'
2026-02-04 23:25:22.309 +05:30 [INF] Route matched with {action = "Login", controller = "Auth"}. Executing controller action with signature System.Threading.Tasks.Task`1[Microsoft.AspNetCore.Mvc.IActionResult] Login(CarRental.Application.DTOs.Auth.LoginRequest, System.Threading.CancellationToken) on controller CarRental.API.Controllers.AuthController (CarRental.API).
2026-02-04 23:25:22.310 +05:30 [INF] Login attempt for email: customer@example.com
2026-02-04 23:25:22.312 +05:30 [INF] Executed DbCommand (0ms) [Parameters=[@__ToLower_0='?' (Size = 20)], CommandType='"Text"', CommandTimeout='30']
SELECT "u"."Id", "u"."City", "u"."Country", "u"."CreatedAt", "u"."CreatedBy", "u"."DateOfBirth", "u"."DriversLicenseExpiry", "u"."DriversLicenseNumber", "u"."Email", "u"."FirstName", "u"."IsActive", "u"."LastLoginAt", "u"."LastName", "u"."PasswordHash", "u"."PhoneNumber", "u"."PostalCode", "u"."Role", "u"."State", "u"."Street", "u"."UpdatedAt", "u"."UpdatedBy"
FROM "Users" AS "u"
WHERE lower("u"."Email") = @__ToLower_0
LIMIT 1
2026-02-04 23:25:22.442 +05:30 [INF] Executed DbCommand (0ms) [Parameters=[@p20='?' (DbType = Guid), @p0='?' (Size = 6), @p1='?', @p2='?' (DbType = DateTime), @p3='?', @p4='?' (DbType = DateTime), @p5='?' (DbType = DateTime), @p6='?', @p7='?' (Size = 20), @p8='?' (Size = 4), @p9='?' (DbType = Boolean), @p10='?' (DbType = DateTime), @p11='?' (Size = 3), @p12='?' (Size = 60), @p13='?' (Size = 11), @p14='?', @p15='?' (DbType = Int32), @p16='?', @p17='?', @p18='?' (DbType = DateTime), @p19='?'], CommandType='"Text"', CommandTimeout='30']
UPDATE "Users" SET "City" = @p0, "Country" = @p1, "CreatedAt" = @p2, "CreatedBy" = @p3, "DateOfBirth" = @p4, "DriversLicenseExpiry" = @p5, "DriversLicenseNumber" = @p6, "Email" = @p7, "FirstName" = @p8, "IsActive" = @p9, "LastLoginAt" = @p10, "LastName" = @p11, "PasswordHash" = @p12, "PhoneNumber" = @p13, "PostalCode" = @p14, "Role" = @p15, "State" = @p16, "Street" = @p17, "UpdatedAt" = @p18, "UpdatedBy" = @p19
WHERE "Id" = @p20
RETURNING 1;
2026-02-04 23:25:22.444 +05:30 [INF] Executing OkObjectResult, writing value of type 'CarRental.API.Controllers.ApiResponse`1[[CarRental.Application.DTOs.Auth.AuthResponse, CarRental.Application, Version=1.0.0.0, Culture=neutral, PublicKeyToken=null]]'.
2026-02-04 23:25:22.444 +05:30 [INF] Executed action CarRental.API.Controllers.AuthController.Login (CarRental.API) in 135.7607ms
2026-02-04 23:25:22.444 +05:30 [INF] Executed endpoint 'CarRental.API.Controllers.AuthController.Login (CarRental.API)'
2026-02-04 23:25:22.444 +05:30 [INF] Request finished HTTP/1.1 POST http://localhost:5000/api/Auth/login - 200 null application/json; charset=utf-8 138.0664ms
2026-02-04 23:25:22.467 +05:30 [INF] Request starting HTTP/1.1 GET http://localhost:5000/api/Rentals/customer/22222222-2222-2222-2222-222222222222 - null null
2026-02-04 23:25:22.468 +05:30 [INF] Executing endpoint 'CarRental.API.Controllers.RentalsController.GetByCustomer (CarRental.API)'
2026-02-04 23:25:22.468 +05:30 [INF] Route matched with {action = "GetByCustomer", controller = "Rentals"}. Executing controller action with signature System.Threading.Tasks.Task`1[Microsoft.AspNetCore.Mvc.IActionResult] GetByCustomer(System.Guid, System.Threading.CancellationToken) on controller CarRental.API.Controllers.RentalsController (CarRental.API).
2026-02-04 23:25:22.468 +05:30 [INF] Getting rentals for customer: "22222222-2222-2222-2222-222222222222"
2026-02-04 23:25:22.469 +05:30 [ERR] Failed executing DbCommand (0ms) [Parameters=[@__customerId_0='?' (DbType = Guid)], CommandType='"Text"', CommandTimeout='30']
SELECT "r"."Id", "r"."ActualReturnDate", "r"."CarId", "r"."CreatedAt", "r"."CreatedBy", "r"."CustomerId", "r"."DailyRate", "r"."DamageCharges", "r"."DepositAmount", "r"."DepositReturned", "r"."EndDate", "r"."LateFee", "r"."Notes", "r"."OdometerAtPickup", "r"."OdometerAtReturn", "r"."PickupLocation", "r"."ReturnLocation", "r"."StartDate", "r"."Status", "r"."TotalCost", "r"."UpdatedAt", "r"."UpdatedBy", "c"."Id", "c"."Category", "c"."Color", "c"."CreatedAt", "c"."CreatedBy", "c"."DailyRate", "c"."Description", "c"."FuelType", "c"."HasAirConditioning", "c"."HasGPS", "c"."ImageUrl", "c"."LastMaintenanceDate", "c"."LicensePlate", "c"."Make", "c"."Mileage", "c"."Model", "c"."NextMaintenanceDate", "c"."SeatingCapacity", "c"."Status", "c"."Transmission", "c"."UpdatedAt", "c"."UpdatedBy", "c"."Year", "u"."Id", "u"."City", "u"."Country", "u"."CreatedAt", "u"."CreatedBy", "u"."DateOfBirth", "u"."DriversLicenseExpiry", "u"."DriversLicenseNumber", "u"."Email", "u"."FirstName", "u"."IsActive", "u"."LastLoginAt", "u"."LastName", "u"."PasswordHash", "u"."PhoneNumber", "u"."PostalCode", "u"."Role", "u"."State", "u"."Street", "u"."UpdatedAt", "u"."UpdatedBy"
FROM "Rentals" AS "r"
INNER JOIN "Cars" AS "c" ON "r"."CarId" = "c"."Id"
INNER JOIN "Users" AS "u" ON "r"."CustomerId" = "u"."Id"
WHERE "r"."CustomerId" = @__customerId_0
ORDER BY "r"."CreatedAt" DESC
2026-02-04 23:25:22.469 +05:30 [ERR] An exception occurred while iterating over the results of a query for context type 'CarRental.Infrastructure.Data.CarRentalDbContext'.
Microsoft.Data.Sqlite.SqliteException (0x80004005): SQLite Error 1: 'no such column: r.DepositAmount'.
   at Microsoft.Data.Sqlite.SqliteException.ThrowExceptionForRC(Int32 rc, sqlite3 db)
   at Microsoft.Data.Sqlite.SqliteCommand.PrepareAndEnumerateStatements()+MoveNext()
   at Microsoft.Data.Sqlite.SqliteCommand.GetStatements()+MoveNext()
   at Microsoft.Data.Sqlite.SqliteDataReader.NextResult()
   at Microsoft.Data.Sqlite.SqliteCommand.ExecuteReader(CommandBehavior behavior)
   at Microsoft.Data.Sqlite.SqliteCommand.ExecuteReaderAsync(CommandBehavior behavior, CancellationToken cancellationToken)
   at Microsoft.Data.Sqlite.SqliteCommand.ExecuteDbDataReaderAsync(CommandBehavior behavior, CancellationToken cancellationToken)
   at Microsoft.EntityFrameworkCore.Storage.RelationalCommand.ExecuteReaderAsync(RelationalCommandParameterObject parameterObject, CancellationToken cancellationToken)
   at Microsoft.EntityFrameworkCore.Storage.RelationalCommand.ExecuteReaderAsync(RelationalCommandParameterObject parameterObject, CancellationToken cancellationToken)
   at Microsoft.EntityFrameworkCore.Query.Internal.SingleQueryingEnumerable`1.AsyncEnumerator.InitializeReaderAsync(AsyncEnumerator enumerator, CancellationToken cancellationToken)
   at Microsoft.EntityFrameworkCore.Query.Internal.SingleQueryingEnumerable`1.AsyncEnumerator.MoveNextAsync()
Microsoft.Data.Sqlite.SqliteException (0x80004005): SQLite Error 1: 'no such column: r.DepositAmount'.
   at Microsoft.Data.Sqlite.SqliteException.ThrowExceptionForRC(Int32 rc, sqlite3 db)
   at Microsoft.Data.Sqlite.SqliteCommand.PrepareAndEnumerateStatements()+MoveNext()
   at Microsoft.Data.Sqlite.SqliteCommand.GetStatements()+MoveNext()
   at Microsoft.Data.Sqlite.SqliteDataReader.NextResult()
   at Microsoft.Data.Sqlite.SqliteCommand.ExecuteReader(CommandBehavior behavior)
   at Microsoft.Data.Sqlite.SqliteCommand.ExecuteReaderAsync(CommandBehavior behavior, CancellationToken cancellationToken)
   at Microsoft.Data.Sqlite.SqliteCommand.ExecuteDbDataReaderAsync(CommandBehavior behavior, CancellationToken cancellationToken)
   at Microsoft.EntityFrameworkCore.Storage.RelationalCommand.ExecuteReaderAsync(RelationalCommandParameterObject parameterObject, CancellationToken cancellationToken)
   at Microsoft.EntityFrameworkCore.Storage.RelationalCommand.ExecuteReaderAsync(RelationalCommandParameterObject parameterObject, CancellationToken cancellationToken)
   at Microsoft.EntityFrameworkCore.Query.Internal.SingleQueryingEnumerable`1.AsyncEnumerator.InitializeReaderAsync(AsyncEnumerator enumerator, CancellationToken cancellationToken)
   at Microsoft.EntityFrameworkCore.Query.Internal.SingleQueryingEnumerable`1.AsyncEnumerator.MoveNextAsync()
2026-02-04 23:25:22.470 +05:30 [INF] Executed action CarRental.API.Controllers.RentalsController.GetByCustomer (CarRental.API) in 2.0708ms
2026-02-04 23:25:22.470 +05:30 [INF] Executed endpoint 'CarRental.API.Controllers.RentalsController.GetByCustomer (CarRental.API)'
2026-02-04 23:25:22.471 +05:30 [ERR] Exception occurred: SQLite Error 1: 'no such column: r.DepositAmount'.
Microsoft.Data.Sqlite.SqliteException (0x80004005): SQLite Error 1: 'no such column: r.DepositAmount'.
   at Microsoft.Data.Sqlite.SqliteException.ThrowExceptionForRC(Int32 rc, sqlite3 db)
   at Microsoft.Data.Sqlite.SqliteCommand.PrepareAndEnumerateStatements()+MoveNext()
   at Microsoft.Data.Sqlite.SqliteCommand.GetStatements()+MoveNext()
   at Microsoft.Data.Sqlite.SqliteDataReader.NextResult()
   at Microsoft.Data.Sqlite.SqliteCommand.ExecuteReader(CommandBehavior behavior)
   at Microsoft.Data.Sqlite.SqliteCommand.ExecuteReaderAsync(CommandBehavior behavior, CancellationToken cancellationToken)
   at Microsoft.Data.Sqlite.SqliteCommand.ExecuteDbDataReaderAsync(CommandBehavior behavior, CancellationToken cancellationToken)
   at Microsoft.EntityFrameworkCore.Storage.RelationalCommand.ExecuteReaderAsync(RelationalCommandParameterObject parameterObject, CancellationToken cancellationToken)
   at Microsoft.EntityFrameworkCore.Storage.RelationalCommand.ExecuteReaderAsync(RelationalCommandParameterObject parameterObject, CancellationToken cancellationToken)
   at Microsoft.EntityFrameworkCore.Query.Internal.SingleQueryingEnumerable`1.AsyncEnumerator.InitializeReaderAsync(AsyncEnumerator enumerator, CancellationToken cancellationToken)
   at Microsoft.EntityFrameworkCore.Query.Internal.SingleQueryingEnumerable`1.AsyncEnumerator.MoveNextAsync()
   at Microsoft.EntityFrameworkCore.EntityFrameworkQueryableExtensions.ToListAsync[TSource](IQueryable`1 source, CancellationToken cancellationToken)
   at Microsoft.EntityFrameworkCore.EntityFrameworkQueryableExtensions.ToListAsync[TSource](IQueryable`1 source, CancellationToken cancellationToken)
   at CarRental.Infrastructure.Repositories.RentalRepository.GetRentalsByCustomerAsync(Guid customerId, CancellationToken cancellationToken) in /Users/prashantkumar/Desktop/CarRental-backend/backend/src/CarRental.Infrastructure/Repositories/RentalRepository.cs:line 20
   at CarRental.Application.Services.RentalService.GetByCustomerAsync(Guid customerId, CancellationToken cancellationToken) in /Users/prashantkumar/Desktop/CarRental-backend/backend/src/CarRental.Application/Services/RentalService.cs:line 41
   at CarRental.API.Controllers.RentalsController.GetByCustomer(Guid customerId, CancellationToken cancellationToken) in /Users/prashantkumar/Desktop/CarRental-backend/backend/src/CarRental.API/Controllers/RentalsController.cs:line 58
   at Microsoft.AspNetCore.Mvc.Infrastructure.ActionMethodExecutor.TaskOfIActionResultExecutor.Execute(ActionContext actionContext, IActionResultTypeMapper mapper, ObjectMethodExecutor executor, Object controller, Object[] arguments)
   at Microsoft.AspNetCore.Mvc.Infrastructure.ControllerActionInvoker.<InvokeActionMethodAsync>g__Awaited|12_0(ControllerActionInvoker invoker, ValueTask`1 actionResultValueTask)
   at Microsoft.AspNetCore.Mvc.Infrastructure.ControllerActionInvoker.<InvokeNextActionFilterAsync>g__Awaited|10_0(ControllerActionInvoker invoker, Task lastTask, State next, Scope scope, Object state, Boolean isCompleted)
   at Microsoft.AspNetCore.Mvc.Infrastructure.ControllerActionInvoker.Rethrow(ActionExecutedContextSealed context)
   at Microsoft.AspNetCore.Mvc.Infrastructure.ControllerActionInvoker.Next(State& next, Scope& scope, Object& state, Boolean& isCompleted)
   at Microsoft.AspNetCore.Mvc.Infrastructure.ControllerActionInvoker.InvokeInnerFilterAsync()
--- End of stack trace from previous location ---
   at Microsoft.AspNetCore.Mvc.Infrastructure.ResourceInvoker.<InvokeFilterPipelineAsync>g__Awaited|20_0(ResourceInvoker invoker, Task lastTask, State next, Scope scope, Object state, Boolean isCompleted)
   at Microsoft.AspNetCore.Mvc.Infrastructure.ResourceInvoker.<InvokeAsync>g__Logged|17_1(ResourceInvoker invoker)
   at Microsoft.AspNetCore.Mvc.Infrastructure.ResourceInvoker.<InvokeAsync>g__Logged|17_1(ResourceInvoker invoker)
   at Microsoft.AspNetCore.Routing.EndpointMiddleware.<Invoke>g__AwaitRequestTask|7_0(Endpoint endpoint, Task requestTask, ILogger logger)
   at Microsoft.AspNetCore.Authorization.AuthorizationMiddleware.Invoke(HttpContext context)
   at Microsoft.AspNetCore.Authentication.AuthenticationMiddleware.Invoke(HttpContext context)
   at CarRental.API.Middleware.GlobalExceptionHandler.InvokeAsync(HttpContext context) in /Users/prashantkumar/Desktop/CarRental-backend/backend/src/CarRental.API/Middleware/GlobalExceptionHandler.cs:line 27
2026-02-04 23:25:22.472 +05:30 [INF] Request finished HTTP/1.1 GET http://localhost:5000/api/Rentals/customer/22222222-2222-2222-2222-222222222222 - 500 null application/json 4.3535ms
2026-02-04 23:25:22.474 +05:30 [INF] Request starting HTTP/1.1 GET http://localhost:5000/api/Rentals/customer/22222222-2222-2222-2222-222222222222 - null null
2026-02-04 23:25:22.474 +05:30 [INF] Executing endpoint 'CarRental.API.Controllers.RentalsController.GetByCustomer (CarRental.API)'
2026-02-04 23:25:22.474 +05:30 [INF] Route matched with {action = "GetByCustomer", controller = "Rentals"}. Executing controller action with signature System.Threading.Tasks.Task`1[Microsoft.AspNetCore.Mvc.IActionResult] GetByCustomer(System.Guid, System.Threading.CancellationToken) on controller CarRental.API.Controllers.RentalsController (CarRental.API).
2026-02-04 23:25:22.474 +05:30 [INF] Getting rentals for customer: "22222222-2222-2222-2222-222222222222"
2026-02-04 23:25:22.475 +05:30 [ERR] Failed executing DbCommand (0ms) [Parameters=[@__customerId_0='?' (DbType = Guid)], CommandType='"Text"', CommandTimeout='30']
SELECT "r"."Id", "r"."ActualReturnDate", "r"."CarId", "r"."CreatedAt", "r"."CreatedBy", "r"."CustomerId", "r"."DailyRate", "r"."DamageCharges", "r"."DepositAmount", "r"."DepositReturned", "r"."EndDate", "r"."LateFee", "r"."Notes", "r"."OdometerAtPickup", "r"."OdometerAtReturn", "r"."PickupLocation", "r"."ReturnLocation", "r"."StartDate", "r"."Status", "r"."TotalCost", "r"."UpdatedAt", "r"."UpdatedBy", "c"."Id", "c"."Category", "c"."Color", "c"."CreatedAt", "c"."CreatedBy", "c"."DailyRate", "c"."Description", "c"."FuelType", "c"."HasAirConditioning", "c"."HasGPS", "c"."ImageUrl", "c"."LastMaintenanceDate", "c"."LicensePlate", "c"."Make", "c"."Mileage", "c"."Model", "c"."NextMaintenanceDate", "c"."SeatingCapacity", "c"."Status", "c"."Transmission", "c"."UpdatedAt", "c"."UpdatedBy", "c"."Year", "u"."Id", "u"."City", "u"."Country", "u"."CreatedAt", "u"."CreatedBy", "u"."DateOfBirth", "u"."DriversLicenseExpiry", "u"."DriversLicenseNumber", "u"."Email", "u"."FirstName", "u"."IsActive", "u"."LastLoginAt", "u"."LastName", "u"."PasswordHash", "u"."PhoneNumber", "u"."PostalCode", "u"."Role", "u"."State", "u"."Street", "u"."UpdatedAt", "u"."UpdatedBy"
FROM "Rentals" AS "r"
INNER JOIN "Cars" AS "c" ON "r"."CarId" = "c"."Id"
INNER JOIN "Users" AS "u" ON "r"."CustomerId" = "u"."Id"
WHERE "r"."CustomerId" = @__customerId_0
ORDER BY "r"."CreatedAt" DESC
2026-02-04 23:25:22.476 +05:30 [ERR] An exception occurred while iterating over the results of a query for context type 'CarRental.Infrastructure.Data.CarRentalDbContext'.
Microsoft.Data.Sqlite.SqliteException (0x80004005): SQLite Error 1: 'no such column: r.DepositAmount'.
   at Microsoft.Data.Sqlite.SqliteException.ThrowExceptionForRC(Int32 rc, sqlite3 db)
   at Microsoft.Data.Sqlite.SqliteCommand.PrepareAndEnumerateStatements()+MoveNext()
   at Microsoft.Data.Sqlite.SqliteCommand.GetStatements()+MoveNext()
   at Microsoft.Data.Sqlite.SqliteDataReader.NextResult()
   at Microsoft.Data.Sqlite.SqliteCommand.ExecuteReader(CommandBehavior behavior)
   at Microsoft.Data.Sqlite.SqliteCommand.ExecuteReaderAsync(CommandBehavior behavior, CancellationToken cancellationToken)
   at Microsoft.Data.Sqlite.SqliteCommand.ExecuteDbDataReaderAsync(CommandBehavior behavior, CancellationToken cancellationToken)
   at Microsoft.EntityFrameworkCore.Storage.RelationalCommand.ExecuteReaderAsync(RelationalCommandParameterObject parameterObject, CancellationToken cancellationToken)
   at Microsoft.EntityFrameworkCore.Storage.RelationalCommand.ExecuteReaderAsync(RelationalCommandParameterObject parameterObject, CancellationToken cancellationToken)
   at Microsoft.EntityFrameworkCore.Query.Internal.SingleQueryingEnumerable`1.AsyncEnumerator.InitializeReaderAsync(AsyncEnumerator enumerator, CancellationToken cancellationToken)
   at Microsoft.EntityFrameworkCore.Query.Internal.SingleQueryingEnumerable`1.AsyncEnumerator.MoveNextAsync()
Microsoft.Data.Sqlite.SqliteException (0x80004005): SQLite Error 1: 'no such column: r.DepositAmount'.
   at Microsoft.Data.Sqlite.SqliteException.ThrowExceptionForRC(Int32 rc, sqlite3 db)
   at Microsoft.Data.Sqlite.SqliteCommand.PrepareAndEnumerateStatements()+MoveNext()
   at Microsoft.Data.Sqlite.SqliteCommand.GetStatements()+MoveNext()
   at Microsoft.Data.Sqlite.SqliteDataReader.NextResult()
   at Microsoft.Data.Sqlite.SqliteCommand.ExecuteReader(CommandBehavior behavior)
   at Microsoft.Data.Sqlite.SqliteCommand.ExecuteReaderAsync(CommandBehavior behavior, CancellationToken cancellationToken)
   at Microsoft.Data.Sqlite.SqliteCommand.ExecuteDbDataReaderAsync(CommandBehavior behavior, CancellationToken cancellationToken)
   at Microsoft.EntityFrameworkCore.Storage.RelationalCommand.ExecuteReaderAsync(RelationalCommandParameterObject parameterObject, CancellationToken cancellationToken)
   at Microsoft.EntityFrameworkCore.Storage.RelationalCommand.ExecuteReaderAsync(RelationalCommandParameterObject parameterObject, CancellationToken cancellationToken)
   at Microsoft.EntityFrameworkCore.Query.Internal.SingleQueryingEnumerable`1.AsyncEnumerator.InitializeReaderAsync(AsyncEnumerator enumerator, CancellationToken cancellationToken)
   at Microsoft.EntityFrameworkCore.Query.Internal.SingleQueryingEnumerable`1.AsyncEnumerator.MoveNextAsync()
2026-02-04 23:25:22.476 +05:30 [INF] Executed action CarRental.API.Controllers.RentalsController.GetByCustomer (CarRental.API) in 1.9022ms
2026-02-04 23:25:22.476 +05:30 [INF] Executed endpoint 'CarRental.API.Controllers.RentalsController.GetByCustomer (CarRental.API)'
2026-02-04 23:25:22.476 +05:30 [ERR] Exception occurred: SQLite Error 1: 'no such column: r.DepositAmount'.
Microsoft.Data.Sqlite.SqliteException (0x80004005): SQLite Error 1: 'no such column: r.DepositAmount'.
   at Microsoft.Data.Sqlite.SqliteException.ThrowExceptionForRC(Int32 rc, sqlite3 db)
   at Microsoft.Data.Sqlite.SqliteCommand.PrepareAndEnumerateStatements()+MoveNext()
   at Microsoft.Data.Sqlite.SqliteCommand.GetStatements()+MoveNext()
   at Microsoft.Data.Sqlite.SqliteDataReader.NextResult()
   at Microsoft.Data.Sqlite.SqliteCommand.ExecuteReader(CommandBehavior behavior)
   at Microsoft.Data.Sqlite.SqliteCommand.ExecuteReaderAsync(CommandBehavior behavior, CancellationToken cancellationToken)
   at Microsoft.Data.Sqlite.SqliteCommand.ExecuteDbDataReaderAsync(CommandBehavior behavior, CancellationToken cancellationToken)
   at Microsoft.EntityFrameworkCore.Storage.RelationalCommand.ExecuteReaderAsync(RelationalCommandParameterObject parameterObject, CancellationToken cancellationToken)
   at Microsoft.EntityFrameworkCore.Storage.RelationalCommand.ExecuteReaderAsync(RelationalCommandParameterObject parameterObject, CancellationToken cancellationToken)
   at Microsoft.EntityFrameworkCore.Query.Internal.SingleQueryingEnumerable`1.AsyncEnumerator.InitializeReaderAsync(AsyncEnumerator enumerator, CancellationToken cancellationToken)
   at Microsoft.EntityFrameworkCore.Query.Internal.SingleQueryingEnumerable`1.AsyncEnumerator.MoveNextAsync()
   at Microsoft.EntityFrameworkCore.EntityFrameworkQueryableExtensions.ToListAsync[TSource](IQueryable`1 source, CancellationToken cancellationToken)
   at Microsoft.EntityFrameworkCore.EntityFrameworkQueryableExtensions.ToListAsync[TSource](IQueryable`1 source, CancellationToken cancellationToken)
   at CarRental.Infrastructure.Repositories.RentalRepository.GetRentalsByCustomerAsync(Guid customerId, CancellationToken cancellationToken) in /Users/prashantkumar/Desktop/CarRental-backend/backend/src/CarRental.Infrastructure/Repositories/RentalRepository.cs:line 20
   at CarRental.Application.Services.RentalService.GetByCustomerAsync(Guid customerId, CancellationToken cancellationToken) in /Users/prashantkumar/Desktop/CarRental-backend/backend/src/CarRental.Application/Services/RentalService.cs:line 41
   at CarRental.API.Controllers.RentalsController.GetByCustomer(Guid customerId, CancellationToken cancellationToken) in /Users/prashantkumar/Desktop/CarRental-backend/backend/src/CarRental.API/Controllers/RentalsController.cs:line 58
   at Microsoft.AspNetCore.Mvc.Infrastructure.ActionMethodExecutor.TaskOfIActionResultExecutor.Execute(ActionContext actionContext, IActionResultTypeMapper mapper, ObjectMethodExecutor executor, Object controller, Object[] arguments)
   at Microsoft.AspNetCore.Mvc.Infrastructure.ControllerActionInvoker.<InvokeActionMethodAsync>g__Awaited|12_0(ControllerActionInvoker invoker, ValueTask`1 actionResultValueTask)
   at Microsoft.AspNetCore.Mvc.Infrastructure.ControllerActionInvoker.<InvokeNextActionFilterAsync>g__Awaited|10_0(ControllerActionInvoker invoker, Task lastTask, State next, Scope scope, Object state, Boolean isCompleted)
   at Microsoft.AspNetCore.Mvc.Infrastructure.ControllerActionInvoker.Rethrow(ActionExecutedContextSealed context)
   at Microsoft.AspNetCore.Mvc.Infrastructure.ControllerActionInvoker.Next(State& next, Scope& scope, Object& state, Boolean& isCompleted)
   at Microsoft.AspNetCore.Mvc.Infrastructure.ControllerActionInvoker.InvokeInnerFilterAsync()
--- End of stack trace from previous location ---
   at Microsoft.AspNetCore.Mvc.Infrastructure.ResourceInvoker.<InvokeFilterPipelineAsync>g__Awaited|20_0(ResourceInvoker invoker, Task lastTask, State next, Scope scope, Object state, Boolean isCompleted)
   at Microsoft.AspNetCore.Mvc.Infrastructure.ResourceInvoker.<InvokeAsync>g__Logged|17_1(ResourceInvoker invoker)
   at Microsoft.AspNetCore.Mvc.Infrastructure.ResourceInvoker.<InvokeAsync>g__Logged|17_1(ResourceInvoker invoker)
   at Microsoft.AspNetCore.Routing.EndpointMiddleware.<Invoke>g__AwaitRequestTask|7_0(Endpoint endpoint, Task requestTask, ILogger logger)
   at Microsoft.AspNetCore.Authorization.AuthorizationMiddleware.Invoke(HttpContext context)
   at Microsoft.AspNetCore.Authentication.AuthenticationMiddleware.Invoke(HttpContext context)
   at CarRental.API.Middleware.GlobalExceptionHandler.InvokeAsync(HttpContext context) in /Users/prashantkumar/Desktop/CarRental-backend/backend/src/CarRental.API/Middleware/GlobalExceptionHandler.cs:line 27
2026-02-04 23:25:22.477 +05:30 [INF] Request finished HTTP/1.1 GET http://localhost:5000/api/Rentals/customer/22222222-2222-2222-2222-222222222222 - 500 null application/json 3.7218ms
2026-02-04 23:25:25.416 +05:30 [INF] Request starting HTTP/1.1 GET http://localhost:5000/api/Cars - null null
2026-02-04 23:25:25.417 +05:30 [INF] Executing endpoint 'CarRental.API.Controllers.CarsController.GetAll (CarRental.API)'
2026-02-04 23:25:25.417 +05:30 [INF] Route matched with {action = "GetAll", controller = "Cars"}. Executing controller action with signature System.Threading.Tasks.Task`1[Microsoft.AspNetCore.Mvc.IActionResult] GetAll(System.Threading.CancellationToken) on controller CarRental.API.Controllers.CarsController (CarRental.API).
2026-02-04 23:25:25.418 +05:30 [INF] Getting all cars
2026-02-04 23:25:25.419 +05:30 [ERR] Failed executing DbCommand (0ms) [Parameters=[], CommandType='"Text"', CommandTimeout='30']
SELECT "c"."Id", "c"."Category", "c"."Color", "c"."CreatedAt", "c"."CreatedBy", "c"."DailyRate", "c"."Description", "c"."FuelType", "c"."HasAirConditioning", "c"."HasGPS", "c"."ImageUrl", "c"."LastMaintenanceDate", "c"."LicensePlate", "c"."Make", "c"."Mileage", "c"."Model", "c"."NextMaintenanceDate", "c"."SeatingCapacity", "c"."Status", "c"."Transmission", "c"."UpdatedAt", "c"."UpdatedBy", "c"."Year"
FROM "Cars" AS "c"
2026-02-04 23:25:25.420 +05:30 [ERR] An exception occurred while iterating over the results of a query for context type 'CarRental.Infrastructure.Data.CarRentalDbContext'.
Microsoft.Data.Sqlite.SqliteException (0x80004005): SQLite Error 1: 'no such column: c.LastMaintenanceDate'.
   at Microsoft.Data.Sqlite.SqliteException.ThrowExceptionForRC(Int32 rc, sqlite3 db)
   at Microsoft.Data.Sqlite.SqliteCommand.PrepareAndEnumerateStatements()+MoveNext()
   at Microsoft.Data.Sqlite.SqliteCommand.GetStatements()+MoveNext()
   at Microsoft.Data.Sqlite.SqliteDataReader.NextResult()
   at Microsoft.Data.Sqlite.SqliteCommand.ExecuteReader(CommandBehavior behavior)
   at Microsoft.Data.Sqlite.SqliteCommand.ExecuteReaderAsync(CommandBehavior behavior, CancellationToken cancellationToken)
   at Microsoft.Data.Sqlite.SqliteCommand.ExecuteDbDataReaderAsync(CommandBehavior behavior, CancellationToken cancellationToken)
   at Microsoft.EntityFrameworkCore.Storage.RelationalCommand.ExecuteReaderAsync(RelationalCommandParameterObject parameterObject, CancellationToken cancellationToken)
   at Microsoft.EntityFrameworkCore.Storage.RelationalCommand.ExecuteReaderAsync(RelationalCommandParameterObject parameterObject, CancellationToken cancellationToken)
   at Microsoft.EntityFrameworkCore.Query.Internal.SingleQueryingEnumerable`1.AsyncEnumerator.InitializeReaderAsync(AsyncEnumerator enumerator, CancellationToken cancellationToken)
   at Microsoft.EntityFrameworkCore.Query.Internal.SingleQueryingEnumerable`1.AsyncEnumerator.MoveNextAsync()
Microsoft.Data.Sqlite.SqliteException (0x80004005): SQLite Error 1: 'no such column: c.LastMaintenanceDate'.
   at Microsoft.Data.Sqlite.SqliteException.ThrowExceptionForRC(Int32 rc, sqlite3 db)
   at Microsoft.Data.Sqlite.SqliteCommand.PrepareAndEnumerateStatements()+MoveNext()
   at Microsoft.Data.Sqlite.SqliteCommand.GetStatements()+MoveNext()
   at Microsoft.Data.Sqlite.SqliteDataReader.NextResult()
   at Microsoft.Data.Sqlite.SqliteCommand.ExecuteReader(CommandBehavior behavior)
   at Microsoft.Data.Sqlite.SqliteCommand.ExecuteReaderAsync(CommandBehavior behavior, CancellationToken cancellationToken)
   at Microsoft.Data.Sqlite.SqliteCommand.ExecuteDbDataReaderAsync(CommandBehavior behavior, CancellationToken cancellationToken)
   at Microsoft.EntityFrameworkCore.Storage.RelationalCommand.ExecuteReaderAsync(RelationalCommandParameterObject parameterObject, CancellationToken cancellationToken)
   at Microsoft.EntityFrameworkCore.Storage.RelationalCommand.ExecuteReaderAsync(RelationalCommandParameterObject parameterObject, CancellationToken cancellationToken)
   at Microsoft.EntityFrameworkCore.Query.Internal.SingleQueryingEnumerable`1.AsyncEnumerator.InitializeReaderAsync(AsyncEnumerator enumerator, CancellationToken cancellationToken)
   at Microsoft.EntityFrameworkCore.Query.Internal.SingleQueryingEnumerable`1.AsyncEnumerator.MoveNextAsync()
2026-02-04 23:25:25.422 +05:30 [INF] Executed action CarRental.API.Controllers.CarsController.GetAll (CarRental.API) in 5.2732ms
2026-02-04 23:25:25.423 +05:30 [INF] Executed endpoint 'CarRental.API.Controllers.CarsController.GetAll (CarRental.API)'
2026-02-04 23:25:25.423 +05:30 [ERR] Exception occurred: SQLite Error 1: 'no such column: c.LastMaintenanceDate'.
Microsoft.Data.Sqlite.SqliteException (0x80004005): SQLite Error 1: 'no such column: c.LastMaintenanceDate'.
   at Microsoft.Data.Sqlite.SqliteException.ThrowExceptionForRC(Int32 rc, sqlite3 db)
   at Microsoft.Data.Sqlite.SqliteCommand.PrepareAndEnumerateStatements()+MoveNext()
   at Microsoft.Data.Sqlite.SqliteCommand.GetStatements()+MoveNext()
   at Microsoft.Data.Sqlite.SqliteDataReader.NextResult()
   at Microsoft.Data.Sqlite.SqliteCommand.ExecuteReader(CommandBehavior behavior)
   at Microsoft.Data.Sqlite.SqliteCommand.ExecuteReaderAsync(CommandBehavior behavior, CancellationToken cancellationToken)
   at Microsoft.Data.Sqlite.SqliteCommand.ExecuteDbDataReaderAsync(CommandBehavior behavior, CancellationToken cancellationToken)
   at Microsoft.EntityFrameworkCore.Storage.RelationalCommand.ExecuteReaderAsync(RelationalCommandParameterObject parameterObject, CancellationToken cancellationToken)
   at Microsoft.EntityFrameworkCore.Storage.RelationalCommand.ExecuteReaderAsync(RelationalCommandParameterObject parameterObject, CancellationToken cancellationToken)
   at Microsoft.EntityFrameworkCore.Query.Internal.SingleQueryingEnumerable`1.AsyncEnumerator.InitializeReaderAsync(AsyncEnumerator enumerator, CancellationToken cancellationToken)
   at Microsoft.EntityFrameworkCore.Query.Internal.SingleQueryingEnumerable`1.AsyncEnumerator.MoveNextAsync()
   at Microsoft.EntityFrameworkCore.EntityFrameworkQueryableExtensions.ToListAsync[TSource](IQueryable`1 source, CancellationToken cancellationToken)
   at Microsoft.EntityFrameworkCore.EntityFrameworkQueryableExtensions.ToListAsync[TSource](IQueryable`1 source, CancellationToken cancellationToken)
   at CarRental.Infrastructure.Repositories.Repository`1.GetAllAsync(CancellationToken cancellationToken) in /Users/prashantkumar/Desktop/CarRental-backend/backend/src/CarRental.Infrastructure/Repositories/Repository.cs:line 30
   at CarRental.Application.Services.CarService.GetAllAsync(CancellationToken cancellationToken) in /Users/prashantkumar/Desktop/CarRental-backend/backend/src/CarRental.Application/Services/CarService.cs:line 34
   at CarRental.API.Controllers.CarsController.GetAll(CancellationToken cancellationToken) in /Users/prashantkumar/Desktop/CarRental-backend/backend/src/CarRental.API/Controllers/CarsController.cs:line 31
   at Microsoft.AspNetCore.Mvc.Infrastructure.ActionMethodExecutor.TaskOfIActionResultExecutor.Execute(ActionContext actionContext, IActionResultTypeMapper mapper, ObjectMethodExecutor executor, Object controller, Object[] arguments)
   at Microsoft.AspNetCore.Mvc.Infrastructure.ControllerActionInvoker.<InvokeActionMethodAsync>g__Awaited|12_0(ControllerActionInvoker invoker, ValueTask`1 actionResultValueTask)
   at Microsoft.AspNetCore.Mvc.Infrastructure.ControllerActionInvoker.<InvokeNextActionFilterAsync>g__Awaited|10_0(ControllerActionInvoker invoker, Task lastTask, State next, Scope scope, Object state, Boolean isCompleted)
   at Microsoft.AspNetCore.Mvc.Infrastructure.ControllerActionInvoker.Rethrow(ActionExecutedContextSealed context)
   at Microsoft.AspNetCore.Mvc.Infrastructure.ControllerActionInvoker.Next(State& next, Scope& scope, Object& state, Boolean& isCompleted)
   at Microsoft.AspNetCore.Mvc.Infrastructure.ControllerActionInvoker.InvokeInnerFilterAsync()
--- End of stack trace from previous location ---
   at Microsoft.AspNetCore.Mvc.Infrastructure.ResourceInvoker.<InvokeFilterPipelineAsync>g__Awaited|20_0(ResourceInvoker invoker, Task lastTask, State next, Scope scope, Object state, Boolean isCompleted)
   at Microsoft.AspNetCore.Mvc.Infrastructure.ResourceInvoker.<InvokeAsync>g__Logged|17_1(ResourceInvoker invoker)
   at Microsoft.AspNetCore.Mvc.Infrastructure.ResourceInvoker.<InvokeAsync>g__Logged|17_1(ResourceInvoker invoker)
   at Microsoft.AspNetCore.Routing.EndpointMiddleware.<Invoke>g__AwaitRequestTask|7_0(Endpoint endpoint, Task requestTask, ILogger logger)
   at Microsoft.AspNetCore.Authorization.AuthorizationMiddleware.Invoke(HttpContext context)
   at Microsoft.AspNetCore.Authentication.AuthenticationMiddleware.Invoke(HttpContext context)
   at CarRental.API.Middleware.GlobalExceptionHandler.InvokeAsync(HttpContext context) in /Users/prashantkumar/Desktop/CarRental-backend/backend/src/CarRental.API/Middleware/GlobalExceptionHandler.cs:line 27
2026-02-04 23:25:25.426 +05:30 [INF] Request finished HTTP/1.1 GET http://localhost:5000/api/Cars - 500 null application/json 10.0805ms
2026-02-04 23:25:25.431 +05:30 [INF] Request starting HTTP/1.1 GET http://localhost:5000/api/Cars - null null
2026-02-04 23:25:25.432 +05:30 [INF] Executing endpoint 'CarRental.API.Controllers.CarsController.GetAll (CarRental.API)'
2026-02-04 23:25:25.432 +05:30 [INF] Route matched with {action = "GetAll", controller = "Cars"}. Executing controller action with signature System.Threading.Tasks.Task`1[Microsoft.AspNetCore.Mvc.IActionResult] GetAll(System.Threading.CancellationToken) on controller CarRental.API.Controllers.CarsController (CarRental.API).
2026-02-04 23:25:25.433 +05:30 [INF] Getting all cars
2026-02-04 23:25:25.434 +05:30 [ERR] Failed executing DbCommand (0ms) [Parameters=[], CommandType='"Text"', CommandTimeout='30']
SELECT "c"."Id", "c"."Category", "c"."Color", "c"."CreatedAt", "c"."CreatedBy", "c"."DailyRate", "c"."Description", "c"."FuelType", "c"."HasAirConditioning", "c"."HasGPS", "c"."ImageUrl", "c"."LastMaintenanceDate", "c"."LicensePlate", "c"."Make", "c"."Mileage", "c"."Model", "c"."NextMaintenanceDate", "c"."SeatingCapacity", "c"."Status", "c"."Transmission", "c"."UpdatedAt", "c"."UpdatedBy", "c"."Year"
FROM "Cars" AS "c"
2026-02-04 23:25:25.435 +05:30 [ERR] An exception occurred while iterating over the results of a query for context type 'CarRental.Infrastructure.Data.CarRentalDbContext'.
Microsoft.Data.Sqlite.SqliteException (0x80004005): SQLite Error 1: 'no such column: c.LastMaintenanceDate'.
   at Microsoft.Data.Sqlite.SqliteException.ThrowExceptionForRC(Int32 rc, sqlite3 db)
   at Microsoft.Data.Sqlite.SqliteCommand.PrepareAndEnumerateStatements()+MoveNext()
   at Microsoft.Data.Sqlite.SqliteCommand.GetStatements()+MoveNext()
   at Microsoft.Data.Sqlite.SqliteDataReader.NextResult()
   at Microsoft.Data.Sqlite.SqliteCommand.ExecuteReader(CommandBehavior behavior)
   at Microsoft.Data.Sqlite.SqliteCommand.ExecuteReaderAsync(CommandBehavior behavior, CancellationToken cancellationToken)
   at Microsoft.Data.Sqlite.SqliteCommand.ExecuteDbDataReaderAsync(CommandBehavior behavior, CancellationToken cancellationToken)
   at Microsoft.EntityFrameworkCore.Storage.RelationalCommand.ExecuteReaderAsync(RelationalCommandParameterObject parameterObject, CancellationToken cancellationToken)
   at Microsoft.EntityFrameworkCore.Storage.RelationalCommand.ExecuteReaderAsync(RelationalCommandParameterObject parameterObject, CancellationToken cancellationToken)
   at Microsoft.EntityFrameworkCore.Query.Internal.SingleQueryingEnumerable`1.AsyncEnumerator.InitializeReaderAsync(AsyncEnumerator enumerator, CancellationToken cancellationToken)
   at Microsoft.EntityFrameworkCore.Query.Internal.SingleQueryingEnumerable`1.AsyncEnumerator.MoveNextAsync()
Microsoft.Data.Sqlite.SqliteException (0x80004005): SQLite Error 1: 'no such column: c.LastMaintenanceDate'.
   at Microsoft.Data.Sqlite.SqliteException.ThrowExceptionForRC(Int32 rc, sqlite3 db)
   at Microsoft.Data.Sqlite.SqliteCommand.PrepareAndEnumerateStatements()+MoveNext()
   at Microsoft.Data.Sqlite.SqliteCommand.GetStatements()+MoveNext()
   at Microsoft.Data.Sqlite.SqliteDataReader.NextResult()
   at Microsoft.Data.Sqlite.SqliteCommand.ExecuteReader(CommandBehavior behavior)
   at Microsoft.Data.Sqlite.SqliteCommand.ExecuteReaderAsync(CommandBehavior behavior, CancellationToken cancellationToken)
   at Microsoft.Data.Sqlite.SqliteCommand.ExecuteDbDataReaderAsync(CommandBehavior behavior, CancellationToken cancellationToken)
   at Microsoft.EntityFrameworkCore.Storage.RelationalCommand.ExecuteReaderAsync(RelationalCommandParameterObject parameterObject, CancellationToken cancellationToken)
   at Microsoft.EntityFrameworkCore.Storage.RelationalCommand.ExecuteReaderAsync(RelationalCommandParameterObject parameterObject, CancellationToken cancellationToken)
   at Microsoft.EntityFrameworkCore.Query.Internal.SingleQueryingEnumerable`1.AsyncEnumerator.InitializeReaderAsync(AsyncEnumerator enumerator, CancellationToken cancellationToken)
   at Microsoft.EntityFrameworkCore.Query.Internal.SingleQueryingEnumerable`1.AsyncEnumerator.MoveNextAsync()
2026-02-04 23:25:25.436 +05:30 [INF] Executed action CarRental.API.Controllers.CarsController.GetAll (CarRental.API) in 3.8807ms
2026-02-04 23:25:25.436 +05:30 [INF] Executed endpoint 'CarRental.API.Controllers.CarsController.GetAll (CarRental.API)'
2026-02-04 23:25:25.437 +05:30 [ERR] Exception occurred: SQLite Error 1: 'no such column: c.LastMaintenanceDate'.
Microsoft.Data.Sqlite.SqliteException (0x80004005): SQLite Error 1: 'no such column: c.LastMaintenanceDate'.
   at Microsoft.Data.Sqlite.SqliteException.ThrowExceptionForRC(Int32 rc, sqlite3 db)
   at Microsoft.Data.Sqlite.SqliteCommand.PrepareAndEnumerateStatements()+MoveNext()
   at Microsoft.Data.Sqlite.SqliteCommand.GetStatements()+MoveNext()
   at Microsoft.Data.Sqlite.SqliteDataReader.NextResult()
   at Microsoft.Data.Sqlite.SqliteCommand.ExecuteReader(CommandBehavior behavior)
   at Microsoft.Data.Sqlite.SqliteCommand.ExecuteReaderAsync(CommandBehavior behavior, CancellationToken cancellationToken)
   at Microsoft.Data.Sqlite.SqliteCommand.ExecuteDbDataReaderAsync(CommandBehavior behavior, CancellationToken cancellationToken)
   at Microsoft.EntityFrameworkCore.Storage.RelationalCommand.ExecuteReaderAsync(RelationalCommandParameterObject parameterObject, CancellationToken cancellationToken)
   at Microsoft.EntityFrameworkCore.Storage.RelationalCommand.ExecuteReaderAsync(RelationalCommandParameterObject parameterObject, CancellationToken cancellationToken)
   at Microsoft.EntityFrameworkCore.Query.Internal.SingleQueryingEnumerable`1.AsyncEnumerator.InitializeReaderAsync(AsyncEnumerator enumerator, CancellationToken cancellationToken)
   at Microsoft.EntityFrameworkCore.Query.Internal.SingleQueryingEnumerable`1.AsyncEnumerator.MoveNextAsync()
   at Microsoft.EntityFrameworkCore.EntityFrameworkQueryableExtensions.ToListAsync[TSource](IQueryable`1 source, CancellationToken cancellationToken)
   at Microsoft.EntityFrameworkCore.EntityFrameworkQueryableExtensions.ToListAsync[TSource](IQueryable`1 source, CancellationToken cancellationToken)
   at CarRental.Infrastructure.Repositories.Repository`1.GetAllAsync(CancellationToken cancellationToken) in /Users/prashantkumar/Desktop/CarRental-backend/backend/src/CarRental.Infrastructure/Repositories/Repository.cs:line 30
   at CarRental.Application.Services.CarService.GetAllAsync(CancellationToken cancellationToken) in /Users/prashantkumar/Desktop/CarRental-backend/backend/src/CarRental.Application/Services/CarService.cs:line 34
   at CarRental.API.Controllers.CarsController.GetAll(CancellationToken cancellationToken) in /Users/prashantkumar/Desktop/CarRental-backend/backend/src/CarRental.API/Controllers/CarsController.cs:line 31
   at Microsoft.AspNetCore.Mvc.Infrastructure.ActionMethodExecutor.TaskOfIActionResultExecutor.Execute(ActionContext actionContext, IActionResultTypeMapper mapper, ObjectMethodExecutor executor, Object controller, Object[] arguments)
   at Microsoft.AspNetCore.Mvc.Infrastructure.ControllerActionInvoker.<InvokeActionMethodAsync>g__Awaited|12_0(ControllerActionInvoker invoker, ValueTask`1 actionResultValueTask)
   at Microsoft.AspNetCore.Mvc.Infrastructure.ControllerActionInvoker.<InvokeNextActionFilterAsync>g__Awaited|10_0(ControllerActionInvoker invoker, Task lastTask, State next, Scope scope, Object state, Boolean isCompleted)
   at Microsoft.AspNetCore.Mvc.Infrastructure.ControllerActionInvoker.Rethrow(ActionExecutedContextSealed context)
   at Microsoft.AspNetCore.Mvc.Infrastructure.ControllerActionInvoker.Next(State& next, Scope& scope, Object& state, Boolean& isCompleted)
   at Microsoft.AspNetCore.Mvc.Infrastructure.ControllerActionInvoker.InvokeInnerFilterAsync()
--- End of stack trace from previous location ---
   at Microsoft.AspNetCore.Mvc.Infrastructure.ResourceInvoker.<InvokeFilterPipelineAsync>g__Awaited|20_0(ResourceInvoker invoker, Task lastTask, State next, Scope scope, Object state, Boolean isCompleted)
   at Microsoft.AspNetCore.Mvc.Infrastructure.ResourceInvoker.<InvokeAsync>g__Logged|17_1(ResourceInvoker invoker)
   at Microsoft.AspNetCore.Mvc.Infrastructure.ResourceInvoker.<InvokeAsync>g__Logged|17_1(ResourceInvoker invoker)
   at Microsoft.AspNetCore.Routing.EndpointMiddleware.<Invoke>g__AwaitRequestTask|7_0(Endpoint endpoint, Task requestTask, ILogger logger)
   at Microsoft.AspNetCore.Authorization.AuthorizationMiddleware.Invoke(HttpContext context)
   at Microsoft.AspNetCore.Authentication.AuthenticationMiddleware.Invoke(HttpContext context)
   at CarRental.API.Middleware.GlobalExceptionHandler.InvokeAsync(HttpContext context) in /Users/prashantkumar/Desktop/CarRental-backend/backend/src/CarRental.API/Middleware/GlobalExceptionHandler.cs:line 27
2026-02-04 23:25:25.439 +05:30 [INF] Request finished HTTP/1.1 GET http://localhost:5000/api/Cars - 500 null application/json 8.4618ms
2026-02-04 23:25:28.773 +05:30 [INF] Request starting HTTP/1.1 GET http://localhost:5000/api/Cars - null null
2026-02-04 23:25:28.775 +05:30 [INF] Executing endpoint 'CarRental.API.Controllers.CarsController.GetAll (CarRental.API)'
2026-02-04 23:25:28.775 +05:30 [INF] Route matched with {action = "GetAll", controller = "Cars"}. Executing controller action with signature System.Threading.Tasks.Task`1[Microsoft.AspNetCore.Mvc.IActionResult] GetAll(System.Threading.CancellationToken) on controller CarRental.API.Controllers.CarsController (CarRental.API).
2026-02-04 23:25:28.776 +05:30 [INF] Getting all cars
2026-02-04 23:25:28.777 +05:30 [ERR] Failed executing DbCommand (0ms) [Parameters=[], CommandType='"Text"', CommandTimeout='30']
SELECT "c"."Id", "c"."Category", "c"."Color", "c"."CreatedAt", "c"."CreatedBy", "c"."DailyRate", "c"."Description", "c"."FuelType", "c"."HasAirConditioning", "c"."HasGPS", "c"."ImageUrl", "c"."LastMaintenanceDate", "c"."LicensePlate", "c"."Make", "c"."Mileage", "c"."Model", "c"."NextMaintenanceDate", "c"."SeatingCapacity", "c"."Status", "c"."Transmission", "c"."UpdatedAt", "c"."UpdatedBy", "c"."Year"
FROM "Cars" AS "c"
2026-02-04 23:25:28.778 +05:30 [ERR] An exception occurred while iterating over the results of a query for context type 'CarRental.Infrastructure.Data.CarRentalDbContext'.
Microsoft.Data.Sqlite.SqliteException (0x80004005): SQLite Error 1: 'no such column: c.LastMaintenanceDate'.
   at Microsoft.Data.Sqlite.SqliteException.ThrowExceptionForRC(Int32 rc, sqlite3 db)
   at Microsoft.Data.Sqlite.SqliteCommand.PrepareAndEnumerateStatements()+MoveNext()
   at Microsoft.Data.Sqlite.SqliteCommand.GetStatements()+MoveNext()
   at Microsoft.Data.Sqlite.SqliteDataReader.NextResult()
   at Microsoft.Data.Sqlite.SqliteCommand.ExecuteReader(CommandBehavior behavior)
   at Microsoft.Data.Sqlite.SqliteCommand.ExecuteReaderAsync(CommandBehavior behavior, CancellationToken cancellationToken)
   at Microsoft.Data.Sqlite.SqliteCommand.ExecuteDbDataReaderAsync(CommandBehavior behavior, CancellationToken cancellationToken)
   at Microsoft.EntityFrameworkCore.Storage.RelationalCommand.ExecuteReaderAsync(RelationalCommandParameterObject parameterObject, CancellationToken cancellationToken)
   at Microsoft.EntityFrameworkCore.Storage.RelationalCommand.ExecuteReaderAsync(RelationalCommandParameterObject parameterObject, CancellationToken cancellationToken)
   at Microsoft.EntityFrameworkCore.Query.Internal.SingleQueryingEnumerable`1.AsyncEnumerator.InitializeReaderAsync(AsyncEnumerator enumerator, CancellationToken cancellationToken)
   at Microsoft.EntityFrameworkCore.Query.Internal.SingleQueryingEnumerable`1.AsyncEnumerator.MoveNextAsync()
Microsoft.Data.Sqlite.SqliteException (0x80004005): SQLite Error 1: 'no such column: c.LastMaintenanceDate'.
   at Microsoft.Data.Sqlite.SqliteException.ThrowExceptionForRC(Int32 rc, sqlite3 db)
   at Microsoft.Data.Sqlite.SqliteCommand.PrepareAndEnumerateStatements()+MoveNext()
   at Microsoft.Data.Sqlite.SqliteCommand.GetStatements()+MoveNext()
   at Microsoft.Data.Sqlite.SqliteDataReader.NextResult()
   at Microsoft.Data.Sqlite.SqliteCommand.ExecuteReader(CommandBehavior behavior)
   at Microsoft.Data.Sqlite.SqliteCommand.ExecuteReaderAsync(CommandBehavior behavior, CancellationToken cancellationToken)
   at Microsoft.Data.Sqlite.SqliteCommand.ExecuteDbDataReaderAsync(CommandBehavior behavior, CancellationToken cancellationToken)
   at Microsoft.EntityFrameworkCore.Storage.RelationalCommand.ExecuteReaderAsync(RelationalCommandParameterObject parameterObject, CancellationToken cancellationToken)
   at Microsoft.EntityFrameworkCore.Storage.RelationalCommand.ExecuteReaderAsync(RelationalCommandParameterObject parameterObject, CancellationToken cancellationToken)
   at Microsoft.EntityFrameworkCore.Query.Internal.SingleQueryingEnumerable`1.AsyncEnumerator.InitializeReaderAsync(AsyncEnumerator enumerator, CancellationToken cancellationToken)
   at Microsoft.EntityFrameworkCore.Query.Internal.SingleQueryingEnumerable`1.AsyncEnumerator.MoveNextAsync()
2026-02-04 23:25:28.780 +05:30 [INF] Executed action CarRental.API.Controllers.CarsController.GetAll (CarRental.API) in 4.61ms
2026-02-04 23:25:28.780 +05:30 [INF] Executed endpoint 'CarRental.API.Controllers.CarsController.GetAll (CarRental.API)'
2026-02-04 23:25:28.781 +05:30 [ERR] Exception occurred: SQLite Error 1: 'no such column: c.LastMaintenanceDate'.
Microsoft.Data.Sqlite.SqliteException (0x80004005): SQLite Error 1: 'no such column: c.LastMaintenanceDate'.
   at Microsoft.Data.Sqlite.SqliteException.ThrowExceptionForRC(Int32 rc, sqlite3 db)
   at Microsoft.Data.Sqlite.SqliteCommand.PrepareAndEnumerateStatements()+MoveNext()
   at Microsoft.Data.Sqlite.SqliteCommand.GetStatements()+MoveNext()
   at Microsoft.Data.Sqlite.SqliteDataReader.NextResult()
   at Microsoft.Data.Sqlite.SqliteCommand.ExecuteReader(CommandBehavior behavior)
   at Microsoft.Data.Sqlite.SqliteCommand.ExecuteReaderAsync(CommandBehavior behavior, CancellationToken cancellationToken)
   at Microsoft.Data.Sqlite.SqliteCommand.ExecuteDbDataReaderAsync(CommandBehavior behavior, CancellationToken cancellationToken)
   at Microsoft.EntityFrameworkCore.Storage.RelationalCommand.ExecuteReaderAsync(RelationalCommandParameterObject parameterObject, CancellationToken cancellationToken)
   at Microsoft.EntityFrameworkCore.Storage.RelationalCommand.ExecuteReaderAsync(RelationalCommandParameterObject parameterObject, CancellationToken cancellationToken)
   at Microsoft.EntityFrameworkCore.Query.Internal.SingleQueryingEnumerable`1.AsyncEnumerator.InitializeReaderAsync(AsyncEnumerator enumerator, CancellationToken cancellationToken)
   at Microsoft.EntityFrameworkCore.Query.Internal.SingleQueryingEnumerable`1.AsyncEnumerator.MoveNextAsync()
   at Microsoft.EntityFrameworkCore.EntityFrameworkQueryableExtensions.ToListAsync[TSource](IQueryable`1 source, CancellationToken cancellationToken)
   at Microsoft.EntityFrameworkCore.EntityFrameworkQueryableExtensions.ToListAsync[TSource](IQueryable`1 source, CancellationToken cancellationToken)
   at CarRental.Infrastructure.Repositories.Repository`1.GetAllAsync(CancellationToken cancellationToken) in /Users/prashantkumar/Desktop/CarRental-backend/backend/src/CarRental.Infrastructure/Repositories/Repository.cs:line 30
   at CarRental.Application.Services.CarService.GetAllAsync(CancellationToken cancellationToken) in /Users/prashantkumar/Desktop/CarRental-backend/backend/src/CarRental.Application/Services/CarService.cs:line 34
   at CarRental.API.Controllers.CarsController.GetAll(CancellationToken cancellationToken) in /Users/prashantkumar/Desktop/CarRental-backend/backend/src/CarRental.API/Controllers/CarsController.cs:line 31
   at Microsoft.AspNetCore.Mvc.Infrastructure.ActionMethodExecutor.TaskOfIActionResultExecutor.Execute(ActionContext actionContext, IActionResultTypeMapper mapper, ObjectMethodExecutor executor, Object controller, Object[] arguments)
   at Microsoft.AspNetCore.Mvc.Infrastructure.ControllerActionInvoker.<InvokeActionMethodAsync>g__Awaited|12_0(ControllerActionInvoker invoker, ValueTask`1 actionResultValueTask)
   at Microsoft.AspNetCore.Mvc.Infrastructure.ControllerActionInvoker.<InvokeNextActionFilterAsync>g__Awaited|10_0(ControllerActionInvoker invoker, Task lastTask, State next, Scope scope, Object state, Boolean isCompleted)
   at Microsoft.AspNetCore.Mvc.Infrastructure.ControllerActionInvoker.Rethrow(ActionExecutedContextSealed context)
   at Microsoft.AspNetCore.Mvc.Infrastructure.ControllerActionInvoker.Next(State& next, Scope& scope, Object& state, Boolean& isCompleted)
   at Microsoft.AspNetCore.Mvc.Infrastructure.ControllerActionInvoker.InvokeInnerFilterAsync()
--- End of stack trace from previous location ---
   at Microsoft.AspNetCore.Mvc.Infrastructure.ResourceInvoker.<InvokeFilterPipelineAsync>g__Awaited|20_0(ResourceInvoker invoker, Task lastTask, State next, Scope scope, Object state, Boolean isCompleted)
   at Microsoft.AspNetCore.Mvc.Infrastructure.ResourceInvoker.<InvokeAsync>g__Logged|17_1(ResourceInvoker invoker)
   at Microsoft.AspNetCore.Mvc.Infrastructure.ResourceInvoker.<InvokeAsync>g__Logged|17_1(ResourceInvoker invoker)
   at Microsoft.AspNetCore.Routing.EndpointMiddleware.<Invoke>g__AwaitRequestTask|7_0(Endpoint endpoint, Task requestTask, ILogger logger)
   at Microsoft.AspNetCore.Authorization.AuthorizationMiddleware.Invoke(HttpContext context)
   at Microsoft.AspNetCore.Authentication.AuthenticationMiddleware.Invoke(HttpContext context)
   at CarRental.API.Middleware.GlobalExceptionHandler.InvokeAsync(HttpContext context) in /Users/prashantkumar/Desktop/CarRental-backend/backend/src/CarRental.API/Middleware/GlobalExceptionHandler.cs:line 27
2026-02-04 23:25:28.785 +05:30 [INF] Request finished HTTP/1.1 GET http://localhost:5000/api/Cars - 500 null application/json 11.9808ms
2026-02-04 23:25:28.788 +05:30 [INF] Request starting HTTP/1.1 GET http://localhost:5000/api/Cars - null null
2026-02-04 23:25:28.789 +05:30 [INF] Executing endpoint 'CarRental.API.Controllers.CarsController.GetAll (CarRental.API)'
2026-02-04 23:25:28.789 +05:30 [INF] Route matched with {action = "GetAll", controller = "Cars"}. Executing controller action with signature System.Threading.Tasks.Task`1[Microsoft.AspNetCore.Mvc.IActionResult] GetAll(System.Threading.CancellationToken) on controller CarRental.API.Controllers.CarsController (CarRental.API).
2026-02-04 23:25:28.790 +05:30 [INF] Getting all cars
2026-02-04 23:25:28.791 +05:30 [ERR] Failed executing DbCommand (0ms) [Parameters=[], CommandType='"Text"', CommandTimeout='30']
SELECT "c"."Id", "c"."Category", "c"."Color", "c"."CreatedAt", "c"."CreatedBy", "c"."DailyRate", "c"."Description", "c"."FuelType", "c"."HasAirConditioning", "c"."HasGPS", "c"."ImageUrl", "c"."LastMaintenanceDate", "c"."LicensePlate", "c"."Make", "c"."Mileage", "c"."Model", "c"."NextMaintenanceDate", "c"."SeatingCapacity", "c"."Status", "c"."Transmission", "c"."UpdatedAt", "c"."UpdatedBy", "c"."Year"
FROM "Cars" AS "c"
2026-02-04 23:25:28.792 +05:30 [ERR] An exception occurred while iterating over the results of a query for context type 'CarRental.Infrastructure.Data.CarRentalDbContext'.
Microsoft.Data.Sqlite.SqliteException (0x80004005): SQLite Error 1: 'no such column: c.LastMaintenanceDate'.
   at Microsoft.Data.Sqlite.SqliteException.ThrowExceptionForRC(Int32 rc, sqlite3 db)
   at Microsoft.Data.Sqlite.SqliteCommand.PrepareAndEnumerateStatements()+MoveNext()
   at Microsoft.Data.Sqlite.SqliteCommand.GetStatements()+MoveNext()
   at Microsoft.Data.Sqlite.SqliteDataReader.NextResult()
   at Microsoft.Data.Sqlite.SqliteCommand.ExecuteReader(CommandBehavior behavior)
   at Microsoft.Data.Sqlite.SqliteCommand.ExecuteReaderAsync(CommandBehavior behavior, CancellationToken cancellationToken)
   at Microsoft.Data.Sqlite.SqliteCommand.ExecuteDbDataReaderAsync(CommandBehavior behavior, CancellationToken cancellationToken)
   at Microsoft.EntityFrameworkCore.Storage.RelationalCommand.ExecuteReaderAsync(RelationalCommandParameterObject parameterObject, CancellationToken cancellationToken)
   at Microsoft.EntityFrameworkCore.Storage.RelationalCommand.ExecuteReaderAsync(RelationalCommandParameterObject parameterObject, CancellationToken cancellationToken)
   at Microsoft.EntityFrameworkCore.Query.Internal.SingleQueryingEnumerable`1.AsyncEnumerator.InitializeReaderAsync(AsyncEnumerator enumerator, CancellationToken cancellationToken)
   at Microsoft.EntityFrameworkCore.Query.Internal.SingleQueryingEnumerable`1.AsyncEnumerator.MoveNextAsync()
Microsoft.Data.Sqlite.SqliteException (0x80004005): SQLite Error 1: 'no such column: c.LastMaintenanceDate'.
   at Microsoft.Data.Sqlite.SqliteException.ThrowExceptionForRC(Int32 rc, sqlite3 db)
   at Microsoft.Data.Sqlite.SqliteCommand.PrepareAndEnumerateStatements()+MoveNext()
   at Microsoft.Data.Sqlite.SqliteCommand.GetStatements()+MoveNext()
   at Microsoft.Data.Sqlite.SqliteDataReader.NextResult()
   at Microsoft.Data.Sqlite.SqliteCommand.ExecuteReader(CommandBehavior behavior)
   at Microsoft.Data.Sqlite.SqliteCommand.ExecuteReaderAsync(CommandBehavior behavior, CancellationToken cancellationToken)
   at Microsoft.Data.Sqlite.SqliteCommand.ExecuteDbDataReaderAsync(CommandBehavior behavior, CancellationToken cancellationToken)
   at Microsoft.EntityFrameworkCore.Storage.RelationalCommand.ExecuteReaderAsync(RelationalCommandParameterObject parameterObject, CancellationToken cancellationToken)
   at Microsoft.EntityFrameworkCore.Storage.RelationalCommand.ExecuteReaderAsync(RelationalCommandParameterObject parameterObject, CancellationToken cancellationToken)
   at Microsoft.EntityFrameworkCore.Query.Internal.SingleQueryingEnumerable`1.AsyncEnumerator.InitializeReaderAsync(AsyncEnumerator enumerator, CancellationToken cancellationToken)
   at Microsoft.EntityFrameworkCore.Query.Internal.SingleQueryingEnumerable`1.AsyncEnumerator.MoveNextAsync()
2026-02-04 23:25:28.793 +05:30 [INF] Executed action CarRental.API.Controllers.CarsController.GetAll (CarRental.API) in 3.2847ms
2026-02-04 23:25:28.793 +05:30 [INF] Executed endpoint 'CarRental.API.Controllers.CarsController.GetAll (CarRental.API)'
2026-02-04 23:25:28.793 +05:30 [ERR] Exception occurred: SQLite Error 1: 'no such column: c.LastMaintenanceDate'.
Microsoft.Data.Sqlite.SqliteException (0x80004005): SQLite Error 1: 'no such column: c.LastMaintenanceDate'.
   at Microsoft.Data.Sqlite.SqliteException.ThrowExceptionForRC(Int32 rc, sqlite3 db)
   at Microsoft.Data.Sqlite.SqliteCommand.PrepareAndEnumerateStatements()+MoveNext()
   at Microsoft.Data.Sqlite.SqliteCommand.GetStatements()+MoveNext()
   at Microsoft.Data.Sqlite.SqliteDataReader.NextResult()
   at Microsoft.Data.Sqlite.SqliteCommand.ExecuteReader(CommandBehavior behavior)
   at Microsoft.Data.Sqlite.SqliteCommand.ExecuteReaderAsync(CommandBehavior behavior, CancellationToken cancellationToken)
   at Microsoft.Data.Sqlite.SqliteCommand.ExecuteDbDataReaderAsync(CommandBehavior behavior, CancellationToken cancellationToken)
   at Microsoft.EntityFrameworkCore.Storage.RelationalCommand.ExecuteReaderAsync(RelationalCommandParameterObject parameterObject, CancellationToken cancellationToken)
   at Microsoft.EntityFrameworkCore.Storage.RelationalCommand.ExecuteReaderAsync(RelationalCommandParameterObject parameterObject, CancellationToken cancellationToken)
   at Microsoft.EntityFrameworkCore.Query.Internal.SingleQueryingEnumerable`1.AsyncEnumerator.InitializeReaderAsync(AsyncEnumerator enumerator, CancellationToken cancellationToken)
   at Microsoft.EntityFrameworkCore.Query.Internal.SingleQueryingEnumerable`1.AsyncEnumerator.MoveNextAsync()
   at Microsoft.EntityFrameworkCore.EntityFrameworkQueryableExtensions.ToListAsync[TSource](IQueryable`1 source, CancellationToken cancellationToken)
   at Microsoft.EntityFrameworkCore.EntityFrameworkQueryableExtensions.ToListAsync[TSource](IQueryable`1 source, CancellationToken cancellationToken)
   at CarRental.Infrastructure.Repositories.Repository`1.GetAllAsync(CancellationToken cancellationToken) in /Users/prashantkumar/Desktop/CarRental-backend/backend/src/CarRental.Infrastructure/Repositories/Repository.cs:line 30
   at CarRental.Application.Services.CarService.GetAllAsync(CancellationToken cancellationToken) in /Users/prashantkumar/Desktop/CarRental-backend/backend/src/CarRental.Application/Services/CarService.cs:line 34
   at CarRental.API.Controllers.CarsController.GetAll(CancellationToken cancellationToken) in /Users/prashantkumar/Desktop/CarRental-backend/backend/src/CarRental.API/Controllers/CarsController.cs:line 31
   at Microsoft.AspNetCore.Mvc.Infrastructure.ActionMethodExecutor.TaskOfIActionResultExecutor.Execute(ActionContext actionContext, IActionResultTypeMapper mapper, ObjectMethodExecutor executor, Object controller, Object[] arguments)
   at Microsoft.AspNetCore.Mvc.Infrastructure.ControllerActionInvoker.<InvokeActionMethodAsync>g__Awaited|12_0(ControllerActionInvoker invoker, ValueTask`1 actionResultValueTask)
   at Microsoft.AspNetCore.Mvc.Infrastructure.ControllerActionInvoker.<InvokeNextActionFilterAsync>g__Awaited|10_0(ControllerActionInvoker invoker, Task lastTask, State next, Scope scope, Object state, Boolean isCompleted)
   at Microsoft.AspNetCore.Mvc.Infrastructure.ControllerActionInvoker.Rethrow(ActionExecutedContextSealed context)
   at Microsoft.AspNetCore.Mvc.Infrastructure.ControllerActionInvoker.Next(State& next, Scope& scope, Object& state, Boolean& isCompleted)
   at Microsoft.AspNetCore.Mvc.Infrastructure.ControllerActionInvoker.InvokeInnerFilterAsync()
--- End of stack trace from previous location ---
   at Microsoft.AspNetCore.Mvc.Infrastructure.ResourceInvoker.<InvokeFilterPipelineAsync>g__Awaited|20_0(ResourceInvoker invoker, Task lastTask, State next, Scope scope, Object state, Boolean isCompleted)
   at Microsoft.AspNetCore.Mvc.Infrastructure.ResourceInvoker.<InvokeAsync>g__Logged|17_1(ResourceInvoker invoker)
   at Microsoft.AspNetCore.Mvc.Infrastructure.ResourceInvoker.<InvokeAsync>g__Logged|17_1(ResourceInvoker invoker)
   at Microsoft.AspNetCore.Routing.EndpointMiddleware.<Invoke>g__AwaitRequestTask|7_0(Endpoint endpoint, Task requestTask, ILogger logger)
   at Microsoft.AspNetCore.Authorization.AuthorizationMiddleware.Invoke(HttpContext context)
   at Microsoft.AspNetCore.Authentication.AuthenticationMiddleware.Invoke(HttpContext context)
   at CarRental.API.Middleware.GlobalExceptionHandler.InvokeAsync(HttpContext context) in /Users/prashantkumar/Desktop/CarRental-backend/backend/src/CarRental.API/Middleware/GlobalExceptionHandler.cs:line 27
2026-02-04 23:25:28.796 +05:30 [INF] Request finished HTTP/1.1 GET http://localhost:5000/api/Cars - 500 null application/json 7.4474ms
2026-02-04 23:26:47.190 +05:30 [INF] Request starting HTTP/1.1 GET http://localhost:5000/api/Cars - null null
2026-02-04 23:26:47.191 +05:30 [INF] Executing endpoint 'CarRental.API.Controllers.CarsController.GetAll (CarRental.API)'
2026-02-04 23:26:47.192 +05:30 [INF] Route matched with {action = "GetAll", controller = "Cars"}. Executing controller action with signature System.Threading.Tasks.Task`1[Microsoft.AspNetCore.Mvc.IActionResult] GetAll(System.Threading.CancellationToken) on controller CarRental.API.Controllers.CarsController (CarRental.API).
2026-02-04 23:26:47.193 +05:30 [INF] Getting all cars
2026-02-04 23:26:47.194 +05:30 [ERR] Failed executing DbCommand (0ms) [Parameters=[], CommandType='"Text"', CommandTimeout='30']
SELECT "c"."Id", "c"."Category", "c"."Color", "c"."CreatedAt", "c"."CreatedBy", "c"."DailyRate", "c"."Description", "c"."FuelType", "c"."HasAirConditioning", "c"."HasGPS", "c"."ImageUrl", "c"."LastMaintenanceDate", "c"."LicensePlate", "c"."Make", "c"."Mileage", "c"."Model", "c"."NextMaintenanceDate", "c"."SeatingCapacity", "c"."Status", "c"."Transmission", "c"."UpdatedAt", "c"."UpdatedBy", "c"."Year"
FROM "Cars" AS "c"
2026-02-04 23:26:47.196 +05:30 [ERR] An exception occurred while iterating over the results of a query for context type 'CarRental.Infrastructure.Data.CarRentalDbContext'.
Microsoft.Data.Sqlite.SqliteException (0x80004005): SQLite Error 1: 'no such column: c.LastMaintenanceDate'.
   at Microsoft.Data.Sqlite.SqliteException.ThrowExceptionForRC(Int32 rc, sqlite3 db)
   at Microsoft.Data.Sqlite.SqliteCommand.PrepareAndEnumerateStatements()+MoveNext()
   at Microsoft.Data.Sqlite.SqliteCommand.GetStatements()+MoveNext()
   at Microsoft.Data.Sqlite.SqliteDataReader.NextResult()
   at Microsoft.Data.Sqlite.SqliteCommand.ExecuteReader(CommandBehavior behavior)
   at Microsoft.Data.Sqlite.SqliteCommand.ExecuteReaderAsync(CommandBehavior behavior, CancellationToken cancellationToken)
   at Microsoft.Data.Sqlite.SqliteCommand.ExecuteDbDataReaderAsync(CommandBehavior behavior, CancellationToken cancellationToken)
   at Microsoft.EntityFrameworkCore.Storage.RelationalCommand.ExecuteReaderAsync(RelationalCommandParameterObject parameterObject, CancellationToken cancellationToken)
   at Microsoft.EntityFrameworkCore.Storage.RelationalCommand.ExecuteReaderAsync(RelationalCommandParameterObject parameterObject, CancellationToken cancellationToken)
   at Microsoft.EntityFrameworkCore.Query.Internal.SingleQueryingEnumerable`1.AsyncEnumerator.InitializeReaderAsync(AsyncEnumerator enumerator, CancellationToken cancellationToken)
   at Microsoft.EntityFrameworkCore.Query.Internal.SingleQueryingEnumerable`1.AsyncEnumerator.MoveNextAsync()
Microsoft.Data.Sqlite.SqliteException (0x80004005): SQLite Error 1: 'no such column: c.LastMaintenanceDate'.
   at Microsoft.Data.Sqlite.SqliteException.ThrowExceptionForRC(Int32 rc, sqlite3 db)
   at Microsoft.Data.Sqlite.SqliteCommand.PrepareAndEnumerateStatements()+MoveNext()
   at Microsoft.Data.Sqlite.SqliteCommand.GetStatements()+MoveNext()
   at Microsoft.Data.Sqlite.SqliteDataReader.NextResult()
   at Microsoft.Data.Sqlite.SqliteCommand.ExecuteReader(CommandBehavior behavior)
   at Microsoft.Data.Sqlite.SqliteCommand.ExecuteReaderAsync(CommandBehavior behavior, CancellationToken cancellationToken)
   at Microsoft.Data.Sqlite.SqliteCommand.ExecuteDbDataReaderAsync(CommandBehavior behavior, CancellationToken cancellationToken)
   at Microsoft.EntityFrameworkCore.Storage.RelationalCommand.ExecuteReaderAsync(RelationalCommandParameterObject parameterObject, CancellationToken cancellationToken)
   at Microsoft.EntityFrameworkCore.Storage.RelationalCommand.ExecuteReaderAsync(RelationalCommandParameterObject parameterObject, CancellationToken cancellationToken)
   at Microsoft.EntityFrameworkCore.Query.Internal.SingleQueryingEnumerable`1.AsyncEnumerator.InitializeReaderAsync(AsyncEnumerator enumerator, CancellationToken cancellationToken)
   at Microsoft.EntityFrameworkCore.Query.Internal.SingleQueryingEnumerable`1.AsyncEnumerator.MoveNextAsync()
2026-02-04 23:26:47.199 +05:30 [INF] Executed action CarRental.API.Controllers.CarsController.GetAll (CarRental.API) in 6.9134ms
2026-02-04 23:26:47.199 +05:30 [INF] Executed endpoint 'CarRental.API.Controllers.CarsController.GetAll (CarRental.API)'
2026-02-04 23:26:47.200 +05:30 [ERR] Exception occurred: SQLite Error 1: 'no such column: c.LastMaintenanceDate'.
Microsoft.Data.Sqlite.SqliteException (0x80004005): SQLite Error 1: 'no such column: c.LastMaintenanceDate'.
   at Microsoft.Data.Sqlite.SqliteException.ThrowExceptionForRC(Int32 rc, sqlite3 db)
   at Microsoft.Data.Sqlite.SqliteCommand.PrepareAndEnumerateStatements()+MoveNext()
   at Microsoft.Data.Sqlite.SqliteCommand.GetStatements()+MoveNext()
   at Microsoft.Data.Sqlite.SqliteDataReader.NextResult()
   at Microsoft.Data.Sqlite.SqliteCommand.ExecuteReader(CommandBehavior behavior)
   at Microsoft.Data.Sqlite.SqliteCommand.ExecuteReaderAsync(CommandBehavior behavior, CancellationToken cancellationToken)
   at Microsoft.Data.Sqlite.SqliteCommand.ExecuteDbDataReaderAsync(CommandBehavior behavior, CancellationToken cancellationToken)
   at Microsoft.EntityFrameworkCore.Storage.RelationalCommand.ExecuteReaderAsync(RelationalCommandParameterObject parameterObject, CancellationToken cancellationToken)
   at Microsoft.EntityFrameworkCore.Storage.RelationalCommand.ExecuteReaderAsync(RelationalCommandParameterObject parameterObject, CancellationToken cancellationToken)
   at Microsoft.EntityFrameworkCore.Query.Internal.SingleQueryingEnumerable`1.AsyncEnumerator.InitializeReaderAsync(AsyncEnumerator enumerator, CancellationToken cancellationToken)
   at Microsoft.EntityFrameworkCore.Query.Internal.SingleQueryingEnumerable`1.AsyncEnumerator.MoveNextAsync()
   at Microsoft.EntityFrameworkCore.EntityFrameworkQueryableExtensions.ToListAsync[TSource](IQueryable`1 source, CancellationToken cancellationToken)
   at Microsoft.EntityFrameworkCore.EntityFrameworkQueryableExtensions.ToListAsync[TSource](IQueryable`1 source, CancellationToken cancellationToken)
   at CarRental.Infrastructure.Repositories.Repository`1.GetAllAsync(CancellationToken cancellationToken) in /Users/prashantkumar/Desktop/CarRental-backend/backend/src/CarRental.Infrastructure/Repositories/Repository.cs:line 30
   at CarRental.Application.Services.CarService.GetAllAsync(CancellationToken cancellationToken) in /Users/prashantkumar/Desktop/CarRental-backend/backend/src/CarRental.Application/Services/CarService.cs:line 34
   at CarRental.API.Controllers.CarsController.GetAll(CancellationToken cancellationToken) in /Users/prashantkumar/Desktop/CarRental-backend/backend/src/CarRental.API/Controllers/CarsController.cs:line 31
   at Microsoft.AspNetCore.Mvc.Infrastructure.ActionMethodExecutor.TaskOfIActionResultExecutor.Execute(ActionContext actionContext, IActionResultTypeMapper mapper, ObjectMethodExecutor executor, Object controller, Object[] arguments)
   at Microsoft.AspNetCore.Mvc.Infrastructure.ControllerActionInvoker.<InvokeActionMethodAsync>g__Awaited|12_0(ControllerActionInvoker invoker, ValueTask`1 actionResultValueTask)
   at Microsoft.AspNetCore.Mvc.Infrastructure.ControllerActionInvoker.<InvokeNextActionFilterAsync>g__Awaited|10_0(ControllerActionInvoker invoker, Task lastTask, State next, Scope scope, Object state, Boolean isCompleted)
   at Microsoft.AspNetCore.Mvc.Infrastructure.ControllerActionInvoker.Rethrow(ActionExecutedContextSealed context)
   at Microsoft.AspNetCore.Mvc.Infrastructure.ControllerActionInvoker.Next(State& next, Scope& scope, Object& state, Boolean& isCompleted)
   at Microsoft.AspNetCore.Mvc.Infrastructure.ControllerActionInvoker.InvokeInnerFilterAsync()
--- End of stack trace from previous location ---
   at Microsoft.AspNetCore.Mvc.Infrastructure.ResourceInvoker.<InvokeFilterPipelineAsync>g__Awaited|20_0(ResourceInvoker invoker, Task lastTask, State next, Scope scope, Object state, Boolean isCompleted)
   at Microsoft.AspNetCore.Mvc.Infrastructure.ResourceInvoker.<InvokeAsync>g__Logged|17_1(ResourceInvoker invoker)
   at Microsoft.AspNetCore.Mvc.Infrastructure.ResourceInvoker.<InvokeAsync>g__Logged|17_1(ResourceInvoker invoker)
   at Microsoft.AspNetCore.Routing.EndpointMiddleware.<Invoke>g__AwaitRequestTask|7_0(Endpoint endpoint, Task requestTask, ILogger logger)
   at Microsoft.AspNetCore.Authorization.AuthorizationMiddleware.Invoke(HttpContext context)
   at Microsoft.AspNetCore.Authentication.AuthenticationMiddleware.Invoke(HttpContext context)
   at CarRental.API.Middleware.GlobalExceptionHandler.InvokeAsync(HttpContext context) in /Users/prashantkumar/Desktop/CarRental-backend/backend/src/CarRental.API/Middleware/GlobalExceptionHandler.cs:line 27
2026-02-04 23:26:47.204 +05:30 [INF] Request finished HTTP/1.1 GET http://localhost:5000/api/Cars - 500 null application/json 13.7381ms
2026-02-04 23:26:47.208 +05:30 [INF] Request starting HTTP/1.1 GET http://localhost:5000/api/Cars - null null
2026-02-04 23:26:47.208 +05:30 [INF] Executing endpoint 'CarRental.API.Controllers.CarsController.GetAll (CarRental.API)'
2026-02-04 23:26:47.209 +05:30 [INF] Route matched with {action = "GetAll", controller = "Cars"}. Executing controller action with signature System.Threading.Tasks.Task`1[Microsoft.AspNetCore.Mvc.IActionResult] GetAll(System.Threading.CancellationToken) on controller CarRental.API.Controllers.CarsController (CarRental.API).
2026-02-04 23:26:47.209 +05:30 [INF] Getting all cars
2026-02-04 23:26:47.210 +05:30 [ERR] Failed executing DbCommand (0ms) [Parameters=[], CommandType='"Text"', CommandTimeout='30']
SELECT "c"."Id", "c"."Category", "c"."Color", "c"."CreatedAt", "c"."CreatedBy", "c"."DailyRate", "c"."Description", "c"."FuelType", "c"."HasAirConditioning", "c"."HasGPS", "c"."ImageUrl", "c"."LastMaintenanceDate", "c"."LicensePlate", "c"."Make", "c"."Mileage", "c"."Model", "c"."NextMaintenanceDate", "c"."SeatingCapacity", "c"."Status", "c"."Transmission", "c"."UpdatedAt", "c"."UpdatedBy", "c"."Year"
FROM "Cars" AS "c"
2026-02-04 23:26:47.211 +05:30 [ERR] An exception occurred while iterating over the results of a query for context type 'CarRental.Infrastructure.Data.CarRentalDbContext'.
Microsoft.Data.Sqlite.SqliteException (0x80004005): SQLite Error 1: 'no such column: c.LastMaintenanceDate'.
   at Microsoft.Data.Sqlite.SqliteException.ThrowExceptionForRC(Int32 rc, sqlite3 db)
   at Microsoft.Data.Sqlite.SqliteCommand.PrepareAndEnumerateStatements()+MoveNext()
   at Microsoft.Data.Sqlite.SqliteCommand.GetStatements()+MoveNext()
   at Microsoft.Data.Sqlite.SqliteDataReader.NextResult()
   at Microsoft.Data.Sqlite.SqliteCommand.ExecuteReader(CommandBehavior behavior)
   at Microsoft.Data.Sqlite.SqliteCommand.ExecuteReaderAsync(CommandBehavior behavior, CancellationToken cancellationToken)
   at Microsoft.Data.Sqlite.SqliteCommand.ExecuteDbDataReaderAsync(CommandBehavior behavior, CancellationToken cancellationToken)
   at Microsoft.EntityFrameworkCore.Storage.RelationalCommand.ExecuteReaderAsync(RelationalCommandParameterObject parameterObject, CancellationToken cancellationToken)
   at Microsoft.EntityFrameworkCore.Storage.RelationalCommand.ExecuteReaderAsync(RelationalCommandParameterObject parameterObject, CancellationToken cancellationToken)
   at Microsoft.EntityFrameworkCore.Query.Internal.SingleQueryingEnumerable`1.AsyncEnumerator.InitializeReaderAsync(AsyncEnumerator enumerator, CancellationToken cancellationToken)
   at Microsoft.EntityFrameworkCore.Query.Internal.SingleQueryingEnumerable`1.AsyncEnumerator.MoveNextAsync()
Microsoft.Data.Sqlite.SqliteException (0x80004005): SQLite Error 1: 'no such column: c.LastMaintenanceDate'.
   at Microsoft.Data.Sqlite.SqliteException.ThrowExceptionForRC(Int32 rc, sqlite3 db)
   at Microsoft.Data.Sqlite.SqliteCommand.PrepareAndEnumerateStatements()+MoveNext()
   at Microsoft.Data.Sqlite.SqliteCommand.GetStatements()+MoveNext()
   at Microsoft.Data.Sqlite.SqliteDataReader.NextResult()
   at Microsoft.Data.Sqlite.SqliteCommand.ExecuteReader(CommandBehavior behavior)
   at Microsoft.Data.Sqlite.SqliteCommand.ExecuteReaderAsync(CommandBehavior behavior, CancellationToken cancellationToken)
   at Microsoft.Data.Sqlite.SqliteCommand.ExecuteDbDataReaderAsync(CommandBehavior behavior, CancellationToken cancellationToken)
   at Microsoft.EntityFrameworkCore.Storage.RelationalCommand.ExecuteReaderAsync(RelationalCommandParameterObject parameterObject, CancellationToken cancellationToken)
   at Microsoft.EntityFrameworkCore.Storage.RelationalCommand.ExecuteReaderAsync(RelationalCommandParameterObject parameterObject, CancellationToken cancellationToken)
   at Microsoft.EntityFrameworkCore.Query.Internal.SingleQueryingEnumerable`1.AsyncEnumerator.InitializeReaderAsync(AsyncEnumerator enumerator, CancellationToken cancellationToken)
   at Microsoft.EntityFrameworkCore.Query.Internal.SingleQueryingEnumerable`1.AsyncEnumerator.MoveNextAsync()
2026-02-04 23:26:47.212 +05:30 [INF] Executed action CarRental.API.Controllers.CarsController.GetAll (CarRental.API) in 3.0698ms
2026-02-04 23:26:47.212 +05:30 [INF] Executed endpoint 'CarRental.API.Controllers.CarsController.GetAll (CarRental.API)'
2026-02-04 23:26:47.212 +05:30 [ERR] Exception occurred: SQLite Error 1: 'no such column: c.LastMaintenanceDate'.
Microsoft.Data.Sqlite.SqliteException (0x80004005): SQLite Error 1: 'no such column: c.LastMaintenanceDate'.
   at Microsoft.Data.Sqlite.SqliteException.ThrowExceptionForRC(Int32 rc, sqlite3 db)
   at Microsoft.Data.Sqlite.SqliteCommand.PrepareAndEnumerateStatements()+MoveNext()
   at Microsoft.Data.Sqlite.SqliteCommand.GetStatements()+MoveNext()
   at Microsoft.Data.Sqlite.SqliteDataReader.NextResult()
   at Microsoft.Data.Sqlite.SqliteCommand.ExecuteReader(CommandBehavior behavior)
   at Microsoft.Data.Sqlite.SqliteCommand.ExecuteReaderAsync(CommandBehavior behavior, CancellationToken cancellationToken)
   at Microsoft.Data.Sqlite.SqliteCommand.ExecuteDbDataReaderAsync(CommandBehavior behavior, CancellationToken cancellationToken)
   at Microsoft.EntityFrameworkCore.Storage.RelationalCommand.ExecuteReaderAsync(RelationalCommandParameterObject parameterObject, CancellationToken cancellationToken)
   at Microsoft.EntityFrameworkCore.Storage.RelationalCommand.ExecuteReaderAsync(RelationalCommandParameterObject parameterObject, CancellationToken cancellationToken)
   at Microsoft.EntityFrameworkCore.Query.Internal.SingleQueryingEnumerable`1.AsyncEnumerator.InitializeReaderAsync(AsyncEnumerator enumerator, CancellationToken cancellationToken)
   at Microsoft.EntityFrameworkCore.Query.Internal.SingleQueryingEnumerable`1.AsyncEnumerator.MoveNextAsync()
   at Microsoft.EntityFrameworkCore.EntityFrameworkQueryableExtensions.ToListAsync[TSource](IQueryable`1 source, CancellationToken cancellationToken)
   at Microsoft.EntityFrameworkCore.EntityFrameworkQueryableExtensions.ToListAsync[TSource](IQueryable`1 source, CancellationToken cancellationToken)
   at CarRental.Infrastructure.Repositories.Repository`1.GetAllAsync(CancellationToken cancellationToken) in /Users/prashantkumar/Desktop/CarRental-backend/backend/src/CarRental.Infrastructure/Repositories/Repository.cs:line 30
   at CarRental.Application.Services.CarService.GetAllAsync(CancellationToken cancellationToken) in /Users/prashantkumar/Desktop/CarRental-backend/backend/src/CarRental.Application/Services/CarService.cs:line 34
   at CarRental.API.Controllers.CarsController.GetAll(CancellationToken cancellationToken) in /Users/prashantkumar/Desktop/CarRental-backend/backend/src/CarRental.API/Controllers/CarsController.cs:line 31
   at Microsoft.AspNetCore.Mvc.Infrastructure.ActionMethodExecutor.TaskOfIActionResultExecutor.Execute(ActionContext actionContext, IActionResultTypeMapper mapper, ObjectMethodExecutor executor, Object controller, Object[] arguments)
   at Microsoft.AspNetCore.Mvc.Infrastructure.ControllerActionInvoker.<InvokeActionMethodAsync>g__Awaited|12_0(ControllerActionInvoker invoker, ValueTask`1 actionResultValueTask)
   at Microsoft.AspNetCore.Mvc.Infrastructure.ControllerActionInvoker.<InvokeNextActionFilterAsync>g__Awaited|10_0(ControllerActionInvoker invoker, Task lastTask, State next, Scope scope, Object state, Boolean isCompleted)
   at Microsoft.AspNetCore.Mvc.Infrastructure.ControllerActionInvoker.Rethrow(ActionExecutedContextSealed context)
   at Microsoft.AspNetCore.Mvc.Infrastructure.ControllerActionInvoker.Next(State& next, Scope& scope, Object& state, Boolean& isCompleted)
   at Microsoft.AspNetCore.Mvc.Infrastructure.ControllerActionInvoker.InvokeInnerFilterAsync()
--- End of stack trace from previous location ---
   at Microsoft.AspNetCore.Mvc.Infrastructure.ResourceInvoker.<InvokeFilterPipelineAsync>g__Awaited|20_0(ResourceInvoker invoker, Task lastTask, State next, Scope scope, Object state, Boolean isCompleted)
   at Microsoft.AspNetCore.Mvc.Infrastructure.ResourceInvoker.<InvokeAsync>g__Logged|17_1(ResourceInvoker invoker)
   at Microsoft.AspNetCore.Mvc.Infrastructure.ResourceInvoker.<InvokeAsync>g__Logged|17_1(ResourceInvoker invoker)
   at Microsoft.AspNetCore.Routing.EndpointMiddleware.<Invoke>g__AwaitRequestTask|7_0(Endpoint endpoint, Task requestTask, ILogger logger)
   at Microsoft.AspNetCore.Authorization.AuthorizationMiddleware.Invoke(HttpContext context)
   at Microsoft.AspNetCore.Authentication.AuthenticationMiddleware.Invoke(HttpContext context)
   at CarRental.API.Middleware.GlobalExceptionHandler.InvokeAsync(HttpContext context) in /Users/prashantkumar/Desktop/CarRental-backend/backend/src/CarRental.API/Middleware/GlobalExceptionHandler.cs:line 27
2026-02-04 23:26:47.215 +05:30 [INF] Request finished HTTP/1.1 GET http://localhost:5000/api/Cars - 500 null application/json 6.8657ms
2026-02-04 23:27:57.207 +05:30 [INF] Request starting HTTP/1.1 GET http://localhost:5000/api/Cars - null null
2026-02-04 23:27:57.208 +05:30 [INF] Executing endpoint 'CarRental.API.Controllers.CarsController.GetAll (CarRental.API)'
2026-02-04 23:27:57.208 +05:30 [INF] Route matched with {action = "GetAll", controller = "Cars"}. Executing controller action with signature System.Threading.Tasks.Task`1[Microsoft.AspNetCore.Mvc.IActionResult] GetAll(System.Threading.CancellationToken) on controller CarRental.API.Controllers.CarsController (CarRental.API).
2026-02-04 23:27:57.209 +05:30 [INF] Getting all cars
2026-02-04 23:27:57.211 +05:30 [ERR] Failed executing DbCommand (0ms) [Parameters=[], CommandType='"Text"', CommandTimeout='30']
SELECT "c"."Id", "c"."Category", "c"."Color", "c"."CreatedAt", "c"."CreatedBy", "c"."DailyRate", "c"."Description", "c"."FuelType", "c"."HasAirConditioning", "c"."HasGPS", "c"."ImageUrl", "c"."LastMaintenanceDate", "c"."LicensePlate", "c"."Make", "c"."Mileage", "c"."Model", "c"."NextMaintenanceDate", "c"."SeatingCapacity", "c"."Status", "c"."Transmission", "c"."UpdatedAt", "c"."UpdatedBy", "c"."Year"
FROM "Cars" AS "c"
2026-02-04 23:27:57.212 +05:30 [ERR] An exception occurred while iterating over the results of a query for context type 'CarRental.Infrastructure.Data.CarRentalDbContext'.
Microsoft.Data.Sqlite.SqliteException (0x80004005): SQLite Error 1: 'no such column: c.LastMaintenanceDate'.
   at Microsoft.Data.Sqlite.SqliteException.ThrowExceptionForRC(Int32 rc, sqlite3 db)
   at Microsoft.Data.Sqlite.SqliteCommand.PrepareAndEnumerateStatements()+MoveNext()
   at Microsoft.Data.Sqlite.SqliteCommand.GetStatements()+MoveNext()
   at Microsoft.Data.Sqlite.SqliteDataReader.NextResult()
   at Microsoft.Data.Sqlite.SqliteCommand.ExecuteReader(CommandBehavior behavior)
   at Microsoft.Data.Sqlite.SqliteCommand.ExecuteReaderAsync(CommandBehavior behavior, CancellationToken cancellationToken)
   at Microsoft.Data.Sqlite.SqliteCommand.ExecuteDbDataReaderAsync(CommandBehavior behavior, CancellationToken cancellationToken)
   at Microsoft.EntityFrameworkCore.Storage.RelationalCommand.ExecuteReaderAsync(RelationalCommandParameterObject parameterObject, CancellationToken cancellationToken)
   at Microsoft.EntityFrameworkCore.Storage.RelationalCommand.ExecuteReaderAsync(RelationalCommandParameterObject parameterObject, CancellationToken cancellationToken)
   at Microsoft.EntityFrameworkCore.Query.Internal.SingleQueryingEnumerable`1.AsyncEnumerator.InitializeReaderAsync(AsyncEnumerator enumerator, CancellationToken cancellationToken)
   at Microsoft.EntityFrameworkCore.Query.Internal.SingleQueryingEnumerable`1.AsyncEnumerator.MoveNextAsync()
Microsoft.Data.Sqlite.SqliteException (0x80004005): SQLite Error 1: 'no such column: c.LastMaintenanceDate'.
   at Microsoft.Data.Sqlite.SqliteException.ThrowExceptionForRC(Int32 rc, sqlite3 db)
   at Microsoft.Data.Sqlite.SqliteCommand.PrepareAndEnumerateStatements()+MoveNext()
   at Microsoft.Data.Sqlite.SqliteCommand.GetStatements()+MoveNext()
   at Microsoft.Data.Sqlite.SqliteDataReader.NextResult()
   at Microsoft.Data.Sqlite.SqliteCommand.ExecuteReader(CommandBehavior behavior)
   at Microsoft.Data.Sqlite.SqliteCommand.ExecuteReaderAsync(CommandBehavior behavior, CancellationToken cancellationToken)
   at Microsoft.Data.Sqlite.SqliteCommand.ExecuteDbDataReaderAsync(CommandBehavior behavior, CancellationToken cancellationToken)
   at Microsoft.EntityFrameworkCore.Storage.RelationalCommand.ExecuteReaderAsync(RelationalCommandParameterObject parameterObject, CancellationToken cancellationToken)
   at Microsoft.EntityFrameworkCore.Storage.RelationalCommand.ExecuteReaderAsync(RelationalCommandParameterObject parameterObject, CancellationToken cancellationToken)
   at Microsoft.EntityFrameworkCore.Query.Internal.SingleQueryingEnumerable`1.AsyncEnumerator.InitializeReaderAsync(AsyncEnumerator enumerator, CancellationToken cancellationToken)
   at Microsoft.EntityFrameworkCore.Query.Internal.SingleQueryingEnumerable`1.AsyncEnumerator.MoveNextAsync()
2026-02-04 23:27:57.214 +05:30 [INF] Executed action CarRental.API.Controllers.CarsController.GetAll (CarRental.API) in 5.685ms
2026-02-04 23:27:57.214 +05:30 [INF] Executed endpoint 'CarRental.API.Controllers.CarsController.GetAll (CarRental.API)'
2026-02-04 23:27:57.215 +05:30 [ERR] Exception occurred: SQLite Error 1: 'no such column: c.LastMaintenanceDate'.
Microsoft.Data.Sqlite.SqliteException (0x80004005): SQLite Error 1: 'no such column: c.LastMaintenanceDate'.
   at Microsoft.Data.Sqlite.SqliteException.ThrowExceptionForRC(Int32 rc, sqlite3 db)
   at Microsoft.Data.Sqlite.SqliteCommand.PrepareAndEnumerateStatements()+MoveNext()
   at Microsoft.Data.Sqlite.SqliteCommand.GetStatements()+MoveNext()
   at Microsoft.Data.Sqlite.SqliteDataReader.NextResult()
   at Microsoft.Data.Sqlite.SqliteCommand.ExecuteReader(CommandBehavior behavior)
   at Microsoft.Data.Sqlite.SqliteCommand.ExecuteReaderAsync(CommandBehavior behavior, CancellationToken cancellationToken)
   at Microsoft.Data.Sqlite.SqliteCommand.ExecuteDbDataReaderAsync(CommandBehavior behavior, CancellationToken cancellationToken)
   at Microsoft.EntityFrameworkCore.Storage.RelationalCommand.ExecuteReaderAsync(RelationalCommandParameterObject parameterObject, CancellationToken cancellationToken)
   at Microsoft.EntityFrameworkCore.Storage.RelationalCommand.ExecuteReaderAsync(RelationalCommandParameterObject parameterObject, CancellationToken cancellationToken)
   at Microsoft.EntityFrameworkCore.Query.Internal.SingleQueryingEnumerable`1.AsyncEnumerator.InitializeReaderAsync(AsyncEnumerator enumerator, CancellationToken cancellationToken)
   at Microsoft.EntityFrameworkCore.Query.Internal.SingleQueryingEnumerable`1.AsyncEnumerator.MoveNextAsync()
   at Microsoft.EntityFrameworkCore.EntityFrameworkQueryableExtensions.ToListAsync[TSource](IQueryable`1 source, CancellationToken cancellationToken)
   at Microsoft.EntityFrameworkCore.EntityFrameworkQueryableExtensions.ToListAsync[TSource](IQueryable`1 source, CancellationToken cancellationToken)
   at CarRental.Infrastructure.Repositories.Repository`1.GetAllAsync(CancellationToken cancellationToken) in /Users/prashantkumar/Desktop/CarRental-backend/backend/src/CarRental.Infrastructure/Repositories/Repository.cs:line 30
   at CarRental.Application.Services.CarService.GetAllAsync(CancellationToken cancellationToken) in /Users/prashantkumar/Desktop/CarRental-backend/backend/src/CarRental.Application/Services/CarService.cs:line 34
   at CarRental.API.Controllers.CarsController.GetAll(CancellationToken cancellationToken) in /Users/prashantkumar/Desktop/CarRental-backend/backend/src/CarRental.API/Controllers/CarsController.cs:line 31
   at Microsoft.AspNetCore.Mvc.Infrastructure.ActionMethodExecutor.TaskOfIActionResultExecutor.Execute(ActionContext actionContext, IActionResultTypeMapper mapper, ObjectMethodExecutor executor, Object controller, Object[] arguments)
   at Microsoft.AspNetCore.Mvc.Infrastructure.ControllerActionInvoker.<InvokeActionMethodAsync>g__Awaited|12_0(ControllerActionInvoker invoker, ValueTask`1 actionResultValueTask)
   at Microsoft.AspNetCore.Mvc.Infrastructure.ControllerActionInvoker.<InvokeNextActionFilterAsync>g__Awaited|10_0(ControllerActionInvoker invoker, Task lastTask, State next, Scope scope, Object state, Boolean isCompleted)
   at Microsoft.AspNetCore.Mvc.Infrastructure.ControllerActionInvoker.Rethrow(ActionExecutedContextSealed context)
   at Microsoft.AspNetCore.Mvc.Infrastructure.ControllerActionInvoker.Next(State& next, Scope& scope, Object& state, Boolean& isCompleted)
   at Microsoft.AspNetCore.Mvc.Infrastructure.ControllerActionInvoker.InvokeInnerFilterAsync()
--- End of stack trace from previous location ---
   at Microsoft.AspNetCore.Mvc.Infrastructure.ResourceInvoker.<InvokeFilterPipelineAsync>g__Awaited|20_0(ResourceInvoker invoker, Task lastTask, State next, Scope scope, Object state, Boolean isCompleted)
   at Microsoft.AspNetCore.Mvc.Infrastructure.ResourceInvoker.<InvokeAsync>g__Logged|17_1(ResourceInvoker invoker)
   at Microsoft.AspNetCore.Mvc.Infrastructure.ResourceInvoker.<InvokeAsync>g__Logged|17_1(ResourceInvoker invoker)
   at Microsoft.AspNetCore.Routing.EndpointMiddleware.<Invoke>g__AwaitRequestTask|7_0(Endpoint endpoint, Task requestTask, ILogger logger)
   at Microsoft.AspNetCore.Authorization.AuthorizationMiddleware.Invoke(HttpContext context)
   at Microsoft.AspNetCore.Authentication.AuthenticationMiddleware.Invoke(HttpContext context)
   at CarRental.API.Middleware.GlobalExceptionHandler.InvokeAsync(HttpContext context) in /Users/prashantkumar/Desktop/CarRental-backend/backend/src/CarRental.API/Middleware/GlobalExceptionHandler.cs:line 27
2026-02-04 23:27:57.218 +05:30 [INF] Request finished HTTP/1.1 GET http://localhost:5000/api/Cars - 500 null application/json 11.3669ms
2026-02-04 23:27:57.222 +05:30 [INF] Request starting HTTP/1.1 GET http://localhost:5000/api/Cars - null null
2026-02-04 23:27:57.223 +05:30 [INF] Executing endpoint 'CarRental.API.Controllers.CarsController.GetAll (CarRental.API)'
2026-02-04 23:27:57.223 +05:30 [INF] Route matched with {action = "GetAll", controller = "Cars"}. Executing controller action with signature System.Threading.Tasks.Task`1[Microsoft.AspNetCore.Mvc.IActionResult] GetAll(System.Threading.CancellationToken) on controller CarRental.API.Controllers.CarsController (CarRental.API).
2026-02-04 23:27:57.223 +05:30 [INF] Getting all cars
2026-02-04 23:27:57.224 +05:30 [ERR] Failed executing DbCommand (0ms) [Parameters=[], CommandType='"Text"', CommandTimeout='30']
SELECT "c"."Id", "c"."Category", "c"."Color", "c"."CreatedAt", "c"."CreatedBy", "c"."DailyRate", "c"."Description", "c"."FuelType", "c"."HasAirConditioning", "c"."HasGPS", "c"."ImageUrl", "c"."LastMaintenanceDate", "c"."LicensePlate", "c"."Make", "c"."Mileage", "c"."Model", "c"."NextMaintenanceDate", "c"."SeatingCapacity", "c"."Status", "c"."Transmission", "c"."UpdatedAt", "c"."UpdatedBy", "c"."Year"
FROM "Cars" AS "c"
2026-02-04 23:27:57.225 +05:30 [ERR] An exception occurred while iterating over the results of a query for context type 'CarRental.Infrastructure.Data.CarRentalDbContext'.
Microsoft.Data.Sqlite.SqliteException (0x80004005): SQLite Error 1: 'no such column: c.LastMaintenanceDate'.
   at Microsoft.Data.Sqlite.SqliteException.ThrowExceptionForRC(Int32 rc, sqlite3 db)
   at Microsoft.Data.Sqlite.SqliteCommand.PrepareAndEnumerateStatements()+MoveNext()
   at Microsoft.Data.Sqlite.SqliteCommand.GetStatements()+MoveNext()
   at Microsoft.Data.Sqlite.SqliteDataReader.NextResult()
   at Microsoft.Data.Sqlite.SqliteCommand.ExecuteReader(CommandBehavior behavior)
   at Microsoft.Data.Sqlite.SqliteCommand.ExecuteReaderAsync(CommandBehavior behavior, CancellationToken cancellationToken)
   at Microsoft.Data.Sqlite.SqliteCommand.ExecuteDbDataReaderAsync(CommandBehavior behavior, CancellationToken cancellationToken)
   at Microsoft.EntityFrameworkCore.Storage.RelationalCommand.ExecuteReaderAsync(RelationalCommandParameterObject parameterObject, CancellationToken cancellationToken)
   at Microsoft.EntityFrameworkCore.Storage.RelationalCommand.ExecuteReaderAsync(RelationalCommandParameterObject parameterObject, CancellationToken cancellationToken)
   at Microsoft.EntityFrameworkCore.Query.Internal.SingleQueryingEnumerable`1.AsyncEnumerator.InitializeReaderAsync(AsyncEnumerator enumerator, CancellationToken cancellationToken)
   at Microsoft.EntityFrameworkCore.Query.Internal.SingleQueryingEnumerable`1.AsyncEnumerator.MoveNextAsync()
Microsoft.Data.Sqlite.SqliteException (0x80004005): SQLite Error 1: 'no such column: c.LastMaintenanceDate'.
   at Microsoft.Data.Sqlite.SqliteException.ThrowExceptionForRC(Int32 rc, sqlite3 db)
   at Microsoft.Data.Sqlite.SqliteCommand.PrepareAndEnumerateStatements()+MoveNext()
   at Microsoft.Data.Sqlite.SqliteCommand.GetStatements()+MoveNext()
   at Microsoft.Data.Sqlite.SqliteDataReader.NextResult()
   at Microsoft.Data.Sqlite.SqliteCommand.ExecuteReader(CommandBehavior behavior)
   at Microsoft.Data.Sqlite.SqliteCommand.ExecuteReaderAsync(CommandBehavior behavior, CancellationToken cancellationToken)
   at Microsoft.Data.Sqlite.SqliteCommand.ExecuteDbDataReaderAsync(CommandBehavior behavior, CancellationToken cancellationToken)
   at Microsoft.EntityFrameworkCore.Storage.RelationalCommand.ExecuteReaderAsync(RelationalCommandParameterObject parameterObject, CancellationToken cancellationToken)
   at Microsoft.EntityFrameworkCore.Storage.RelationalCommand.ExecuteReaderAsync(RelationalCommandParameterObject parameterObject, CancellationToken cancellationToken)
   at Microsoft.EntityFrameworkCore.Query.Internal.SingleQueryingEnumerable`1.AsyncEnumerator.InitializeReaderAsync(AsyncEnumerator enumerator, CancellationToken cancellationToken)
   at Microsoft.EntityFrameworkCore.Query.Internal.SingleQueryingEnumerable`1.AsyncEnumerator.MoveNextAsync()
2026-02-04 23:27:57.226 +05:30 [INF] Executed action CarRental.API.Controllers.CarsController.GetAll (CarRental.API) in 2.9467ms
2026-02-04 23:27:57.226 +05:30 [INF] Executed endpoint 'CarRental.API.Controllers.CarsController.GetAll (CarRental.API)'
2026-02-04 23:27:57.226 +05:30 [ERR] Exception occurred: SQLite Error 1: 'no such column: c.LastMaintenanceDate'.
Microsoft.Data.Sqlite.SqliteException (0x80004005): SQLite Error 1: 'no such column: c.LastMaintenanceDate'.
   at Microsoft.Data.Sqlite.SqliteException.ThrowExceptionForRC(Int32 rc, sqlite3 db)
   at Microsoft.Data.Sqlite.SqliteCommand.PrepareAndEnumerateStatements()+MoveNext()
   at Microsoft.Data.Sqlite.SqliteCommand.GetStatements()+MoveNext()
   at Microsoft.Data.Sqlite.SqliteDataReader.NextResult()
   at Microsoft.Data.Sqlite.SqliteCommand.ExecuteReader(CommandBehavior behavior)
   at Microsoft.Data.Sqlite.SqliteCommand.ExecuteReaderAsync(CommandBehavior behavior, CancellationToken cancellationToken)
   at Microsoft.Data.Sqlite.SqliteCommand.ExecuteDbDataReaderAsync(CommandBehavior behavior, CancellationToken cancellationToken)
   at Microsoft.EntityFrameworkCore.Storage.RelationalCommand.ExecuteReaderAsync(RelationalCommandParameterObject parameterObject, CancellationToken cancellationToken)
   at Microsoft.EntityFrameworkCore.Storage.RelationalCommand.ExecuteReaderAsync(RelationalCommandParameterObject parameterObject, CancellationToken cancellationToken)
   at Microsoft.EntityFrameworkCore.Query.Internal.SingleQueryingEnumerable`1.AsyncEnumerator.InitializeReaderAsync(AsyncEnumerator enumerator, CancellationToken cancellationToken)
   at Microsoft.EntityFrameworkCore.Query.Internal.SingleQueryingEnumerable`1.AsyncEnumerator.MoveNextAsync()
   at Microsoft.EntityFrameworkCore.EntityFrameworkQueryableExtensions.ToListAsync[TSource](IQueryable`1 source, CancellationToken cancellationToken)
   at Microsoft.EntityFrameworkCore.EntityFrameworkQueryableExtensions.ToListAsync[TSource](IQueryable`1 source, CancellationToken cancellationToken)
   at CarRental.Infrastructure.Repositories.Repository`1.GetAllAsync(CancellationToken cancellationToken) in /Users/prashantkumar/Desktop/CarRental-backend/backend/src/CarRental.Infrastructure/Repositories/Repository.cs:line 30
   at CarRental.Application.Services.CarService.GetAllAsync(CancellationToken cancellationToken) in /Users/prashantkumar/Desktop/CarRental-backend/backend/src/CarRental.Application/Services/CarService.cs:line 34
   at CarRental.API.Controllers.CarsController.GetAll(CancellationToken cancellationToken) in /Users/prashantkumar/Desktop/CarRental-backend/backend/src/CarRental.API/Controllers/CarsController.cs:line 31
   at Microsoft.AspNetCore.Mvc.Infrastructure.ActionMethodExecutor.TaskOfIActionResultExecutor.Execute(ActionContext actionContext, IActionResultTypeMapper mapper, ObjectMethodExecutor executor, Object controller, Object[] arguments)
   at Microsoft.AspNetCore.Mvc.Infrastructure.ControllerActionInvoker.<InvokeActionMethodAsync>g__Awaited|12_0(ControllerActionInvoker invoker, ValueTask`1 actionResultValueTask)
   at Microsoft.AspNetCore.Mvc.Infrastructure.ControllerActionInvoker.<InvokeNextActionFilterAsync>g__Awaited|10_0(ControllerActionInvoker invoker, Task lastTask, State next, Scope scope, Object state, Boolean isCompleted)
   at Microsoft.AspNetCore.Mvc.Infrastructure.ControllerActionInvoker.Rethrow(ActionExecutedContextSealed context)
   at Microsoft.AspNetCore.Mvc.Infrastructure.ControllerActionInvoker.Next(State& next, Scope& scope, Object& state, Boolean& isCompleted)
   at Microsoft.AspNetCore.Mvc.Infrastructure.ControllerActionInvoker.InvokeInnerFilterAsync()
--- End of stack trace from previous location ---
   at Microsoft.AspNetCore.Mvc.Infrastructure.ResourceInvoker.<InvokeFilterPipelineAsync>g__Awaited|20_0(ResourceInvoker invoker, Task lastTask, State next, Scope scope, Object state, Boolean isCompleted)
   at Microsoft.AspNetCore.Mvc.Infrastructure.ResourceInvoker.<InvokeAsync>g__Logged|17_1(ResourceInvoker invoker)
   at Microsoft.AspNetCore.Mvc.Infrastructure.ResourceInvoker.<InvokeAsync>g__Logged|17_1(ResourceInvoker invoker)
   at Microsoft.AspNetCore.Routing.EndpointMiddleware.<Invoke>g__AwaitRequestTask|7_0(Endpoint endpoint, Task requestTask, ILogger logger)
   at Microsoft.AspNetCore.Authorization.AuthorizationMiddleware.Invoke(HttpContext context)
   at Microsoft.AspNetCore.Authentication.AuthenticationMiddleware.Invoke(HttpContext context)
   at CarRental.API.Middleware.GlobalExceptionHandler.InvokeAsync(HttpContext context) in /Users/prashantkumar/Desktop/CarRental-backend/backend/src/CarRental.API/Middleware/GlobalExceptionHandler.cs:line 27
2026-02-04 23:27:57.228 +05:30 [INF] Request finished HTTP/1.1 GET http://localhost:5000/api/Cars - 500 null application/json 6.1055ms
2026-02-04 23:29:13.530 +05:30 [INF] Application is shutting down...
2026-02-04 23:29:20.665 +05:30 [INF] Executed DbCommand (2ms) [Parameters=[], CommandType='"Text"', CommandTimeout='30']
PRAGMA journal_mode = 'wal';
2026-02-04 23:29:20.946 +05:30 [INF] Executed DbCommand (0ms) [Parameters=[], CommandType='"Text"', CommandTimeout='30']
CREATE TABLE "Cars" (
    "Id" TEXT NOT NULL CONSTRAINT "PK_Cars" PRIMARY KEY,
    "Make" TEXT NOT NULL,
    "Model" TEXT NOT NULL,
    "Year" INTEGER NOT NULL,
    "LicensePlate" TEXT NOT NULL,
    "Color" TEXT NOT NULL,
    "Mileage" INTEGER NOT NULL,
    "DailyRate" TEXT NOT NULL,
    "Status" INTEGER NOT NULL,
    "Category" INTEGER NOT NULL,
    "ImageUrl" TEXT NULL,
    "Description" TEXT NULL,
    "SeatingCapacity" INTEGER NOT NULL,
    "FuelType" TEXT NOT NULL,
    "Transmission" TEXT NOT NULL,
    "HasAirConditioning" INTEGER NOT NULL,
    "HasGPS" INTEGER NOT NULL,
    "LastMaintenanceDate" TEXT NULL,
    "NextMaintenanceDate" TEXT NULL,
    "CreatedAt" TEXT NOT NULL,
    "UpdatedAt" TEXT NULL,
    "CreatedBy" TEXT NULL,
    "UpdatedBy" TEXT NULL
);
2026-02-04 23:29:20.947 +05:30 [INF] Executed DbCommand (0ms) [Parameters=[], CommandType='"Text"', CommandTimeout='30']
CREATE TABLE "Users" (
    "Id" TEXT NOT NULL CONSTRAINT "PK_Users" PRIMARY KEY,
    "Email" TEXT NOT NULL,
    "PasswordHash" TEXT NOT NULL,
    "FirstName" TEXT NOT NULL,
    "LastName" TEXT NOT NULL,
    "PhoneNumber" TEXT NOT NULL,
    "Role" INTEGER NOT NULL,
    "IsActive" INTEGER NOT NULL,
    "LastLoginAt" TEXT NULL,
    "Street" TEXT NULL,
    "City" TEXT NULL,
    "State" TEXT NULL,
    "PostalCode" TEXT NULL,
    "Country" TEXT NULL,
    "DriversLicenseNumber" TEXT NULL,
    "DriversLicenseExpiry" TEXT NULL,
    "DateOfBirth" TEXT NULL,
    "CreatedAt" TEXT NOT NULL,
    "UpdatedAt" TEXT NULL,
    "CreatedBy" TEXT NULL,
    "UpdatedBy" TEXT NULL
);
2026-02-04 23:29:20.947 +05:30 [INF] Executed DbCommand (0ms) [Parameters=[], CommandType='"Text"', CommandTimeout='30']
CREATE TABLE "VehicleMaintenances" (
    "Id" TEXT NOT NULL CONSTRAINT "PK_VehicleMaintenances" PRIMARY KEY,
    "CarId" TEXT NOT NULL,
    "ServiceDate" TEXT NOT NULL,
    "Description" TEXT NOT NULL,
    "ServiceType" TEXT NOT NULL,
    "Cost" TEXT NOT NULL,
    "OdometerReading" INTEGER NULL,
    "NextServiceDue" TEXT NULL,
    "ServiceProvider" TEXT NULL,
    "Notes" TEXT NULL,
    "CreatedAt" TEXT NOT NULL,
    "UpdatedAt" TEXT NULL,
    "CreatedBy" TEXT NULL,
    "UpdatedBy" TEXT NULL,
    CONSTRAINT "FK_VehicleMaintenances_Cars_CarId" FOREIGN KEY ("CarId") REFERENCES "Cars" ("Id") ON DELETE RESTRICT
);
2026-02-04 23:29:20.947 +05:30 [INF] Executed DbCommand (0ms) [Parameters=[], CommandType='"Text"', CommandTimeout='30']
CREATE TABLE "Rentals" (
    "Id" TEXT NOT NULL CONSTRAINT "PK_Rentals" PRIMARY KEY,
    "CarId" TEXT NOT NULL,
    "CustomerId" TEXT NOT NULL,
    "StartDate" TEXT NOT NULL,
    "EndDate" TEXT NOT NULL,
    "ActualReturnDate" TEXT NULL,
    "DailyRate" TEXT NOT NULL,
    "TotalCost" TEXT NOT NULL,
    "LateFee" TEXT NULL,
    "DamageCharges" TEXT NULL,
    "Status" INTEGER NOT NULL,
    "PickupLocation" TEXT NULL,
    "ReturnLocation" TEXT NULL,
    "OdometerAtPickup" INTEGER NULL,
    "OdometerAtReturn" INTEGER NULL,
    "Notes" TEXT NULL,
    "DepositAmount" TEXT NULL,
    "DepositReturned" INTEGER NOT NULL,
    "CreatedAt" TEXT NOT NULL,
    "UpdatedAt" TEXT NULL,
    "CreatedBy" TEXT NULL,
    "UpdatedBy" TEXT NULL,
    CONSTRAINT "FK_Rentals_Cars_CarId" FOREIGN KEY ("CarId") REFERENCES "Cars" ("Id") ON DELETE RESTRICT,
    CONSTRAINT "FK_Rentals_Users_CustomerId" FOREIGN KEY ("CustomerId") REFERENCES "Users" ("Id") ON DELETE RESTRICT
);
2026-02-04 23:29:20.947 +05:30 [INF] Executed DbCommand (0ms) [Parameters=[], CommandType='"Text"', CommandTimeout='30']
CREATE TABLE "Payments" (
    "Id" TEXT NOT NULL CONSTRAINT "PK_Payments" PRIMARY KEY,
    "RentalId" TEXT NOT NULL,
    "Amount" TEXT NOT NULL,
    "PaymentDate" TEXT NOT NULL,
    "PaymentMethod" INTEGER NOT NULL,
    "Status" INTEGER NOT NULL,
    "TransactionId" TEXT NULL,
    "Description" TEXT NULL,
    "FailureReason" TEXT NULL,
    "CreatedAt" TEXT NOT NULL,
    "UpdatedAt" TEXT NULL,
    "CreatedBy" TEXT NULL,
    "UpdatedBy" TEXT NULL,
    CONSTRAINT "FK_Payments_Rentals_RentalId" FOREIGN KEY ("RentalId") REFERENCES "Rentals" ("Id") ON DELETE RESTRICT
);
2026-02-04 23:29:20.947 +05:30 [INF] Executed DbCommand (0ms) [Parameters=[], CommandType='"Text"', CommandTimeout='30']
INSERT INTO "Cars" ("Id", "Category", "Color", "CreatedAt", "CreatedBy", "DailyRate", "Description", "FuelType", "HasAirConditioning", "HasGPS", "ImageUrl", "LastMaintenanceDate", "LicensePlate", "Make", "Mileage", "Model", "NextMaintenanceDate", "SeatingCapacity", "Status", "Transmission", "UpdatedAt", "UpdatedBy", "Year")
VALUES ('33333333-3333-3333-3333-333333333333', 2, 'Silver', '2026-02-04 17:59:20.901332', NULL, '45.0', 'Comfortable and fuel-efficient sedan', 'Gasoline', 1, 1, NULL, NULL, 'ABC-1234', 'Toyota', 5000, 'Camry', NULL, 5, 0, 'Automatic', NULL, NULL, 2024);
SELECT changes();

INSERT INTO "Cars" ("Id", "Category", "Color", "CreatedAt", "CreatedBy", "DailyRate", "Description", "FuelType", "HasAirConditioning", "HasGPS", "ImageUrl", "LastMaintenanceDate", "LicensePlate", "Make", "Mileage", "Model", "NextMaintenanceDate", "SeatingCapacity", "Status", "Transmission", "UpdatedAt", "UpdatedBy", "Year")
VALUES ('44444444-4444-4444-4444-444444444444', 5, 'Blue', '2026-02-04 17:59:20.901332', NULL, '65.0', 'Spacious SUV perfect for family trips', 'Gasoline', 1, 1, NULL, NULL, 'XYZ-5678', 'Honda', 3000, 'CR-V', NULL, 5, 0, 'Automatic', NULL, NULL, 2024);
SELECT changes();

INSERT INTO "Cars" ("Id", "Category", "Color", "CreatedAt", "CreatedBy", "DailyRate", "Description", "FuelType", "HasAirConditioning", "HasGPS", "ImageUrl", "LastMaintenanceDate", "LicensePlate", "Make", "Mileage", "Model", "NextMaintenanceDate", "SeatingCapacity", "Status", "Transmission", "UpdatedAt", "UpdatedBy", "Year")
VALUES ('55555555-5555-5555-5555-555555555555', 4, 'Black', '2026-02-04 17:59:20.901332', NULL, '120.0', 'Premium luxury sedan with advanced features', 'Gasoline', 1, 1, NULL, NULL, 'LUX-9999', 'BMW', 2000, '3 Series', NULL, 5, 0, 'Automatic', NULL, NULL, 2024);
SELECT changes();
2026-02-04 23:29:20.947 +05:30 [INF] Executed DbCommand (0ms) [Parameters=[], CommandType='"Text"', CommandTimeout='30']
INSERT INTO "Users" ("Id", "City", "Country", "CreatedAt", "CreatedBy", "DateOfBirth", "DriversLicenseExpiry", "DriversLicenseNumber", "Email", "FirstName", "IsActive", "LastLoginAt", "LastName", "PasswordHash", "PhoneNumber", "PostalCode", "Role", "State", "Street", "UpdatedAt", "UpdatedBy")
VALUES ('11111111-1111-1111-1111-111111111111', NULL, NULL, '2026-02-04 17:59:20.80226', NULL, NULL, NULL, NULL, 'admin@carrental.com', 'System', 1, NULL, 'Admin', '$2a$11$roMMITLjLg0pwVABnSoNGOLjFOTgZvYFGAt14jZrHU/eq0xm.pHYy', '+1234567890', NULL, 3, NULL, NULL, NULL, NULL);
SELECT changes();

INSERT INTO "Users" ("Id", "City", "Country", "CreatedAt", "CreatedBy", "DateOfBirth", "DriversLicenseExpiry", "DriversLicenseNumber", "Email", "FirstName", "IsActive", "LastLoginAt", "LastName", "PasswordHash", "PhoneNumber", "PostalCode", "Role", "State", "Street", "UpdatedAt", "UpdatedBy")
VALUES ('22222222-2222-2222-2222-222222222222', NULL, NULL, '2026-02-04 17:59:20.901311', NULL, NULL, NULL, NULL, 'customer@example.com', 'John', 1, NULL, 'Doe', '$2a$11$G8IlwnbZy4hgnsDNdHDY8.C.Cd5UDWy0B5X/I1.usltzfDmRSm79K', '+1987654321', NULL, 0, NULL, NULL, NULL, NULL);
SELECT changes();
2026-02-04 23:29:20.947 +05:30 [INF] Executed DbCommand (0ms) [Parameters=[], CommandType='"Text"', CommandTimeout='30']
CREATE UNIQUE INDEX "IX_Cars_LicensePlate" ON "Cars" ("LicensePlate");
2026-02-04 23:29:20.947 +05:30 [INF] Executed DbCommand (0ms) [Parameters=[], CommandType='"Text"', CommandTimeout='30']
CREATE INDEX "IX_Payments_RentalId" ON "Payments" ("RentalId");
2026-02-04 23:29:20.947 +05:30 [INF] Executed DbCommand (0ms) [Parameters=[], CommandType='"Text"', CommandTimeout='30']
CREATE INDEX "IX_Rentals_CarId" ON "Rentals" ("CarId");
2026-02-04 23:29:20.947 +05:30 [INF] Executed DbCommand (0ms) [Parameters=[], CommandType='"Text"', CommandTimeout='30']
CREATE INDEX "IX_Rentals_CustomerId" ON "Rentals" ("CustomerId");
2026-02-04 23:29:20.948 +05:30 [INF] Executed DbCommand (0ms) [Parameters=[], CommandType='"Text"', CommandTimeout='30']
CREATE UNIQUE INDEX "IX_Users_Email" ON "Users" ("Email");
2026-02-04 23:29:20.948 +05:30 [INF] Executed DbCommand (0ms) [Parameters=[], CommandType='"Text"', CommandTimeout='30']
CREATE INDEX "IX_VehicleMaintenances_CarId" ON "VehicleMaintenances" ("CarId");
2026-02-04 23:29:20.950 +05:30 [INF] Car Rental API is starting...
2026-02-04 23:29:20.955 +05:30 [INF] User profile is available. Using '/Users/prashantkumar/.aspnet/DataProtection-Keys' as key repository; keys will not be encrypted at rest.
2026-02-04 23:29:20.969 +05:30 [INF] Now listening on: http://localhost:5000
2026-02-04 23:29:20.969 +05:30 [INF] Application started. Press Ctrl+C to shut down.
2026-02-04 23:29:20.969 +05:30 [INF] Hosting environment: Production
2026-02-04 23:29:20.969 +05:30 [INF] Content root path: /Users/prashantkumar/Desktop/CarRental-backend/backend/src/CarRental.API
2026-02-04 23:29:26.845 +05:30 [INF] Request starting HTTP/1.1 GET http://localhost:5000/api/Cars - null null
2026-02-04 23:29:26.866 +05:30 [WRN] Failed to determine the https port for redirect.
2026-02-04 23:29:26.898 +05:30 [INF] Executing endpoint 'CarRental.API.Controllers.CarsController.GetAll (CarRental.API)'
2026-02-04 23:29:26.903 +05:30 [INF] Route matched with {action = "GetAll", controller = "Cars"}. Executing controller action with signature System.Threading.Tasks.Task`1[Microsoft.AspNetCore.Mvc.IActionResult] GetAll(System.Threading.CancellationToken) on controller CarRental.API.Controllers.CarsController (CarRental.API).
2026-02-04 23:29:26.909 +05:30 [INF] Getting all cars
2026-02-04 23:29:26.963 +05:30 [INF] Executed DbCommand (0ms) [Parameters=[], CommandType='"Text"', CommandTimeout='30']
SELECT "c"."Id", "c"."Category", "c"."Color", "c"."CreatedAt", "c"."CreatedBy", "c"."DailyRate", "c"."Description", "c"."FuelType", "c"."HasAirConditioning", "c"."HasGPS", "c"."ImageUrl", "c"."LastMaintenanceDate", "c"."LicensePlate", "c"."Make", "c"."Mileage", "c"."Model", "c"."NextMaintenanceDate", "c"."SeatingCapacity", "c"."Status", "c"."Transmission", "c"."UpdatedAt", "c"."UpdatedBy", "c"."Year"
FROM "Cars" AS "c"
2026-02-04 23:29:26.986 +05:30 [INF] Executing OkObjectResult, writing value of type 'CarRental.API.Controllers.ApiResponse`1[[System.Collections.Generic.IEnumerable`1[[CarRental.Application.DTOs.Car.CarDto, CarRental.Application, Version=1.0.0.0, Culture=neutral, PublicKeyToken=null]], System.Private.CoreLib, Version=8.0.0.0, Culture=neutral, PublicKeyToken=7cec85d7bea7798e]]'.
2026-02-04 23:29:26.998 +05:30 [INF] Executed action CarRental.API.Controllers.CarsController.GetAll (CarRental.API) in 94.2367ms
2026-02-04 23:29:26.998 +05:30 [INF] Executed endpoint 'CarRental.API.Controllers.CarsController.GetAll (CarRental.API)'
2026-02-04 23:29:26.999 +05:30 [INF] Request finished HTTP/1.1 GET http://localhost:5000/api/Cars - 200 null application/json; charset=utf-8 154.2635ms
2026-02-04 23:29:26.999 +05:30 [INF] Request starting HTTP/1.1 GET http://localhost:5000/api/Cars - null null
2026-02-04 23:29:27.000 +05:30 [INF] Executing endpoint 'CarRental.API.Controllers.CarsController.GetAll (CarRental.API)'
2026-02-04 23:29:27.000 +05:30 [INF] Route matched with {action = "GetAll", controller = "Cars"}. Executing controller action with signature System.Threading.Tasks.Task`1[Microsoft.AspNetCore.Mvc.IActionResult] GetAll(System.Threading.CancellationToken) on controller CarRental.API.Controllers.CarsController (CarRental.API).
2026-02-04 23:29:27.001 +05:30 [INF] Getting all cars
2026-02-04 23:29:27.011 +05:30 [INF] Executed DbCommand (0ms) [Parameters=[], CommandType='"Text"', CommandTimeout='30']
SELECT "c"."Id", "c"."Category", "c"."Color", "c"."CreatedAt", "c"."CreatedBy", "c"."DailyRate", "c"."Description", "c"."FuelType", "c"."HasAirConditioning", "c"."HasGPS", "c"."ImageUrl", "c"."LastMaintenanceDate", "c"."LicensePlate", "c"."Make", "c"."Mileage", "c"."Model", "c"."NextMaintenanceDate", "c"."SeatingCapacity", "c"."Status", "c"."Transmission", "c"."UpdatedAt", "c"."UpdatedBy", "c"."Year"
FROM "Cars" AS "c"
2026-02-04 23:29:27.012 +05:30 [INF] Executing OkObjectResult, writing value of type 'CarRental.API.Controllers.ApiResponse`1[[System.Collections.Generic.IEnumerable`1[[CarRental.Application.DTOs.Car.CarDto, CarRental.Application, Version=1.0.0.0, Culture=neutral, PublicKeyToken=null]], System.Private.CoreLib, Version=8.0.0.0, Culture=neutral, PublicKeyToken=7cec85d7bea7798e]]'.
2026-02-04 23:29:27.012 +05:30 [INF] Executed action CarRental.API.Controllers.CarsController.GetAll (CarRental.API) in 11.6145ms
2026-02-04 23:29:27.012 +05:30 [INF] Executed endpoint 'CarRental.API.Controllers.CarsController.GetAll (CarRental.API)'
2026-02-04 23:29:27.012 +05:30 [INF] Request finished HTTP/1.1 GET http://localhost:5000/api/Cars - 200 null application/json; charset=utf-8 13.1931ms
2026-02-04 23:29:34.900 +05:30 [INF] Request starting HTTP/1.1 GET http://localhost:5000/api/Rentals/customer/22222222-2222-2222-2222-222222222222 - null null
2026-02-04 23:29:34.906 +05:30 [INF] Executing endpoint 'CarRental.API.Controllers.RentalsController.GetByCustomer (CarRental.API)'
2026-02-04 23:29:34.910 +05:30 [INF] Route matched with {action = "GetByCustomer", controller = "Rentals"}. Executing controller action with signature System.Threading.Tasks.Task`1[Microsoft.AspNetCore.Mvc.IActionResult] GetByCustomer(System.Guid, System.Threading.CancellationToken) on controller CarRental.API.Controllers.RentalsController (CarRental.API).
2026-02-04 23:29:34.919 +05:30 [INF] Getting rentals for customer: "22222222-2222-2222-2222-222222222222"
2026-02-04 23:29:34.980 +05:30 [INF] Executed DbCommand (1ms) [Parameters=[@__customerId_0='?' (DbType = Guid)], CommandType='"Text"', CommandTimeout='30']
SELECT "r"."Id", "r"."ActualReturnDate", "r"."CarId", "r"."CreatedAt", "r"."CreatedBy", "r"."CustomerId", "r"."DailyRate", "r"."DamageCharges", "r"."DepositAmount", "r"."DepositReturned", "r"."EndDate", "r"."LateFee", "r"."Notes", "r"."OdometerAtPickup", "r"."OdometerAtReturn", "r"."PickupLocation", "r"."ReturnLocation", "r"."StartDate", "r"."Status", "r"."TotalCost", "r"."UpdatedAt", "r"."UpdatedBy", "c"."Id", "c"."Category", "c"."Color", "c"."CreatedAt", "c"."CreatedBy", "c"."DailyRate", "c"."Description", "c"."FuelType", "c"."HasAirConditioning", "c"."HasGPS", "c"."ImageUrl", "c"."LastMaintenanceDate", "c"."LicensePlate", "c"."Make", "c"."Mileage", "c"."Model", "c"."NextMaintenanceDate", "c"."SeatingCapacity", "c"."Status", "c"."Transmission", "c"."UpdatedAt", "c"."UpdatedBy", "c"."Year", "u"."Id", "u"."City", "u"."Country", "u"."CreatedAt", "u"."CreatedBy", "u"."DateOfBirth", "u"."DriversLicenseExpiry", "u"."DriversLicenseNumber", "u"."Email", "u"."FirstName", "u"."IsActive", "u"."LastLoginAt", "u"."LastName", "u"."PasswordHash", "u"."PhoneNumber", "u"."PostalCode", "u"."Role", "u"."State", "u"."Street", "u"."UpdatedAt", "u"."UpdatedBy"
FROM "Rentals" AS "r"
INNER JOIN "Cars" AS "c" ON "r"."CarId" = "c"."Id"
INNER JOIN "Users" AS "u" ON "r"."CustomerId" = "u"."Id"
WHERE "r"."CustomerId" = @__customerId_0
ORDER BY "r"."CreatedAt" DESC
2026-02-04 23:29:34.980 +05:30 [INF] Executing OkObjectResult, writing value of type 'CarRental.API.Controllers.ApiResponse`1[[System.Collections.Generic.IEnumerable`1[[CarRental.Application.DTOs.Rental.RentalDto, CarRental.Application, Version=1.0.0.0, Culture=neutral, PublicKeyToken=null]], System.Private.CoreLib, Version=8.0.0.0, Culture=neutral, PublicKeyToken=7cec85d7bea7798e]]'.
2026-02-04 23:29:34.984 +05:30 [INF] Executed action CarRental.API.Controllers.RentalsController.GetByCustomer (CarRental.API) in 73.4527ms
2026-02-04 23:29:34.984 +05:30 [INF] Executed endpoint 'CarRental.API.Controllers.RentalsController.GetByCustomer (CarRental.API)'
2026-02-04 23:29:34.984 +05:30 [INF] Request finished HTTP/1.1 GET http://localhost:5000/api/Rentals/customer/22222222-2222-2222-2222-222222222222 - 200 null application/json; charset=utf-8 84.5761ms
2026-02-04 23:29:34.986 +05:30 [INF] Request starting HTTP/1.1 GET http://localhost:5000/api/Rentals/customer/22222222-2222-2222-2222-222222222222 - null null
2026-02-04 23:29:34.987 +05:30 [INF] Executing endpoint 'CarRental.API.Controllers.RentalsController.GetByCustomer (CarRental.API)'
2026-02-04 23:29:34.987 +05:30 [INF] Route matched with {action = "GetByCustomer", controller = "Rentals"}. Executing controller action with signature System.Threading.Tasks.Task`1[Microsoft.AspNetCore.Mvc.IActionResult] GetByCustomer(System.Guid, System.Threading.CancellationToken) on controller CarRental.API.Controllers.RentalsController (CarRental.API).
2026-02-04 23:29:34.987 +05:30 [INF] Getting rentals for customer: "22222222-2222-2222-2222-222222222222"
2026-02-04 23:29:34.988 +05:30 [INF] Executed DbCommand (0ms) [Parameters=[@__customerId_0='?' (DbType = Guid)], CommandType='"Text"', CommandTimeout='30']
SELECT "r"."Id", "r"."ActualReturnDate", "r"."CarId", "r"."CreatedAt", "r"."CreatedBy", "r"."CustomerId", "r"."DailyRate", "r"."DamageCharges", "r"."DepositAmount", "r"."DepositReturned", "r"."EndDate", "r"."LateFee", "r"."Notes", "r"."OdometerAtPickup", "r"."OdometerAtReturn", "r"."PickupLocation", "r"."ReturnLocation", "r"."StartDate", "r"."Status", "r"."TotalCost", "r"."UpdatedAt", "r"."UpdatedBy", "c"."Id", "c"."Category", "c"."Color", "c"."CreatedAt", "c"."CreatedBy", "c"."DailyRate", "c"."Description", "c"."FuelType", "c"."HasAirConditioning", "c"."HasGPS", "c"."ImageUrl", "c"."LastMaintenanceDate", "c"."LicensePlate", "c"."Make", "c"."Mileage", "c"."Model", "c"."NextMaintenanceDate", "c"."SeatingCapacity", "c"."Status", "c"."Transmission", "c"."UpdatedAt", "c"."UpdatedBy", "c"."Year", "u"."Id", "u"."City", "u"."Country", "u"."CreatedAt", "u"."CreatedBy", "u"."DateOfBirth", "u"."DriversLicenseExpiry", "u"."DriversLicenseNumber", "u"."Email", "u"."FirstName", "u"."IsActive", "u"."LastLoginAt", "u"."LastName", "u"."PasswordHash", "u"."PhoneNumber", "u"."PostalCode", "u"."Role", "u"."State", "u"."Street", "u"."UpdatedAt", "u"."UpdatedBy"
FROM "Rentals" AS "r"
INNER JOIN "Cars" AS "c" ON "r"."CarId" = "c"."Id"
INNER JOIN "Users" AS "u" ON "r"."CustomerId" = "u"."Id"
WHERE "r"."CustomerId" = @__customerId_0
ORDER BY "r"."CreatedAt" DESC
2026-02-04 23:29:34.989 +05:30 [INF] Executing OkObjectResult, writing value of type 'CarRental.API.Controllers.ApiResponse`1[[System.Collections.Generic.IEnumerable`1[[CarRental.Application.DTOs.Rental.RentalDto, CarRental.Application, Version=1.0.0.0, Culture=neutral, PublicKeyToken=null]], System.Private.CoreLib, Version=8.0.0.0, Culture=neutral, PublicKeyToken=7cec85d7bea7798e]]'.
2026-02-04 23:29:34.989 +05:30 [INF] Executed action CarRental.API.Controllers.RentalsController.GetByCustomer (CarRental.API) in 1.8743ms
2026-02-04 23:29:34.989 +05:30 [INF] Executed endpoint 'CarRental.API.Controllers.RentalsController.GetByCustomer (CarRental.API)'
2026-02-04 23:29:34.989 +05:30 [INF] Request finished HTTP/1.1 GET http://localhost:5000/api/Rentals/customer/22222222-2222-2222-2222-222222222222 - 200 null application/json; charset=utf-8 2.9707ms
2026-02-04 23:29:35.815 +05:30 [INF] Request starting HTTP/1.1 GET http://localhost:5000/api/Cars - null null
2026-02-04 23:29:35.816 +05:30 [INF] Executing endpoint 'CarRental.API.Controllers.CarsController.GetAll (CarRental.API)'
2026-02-04 23:29:35.817 +05:30 [INF] Route matched with {action = "GetAll", controller = "Cars"}. Executing controller action with signature System.Threading.Tasks.Task`1[Microsoft.AspNetCore.Mvc.IActionResult] GetAll(System.Threading.CancellationToken) on controller CarRental.API.Controllers.CarsController (CarRental.API).
2026-02-04 23:29:35.820 +05:30 [INF] Getting all cars
2026-02-04 23:29:35.821 +05:30 [INF] Executed DbCommand (0ms) [Parameters=[], CommandType='"Text"', CommandTimeout='30']
SELECT "c"."Id", "c"."Category", "c"."Color", "c"."CreatedAt", "c"."CreatedBy", "c"."DailyRate", "c"."Description", "c"."FuelType", "c"."HasAirConditioning", "c"."HasGPS", "c"."ImageUrl", "c"."LastMaintenanceDate", "c"."LicensePlate", "c"."Make", "c"."Mileage", "c"."Model", "c"."NextMaintenanceDate", "c"."SeatingCapacity", "c"."Status", "c"."Transmission", "c"."UpdatedAt", "c"."UpdatedBy", "c"."Year"
FROM "Cars" AS "c"
2026-02-04 23:29:35.823 +05:30 [INF] Executing OkObjectResult, writing value of type 'CarRental.API.Controllers.ApiResponse`1[[System.Collections.Generic.IEnumerable`1[[CarRental.Application.DTOs.Car.CarDto, CarRental.Application, Version=1.0.0.0, Culture=neutral, PublicKeyToken=null]], System.Private.CoreLib, Version=8.0.0.0, Culture=neutral, PublicKeyToken=7cec85d7bea7798e]]'.
2026-02-04 23:29:35.823 +05:30 [INF] Executed action CarRental.API.Controllers.CarsController.GetAll (CarRental.API) in 6.2907ms
2026-02-04 23:29:35.823 +05:30 [INF] Executed endpoint 'CarRental.API.Controllers.CarsController.GetAll (CarRental.API)'
2026-02-04 23:29:35.823 +05:30 [INF] Request finished HTTP/1.1 GET http://localhost:5000/api/Cars - 200 null application/json; charset=utf-8 8.2549ms
2026-02-04 23:29:35.826 +05:30 [INF] Request starting HTTP/1.1 GET http://localhost:5000/api/Cars - null null
2026-02-04 23:29:35.827 +05:30 [INF] Executing endpoint 'CarRental.API.Controllers.CarsController.GetAll (CarRental.API)'
2026-02-04 23:29:35.827 +05:30 [INF] Route matched with {action = "GetAll", controller = "Cars"}. Executing controller action with signature System.Threading.Tasks.Task`1[Microsoft.AspNetCore.Mvc.IActionResult] GetAll(System.Threading.CancellationToken) on controller CarRental.API.Controllers.CarsController (CarRental.API).
2026-02-04 23:29:35.827 +05:30 [INF] Getting all cars
2026-02-04 23:29:35.828 +05:30 [INF] Executed DbCommand (0ms) [Parameters=[], CommandType='"Text"', CommandTimeout='30']
SELECT "c"."Id", "c"."Category", "c"."Color", "c"."CreatedAt", "c"."CreatedBy", "c"."DailyRate", "c"."Description", "c"."FuelType", "c"."HasAirConditioning", "c"."HasGPS", "c"."ImageUrl", "c"."LastMaintenanceDate", "c"."LicensePlate", "c"."Make", "c"."Mileage", "c"."Model", "c"."NextMaintenanceDate", "c"."SeatingCapacity", "c"."Status", "c"."Transmission", "c"."UpdatedAt", "c"."UpdatedBy", "c"."Year"
FROM "Cars" AS "c"
2026-02-04 23:29:35.829 +05:30 [INF] Executing OkObjectResult, writing value of type 'CarRental.API.Controllers.ApiResponse`1[[System.Collections.Generic.IEnumerable`1[[CarRental.Application.DTOs.Car.CarDto, CarRental.Application, Version=1.0.0.0, Culture=neutral, PublicKeyToken=null]], System.Private.CoreLib, Version=8.0.0.0, Culture=neutral, PublicKeyToken=7cec85d7bea7798e]]'.
2026-02-04 23:29:35.829 +05:30 [INF] Executed action CarRental.API.Controllers.CarsController.GetAll (CarRental.API) in 2.2182ms
2026-02-04 23:29:35.829 +05:30 [INF] Executed endpoint 'CarRental.API.Controllers.CarsController.GetAll (CarRental.API)'
2026-02-04 23:29:35.829 +05:30 [INF] Request finished HTTP/1.1 GET http://localhost:5000/api/Cars - 200 null application/json; charset=utf-8 3.692ms
2026-02-04 23:29:44.189 +05:30 [INF] Request starting HTTP/1.1 POST http://localhost:5000/api/Auth/login - application/json 54
2026-02-04 23:29:44.191 +05:30 [INF] CORS policy execution successful.
2026-02-04 23:29:44.191 +05:30 [INF] Executing endpoint 'CarRental.API.Controllers.AuthController.Login (CarRental.API)'
2026-02-04 23:29:44.195 +05:30 [INF] Route matched with {action = "Login", controller = "Auth"}. Executing controller action with signature System.Threading.Tasks.Task`1[Microsoft.AspNetCore.Mvc.IActionResult] Login(CarRental.Application.DTOs.Auth.LoginRequest, System.Threading.CancellationToken) on controller CarRental.API.Controllers.AuthController (CarRental.API).
2026-02-04 23:29:44.208 +05:30 [INF] Login attempt for email: admin@carrental.com
2026-02-04 23:29:44.224 +05:30 [INF] Executed DbCommand (0ms) [Parameters=[@__ToLower_0='?' (Size = 19)], CommandType='"Text"', CommandTimeout='30']
SELECT "u"."Id", "u"."City", "u"."Country", "u"."CreatedAt", "u"."CreatedBy", "u"."DateOfBirth", "u"."DriversLicenseExpiry", "u"."DriversLicenseNumber", "u"."Email", "u"."FirstName", "u"."IsActive", "u"."LastLoginAt", "u"."LastName", "u"."PasswordHash", "u"."PhoneNumber", "u"."PostalCode", "u"."Role", "u"."State", "u"."Street", "u"."UpdatedAt", "u"."UpdatedBy"
FROM "Users" AS "u"
WHERE lower("u"."Email") = @__ToLower_0
LIMIT 1
2026-02-04 23:29:44.364 +05:30 [INF] Executed DbCommand (0ms) [Parameters=[@p20='?' (DbType = Guid), @p0='?', @p1='?', @p2='?' (DbType = DateTime), @p3='?', @p4='?' (DbType = DateTime), @p5='?' (DbType = DateTime), @p6='?', @p7='?' (Size = 19), @p8='?' (Size = 6), @p9='?' (DbType = Boolean), @p10='?' (DbType = DateTime), @p11='?' (Size = 5), @p12='?' (Size = 60), @p13='?' (Size = 11), @p14='?', @p15='?' (DbType = Int32), @p16='?', @p17='?', @p18='?' (DbType = DateTime), @p19='?'], CommandType='"Text"', CommandTimeout='30']
UPDATE "Users" SET "City" = @p0, "Country" = @p1, "CreatedAt" = @p2, "CreatedBy" = @p3, "DateOfBirth" = @p4, "DriversLicenseExpiry" = @p5, "DriversLicenseNumber" = @p6, "Email" = @p7, "FirstName" = @p8, "IsActive" = @p9, "LastLoginAt" = @p10, "LastName" = @p11, "PasswordHash" = @p12, "PhoneNumber" = @p13, "PostalCode" = @p14, "Role" = @p15, "State" = @p16, "Street" = @p17, "UpdatedAt" = @p18, "UpdatedBy" = @p19
WHERE "Id" = @p20
RETURNING 1;
2026-02-04 23:29:44.369 +05:30 [INF] Executing OkObjectResult, writing value of type 'CarRental.API.Controllers.ApiResponse`1[[CarRental.Application.DTOs.Auth.AuthResponse, CarRental.Application, Version=1.0.0.0, Culture=neutral, PublicKeyToken=null]]'.
2026-02-04 23:29:44.370 +05:30 [INF] Executed action CarRental.API.Controllers.AuthController.Login (CarRental.API) in 174.5181ms
2026-02-04 23:29:44.370 +05:30 [INF] Executed endpoint 'CarRental.API.Controllers.AuthController.Login (CarRental.API)'
2026-02-04 23:29:44.370 +05:30 [INF] Request finished HTTP/1.1 POST http://localhost:5000/api/Auth/login - 200 null application/json; charset=utf-8 181.2756ms
2026-02-04 23:29:44.391 +05:30 [INF] Request starting HTTP/1.1 GET http://localhost:5000/api/Rentals/customer/11111111-1111-1111-1111-111111111111 - null null
2026-02-04 23:29:44.394 +05:30 [INF] Executing endpoint 'CarRental.API.Controllers.RentalsController.GetByCustomer (CarRental.API)'
2026-02-04 23:29:44.394 +05:30 [INF] Route matched with {action = "GetByCustomer", controller = "Rentals"}. Executing controller action with signature System.Threading.Tasks.Task`1[Microsoft.AspNetCore.Mvc.IActionResult] GetByCustomer(System.Guid, System.Threading.CancellationToken) on controller CarRental.API.Controllers.RentalsController (CarRental.API).
2026-02-04 23:29:44.395 +05:30 [INF] Getting rentals for customer: "11111111-1111-1111-1111-111111111111"
2026-02-04 23:29:44.396 +05:30 [INF] Executed DbCommand (0ms) [Parameters=[@__customerId_0='?' (DbType = Guid)], CommandType='"Text"', CommandTimeout='30']
SELECT "r"."Id", "r"."ActualReturnDate", "r"."CarId", "r"."CreatedAt", "r"."CreatedBy", "r"."CustomerId", "r"."DailyRate", "r"."DamageCharges", "r"."DepositAmount", "r"."DepositReturned", "r"."EndDate", "r"."LateFee", "r"."Notes", "r"."OdometerAtPickup", "r"."OdometerAtReturn", "r"."PickupLocation", "r"."ReturnLocation", "r"."StartDate", "r"."Status", "r"."TotalCost", "r"."UpdatedAt", "r"."UpdatedBy", "c"."Id", "c"."Category", "c"."Color", "c"."CreatedAt", "c"."CreatedBy", "c"."DailyRate", "c"."Description", "c"."FuelType", "c"."HasAirConditioning", "c"."HasGPS", "c"."ImageUrl", "c"."LastMaintenanceDate", "c"."LicensePlate", "c"."Make", "c"."Mileage", "c"."Model", "c"."NextMaintenanceDate", "c"."SeatingCapacity", "c"."Status", "c"."Transmission", "c"."UpdatedAt", "c"."UpdatedBy", "c"."Year", "u"."Id", "u"."City", "u"."Country", "u"."CreatedAt", "u"."CreatedBy", "u"."DateOfBirth", "u"."DriversLicenseExpiry", "u"."DriversLicenseNumber", "u"."Email", "u"."FirstName", "u"."IsActive", "u"."LastLoginAt", "u"."LastName", "u"."PasswordHash", "u"."PhoneNumber", "u"."PostalCode", "u"."Role", "u"."State", "u"."Street", "u"."UpdatedAt", "u"."UpdatedBy"
FROM "Rentals" AS "r"
INNER JOIN "Cars" AS "c" ON "r"."CarId" = "c"."Id"
INNER JOIN "Users" AS "u" ON "r"."CustomerId" = "u"."Id"
WHERE "r"."CustomerId" = @__customerId_0
ORDER BY "r"."CreatedAt" DESC
2026-02-04 23:29:44.396 +05:30 [INF] Executing OkObjectResult, writing value of type 'CarRental.API.Controllers.ApiResponse`1[[System.Collections.Generic.IEnumerable`1[[CarRental.Application.DTOs.Rental.RentalDto, CarRental.Application, Version=1.0.0.0, Culture=neutral, PublicKeyToken=null]], System.Private.CoreLib, Version=8.0.0.0, Culture=neutral, PublicKeyToken=7cec85d7bea7798e]]'.
2026-02-04 23:29:44.396 +05:30 [INF] Executed action CarRental.API.Controllers.RentalsController.GetByCustomer (CarRental.API) in 2.1997ms
2026-02-04 23:29:44.396 +05:30 [INF] Executed endpoint 'CarRental.API.Controllers.RentalsController.GetByCustomer (CarRental.API)'
2026-02-04 23:29:44.397 +05:30 [INF] Request finished HTTP/1.1 GET http://localhost:5000/api/Rentals/customer/11111111-1111-1111-1111-111111111111 - 200 null application/json; charset=utf-8 5.9315ms
2026-02-04 23:29:44.399 +05:30 [INF] Request starting HTTP/1.1 GET http://localhost:5000/api/Rentals/customer/11111111-1111-1111-1111-111111111111 - null null
2026-02-04 23:29:44.399 +05:30 [INF] Executing endpoint 'CarRental.API.Controllers.RentalsController.GetByCustomer (CarRental.API)'
2026-02-04 23:29:44.399 +05:30 [INF] Route matched with {action = "GetByCustomer", controller = "Rentals"}. Executing controller action with signature System.Threading.Tasks.Task`1[Microsoft.AspNetCore.Mvc.IActionResult] GetByCustomer(System.Guid, System.Threading.CancellationToken) on controller CarRental.API.Controllers.RentalsController (CarRental.API).
2026-02-04 23:29:44.400 +05:30 [INF] Getting rentals for customer: "11111111-1111-1111-1111-111111111111"
2026-02-04 23:29:44.400 +05:30 [INF] Executed DbCommand (0ms) [Parameters=[@__customerId_0='?' (DbType = Guid)], CommandType='"Text"', CommandTimeout='30']
SELECT "r"."Id", "r"."ActualReturnDate", "r"."CarId", "r"."CreatedAt", "r"."CreatedBy", "r"."CustomerId", "r"."DailyRate", "r"."DamageCharges", "r"."DepositAmount", "r"."DepositReturned", "r"."EndDate", "r"."LateFee", "r"."Notes", "r"."OdometerAtPickup", "r"."OdometerAtReturn", "r"."PickupLocation", "r"."ReturnLocation", "r"."StartDate", "r"."Status", "r"."TotalCost", "r"."UpdatedAt", "r"."UpdatedBy", "c"."Id", "c"."Category", "c"."Color", "c"."CreatedAt", "c"."CreatedBy", "c"."DailyRate", "c"."Description", "c"."FuelType", "c"."HasAirConditioning", "c"."HasGPS", "c"."ImageUrl", "c"."LastMaintenanceDate", "c"."LicensePlate", "c"."Make", "c"."Mileage", "c"."Model", "c"."NextMaintenanceDate", "c"."SeatingCapacity", "c"."Status", "c"."Transmission", "c"."UpdatedAt", "c"."UpdatedBy", "c"."Year", "u"."Id", "u"."City", "u"."Country", "u"."CreatedAt", "u"."CreatedBy", "u"."DateOfBirth", "u"."DriversLicenseExpiry", "u"."DriversLicenseNumber", "u"."Email", "u"."FirstName", "u"."IsActive", "u"."LastLoginAt", "u"."LastName", "u"."PasswordHash", "u"."PhoneNumber", "u"."PostalCode", "u"."Role", "u"."State", "u"."Street", "u"."UpdatedAt", "u"."UpdatedBy"
FROM "Rentals" AS "r"
INNER JOIN "Cars" AS "c" ON "r"."CarId" = "c"."Id"
INNER JOIN "Users" AS "u" ON "r"."CustomerId" = "u"."Id"
WHERE "r"."CustomerId" = @__customerId_0
ORDER BY "r"."CreatedAt" DESC
2026-02-04 23:29:44.400 +05:30 [INF] Executing OkObjectResult, writing value of type 'CarRental.API.Controllers.ApiResponse`1[[System.Collections.Generic.IEnumerable`1[[CarRental.Application.DTOs.Rental.RentalDto, CarRental.Application, Version=1.0.0.0, Culture=neutral, PublicKeyToken=null]], System.Private.CoreLib, Version=8.0.0.0, Culture=neutral, PublicKeyToken=7cec85d7bea7798e]]'.
2026-02-04 23:29:44.400 +05:30 [INF] Executed action CarRental.API.Controllers.RentalsController.GetByCustomer (CarRental.API) in 0.8182ms
2026-02-04 23:29:44.400 +05:30 [INF] Executed endpoint 'CarRental.API.Controllers.RentalsController.GetByCustomer (CarRental.API)'
2026-02-04 23:29:44.400 +05:30 [INF] Request finished HTTP/1.1 GET http://localhost:5000/api/Rentals/customer/11111111-1111-1111-1111-111111111111 - 200 null application/json; charset=utf-8 1.5719ms
2026-02-04 23:29:46.866 +05:30 [INF] Request starting HTTP/1.1 GET http://localhost:5000/api/Cars - null null
2026-02-04 23:29:46.868 +05:30 [INF] Executing endpoint 'CarRental.API.Controllers.CarsController.GetAll (CarRental.API)'
2026-02-04 23:29:46.869 +05:30 [INF] Route matched with {action = "GetAll", controller = "Cars"}. Executing controller action with signature System.Threading.Tasks.Task`1[Microsoft.AspNetCore.Mvc.IActionResult] GetAll(System.Threading.CancellationToken) on controller CarRental.API.Controllers.CarsController (CarRental.API).
2026-02-04 23:29:46.870 +05:30 [INF] Getting all cars
2026-02-04 23:29:46.871 +05:30 [INF] Executed DbCommand (0ms) [Parameters=[], CommandType='"Text"', CommandTimeout='30']
SELECT "c"."Id", "c"."Category", "c"."Color", "c"."CreatedAt", "c"."CreatedBy", "c"."DailyRate", "c"."Description", "c"."FuelType", "c"."HasAirConditioning", "c"."HasGPS", "c"."ImageUrl", "c"."LastMaintenanceDate", "c"."LicensePlate", "c"."Make", "c"."Mileage", "c"."Model", "c"."NextMaintenanceDate", "c"."SeatingCapacity", "c"."Status", "c"."Transmission", "c"."UpdatedAt", "c"."UpdatedBy", "c"."Year"
FROM "Cars" AS "c"
2026-02-04 23:29:46.872 +05:30 [INF] Executing OkObjectResult, writing value of type 'CarRental.API.Controllers.ApiResponse`1[[System.Collections.Generic.IEnumerable`1[[CarRental.Application.DTOs.Car.CarDto, CarRental.Application, Version=1.0.0.0, Culture=neutral, PublicKeyToken=null]], System.Private.CoreLib, Version=8.0.0.0, Culture=neutral, PublicKeyToken=7cec85d7bea7798e]]'.
2026-02-04 23:29:46.872 +05:30 [INF] Executed action CarRental.API.Controllers.CarsController.GetAll (CarRental.API) in 3.2966ms
2026-02-04 23:29:46.873 +05:30 [INF] Executed endpoint 'CarRental.API.Controllers.CarsController.GetAll (CarRental.API)'
2026-02-04 23:29:46.873 +05:30 [INF] Request finished HTTP/1.1 GET http://localhost:5000/api/Cars - 200 null application/json; charset=utf-8 6.4763ms
2026-02-04 23:29:46.876 +05:30 [INF] Request starting HTTP/1.1 GET http://localhost:5000/api/Cars - null null
2026-02-04 23:29:46.877 +05:30 [INF] Executing endpoint 'CarRental.API.Controllers.CarsController.GetAll (CarRental.API)'
2026-02-04 23:29:46.877 +05:30 [INF] Route matched with {action = "GetAll", controller = "Cars"}. Executing controller action with signature System.Threading.Tasks.Task`1[Microsoft.AspNetCore.Mvc.IActionResult] GetAll(System.Threading.CancellationToken) on controller CarRental.API.Controllers.CarsController (CarRental.API).
2026-02-04 23:29:46.878 +05:30 [INF] Getting all cars
2026-02-04 23:29:46.879 +05:30 [INF] Executed DbCommand (0ms) [Parameters=[], CommandType='"Text"', CommandTimeout='30']
SELECT "c"."Id", "c"."Category", "c"."Color", "c"."CreatedAt", "c"."CreatedBy", "c"."DailyRate", "c"."Description", "c"."FuelType", "c"."HasAirConditioning", "c"."HasGPS", "c"."ImageUrl", "c"."LastMaintenanceDate", "c"."LicensePlate", "c"."Make", "c"."Mileage", "c"."Model", "c"."NextMaintenanceDate", "c"."SeatingCapacity", "c"."Status", "c"."Transmission", "c"."UpdatedAt", "c"."UpdatedBy", "c"."Year"
FROM "Cars" AS "c"
2026-02-04 23:29:46.880 +05:30 [INF] Executing OkObjectResult, writing value of type 'CarRental.API.Controllers.ApiResponse`1[[System.Collections.Generic.IEnumerable`1[[CarRental.Application.DTOs.Car.CarDto, CarRental.Application, Version=1.0.0.0, Culture=neutral, PublicKeyToken=null]], System.Private.CoreLib, Version=8.0.0.0, Culture=neutral, PublicKeyToken=7cec85d7bea7798e]]'.
2026-02-04 23:29:46.881 +05:30 [INF] Executed action CarRental.API.Controllers.CarsController.GetAll (CarRental.API) in 3.2527ms
2026-02-04 23:29:46.881 +05:30 [INF] Executed endpoint 'CarRental.API.Controllers.CarsController.GetAll (CarRental.API)'
2026-02-04 23:29:46.881 +05:30 [INF] Request finished HTTP/1.1 GET http://localhost:5000/api/Cars - 200 null application/json; charset=utf-8 4.9681ms
2026-02-04 23:29:49.916 +05:30 [INF] Request starting HTTP/1.1 GET http://localhost:5000/api/Rentals/customer/11111111-1111-1111-1111-111111111111 - null null
2026-02-04 23:29:49.917 +05:30 [INF] Executing endpoint 'CarRental.API.Controllers.RentalsController.GetByCustomer (CarRental.API)'
2026-02-04 23:29:49.917 +05:30 [INF] Route matched with {action = "GetByCustomer", controller = "Rentals"}. Executing controller action with signature System.Threading.Tasks.Task`1[Microsoft.AspNetCore.Mvc.IActionResult] GetByCustomer(System.Guid, System.Threading.CancellationToken) on controller CarRental.API.Controllers.RentalsController (CarRental.API).
2026-02-04 23:29:49.918 +05:30 [INF] Getting rentals for customer: "11111111-1111-1111-1111-111111111111"
2026-02-04 23:29:49.919 +05:30 [INF] Executed DbCommand (0ms) [Parameters=[@__customerId_0='?' (DbType = Guid)], CommandType='"Text"', CommandTimeout='30']
SELECT "r"."Id", "r"."ActualReturnDate", "r"."CarId", "r"."CreatedAt", "r"."CreatedBy", "r"."CustomerId", "r"."DailyRate", "r"."DamageCharges", "r"."DepositAmount", "r"."DepositReturned", "r"."EndDate", "r"."LateFee", "r"."Notes", "r"."OdometerAtPickup", "r"."OdometerAtReturn", "r"."PickupLocation", "r"."ReturnLocation", "r"."StartDate", "r"."Status", "r"."TotalCost", "r"."UpdatedAt", "r"."UpdatedBy", "c"."Id", "c"."Category", "c"."Color", "c"."CreatedAt", "c"."CreatedBy", "c"."DailyRate", "c"."Description", "c"."FuelType", "c"."HasAirConditioning", "c"."HasGPS", "c"."ImageUrl", "c"."LastMaintenanceDate", "c"."LicensePlate", "c"."Make", "c"."Mileage", "c"."Model", "c"."NextMaintenanceDate", "c"."SeatingCapacity", "c"."Status", "c"."Transmission", "c"."UpdatedAt", "c"."UpdatedBy", "c"."Year", "u"."Id", "u"."City", "u"."Country", "u"."CreatedAt", "u"."CreatedBy", "u"."DateOfBirth", "u"."DriversLicenseExpiry", "u"."DriversLicenseNumber", "u"."Email", "u"."FirstName", "u"."IsActive", "u"."LastLoginAt", "u"."LastName", "u"."PasswordHash", "u"."PhoneNumber", "u"."PostalCode", "u"."Role", "u"."State", "u"."Street", "u"."UpdatedAt", "u"."UpdatedBy"
FROM "Rentals" AS "r"
INNER JOIN "Cars" AS "c" ON "r"."CarId" = "c"."Id"
INNER JOIN "Users" AS "u" ON "r"."CustomerId" = "u"."Id"
WHERE "r"."CustomerId" = @__customerId_0
ORDER BY "r"."CreatedAt" DESC
2026-02-04 23:29:49.919 +05:30 [INF] Executing OkObjectResult, writing value of type 'CarRental.API.Controllers.ApiResponse`1[[System.Collections.Generic.IEnumerable`1[[CarRental.Application.DTOs.Rental.RentalDto, CarRental.Application, Version=1.0.0.0, Culture=neutral, PublicKeyToken=null]], System.Private.CoreLib, Version=8.0.0.0, Culture=neutral, PublicKeyToken=7cec85d7bea7798e]]'.
2026-02-04 23:29:49.919 +05:30 [INF] Executed action CarRental.API.Controllers.RentalsController.GetByCustomer (CarRental.API) in 1.8718ms
2026-02-04 23:29:49.919 +05:30 [INF] Executed endpoint 'CarRental.API.Controllers.RentalsController.GetByCustomer (CarRental.API)'
2026-02-04 23:29:49.919 +05:30 [INF] Request finished HTTP/1.1 GET http://localhost:5000/api/Rentals/customer/11111111-1111-1111-1111-111111111111 - 200 null application/json; charset=utf-8 3.2025ms
2026-02-04 23:29:49.922 +05:30 [INF] Request starting HTTP/1.1 GET http://localhost:5000/api/Rentals/customer/11111111-1111-1111-1111-111111111111 - null null
2026-02-04 23:29:49.922 +05:30 [INF] Executing endpoint 'CarRental.API.Controllers.RentalsController.GetByCustomer (CarRental.API)'
2026-02-04 23:29:49.923 +05:30 [INF] Route matched with {action = "GetByCustomer", controller = "Rentals"}. Executing controller action with signature System.Threading.Tasks.Task`1[Microsoft.AspNetCore.Mvc.IActionResult] GetByCustomer(System.Guid, System.Threading.CancellationToken) on controller CarRental.API.Controllers.RentalsController (CarRental.API).
2026-02-04 23:29:49.923 +05:30 [INF] Getting rentals for customer: "11111111-1111-1111-1111-111111111111"
2026-02-04 23:29:49.924 +05:30 [INF] Executed DbCommand (0ms) [Parameters=[@__customerId_0='?' (DbType = Guid)], CommandType='"Text"', CommandTimeout='30']
SELECT "r"."Id", "r"."ActualReturnDate", "r"."CarId", "r"."CreatedAt", "r"."CreatedBy", "r"."CustomerId", "r"."DailyRate", "r"."DamageCharges", "r"."DepositAmount", "r"."DepositReturned", "r"."EndDate", "r"."LateFee", "r"."Notes", "r"."OdometerAtPickup", "r"."OdometerAtReturn", "r"."PickupLocation", "r"."ReturnLocation", "r"."StartDate", "r"."Status", "r"."TotalCost", "r"."UpdatedAt", "r"."UpdatedBy", "c"."Id", "c"."Category", "c"."Color", "c"."CreatedAt", "c"."CreatedBy", "c"."DailyRate", "c"."Description", "c"."FuelType", "c"."HasAirConditioning", "c"."HasGPS", "c"."ImageUrl", "c"."LastMaintenanceDate", "c"."LicensePlate", "c"."Make", "c"."Mileage", "c"."Model", "c"."NextMaintenanceDate", "c"."SeatingCapacity", "c"."Status", "c"."Transmission", "c"."UpdatedAt", "c"."UpdatedBy", "c"."Year", "u"."Id", "u"."City", "u"."Country", "u"."CreatedAt", "u"."CreatedBy", "u"."DateOfBirth", "u"."DriversLicenseExpiry", "u"."DriversLicenseNumber", "u"."Email", "u"."FirstName", "u"."IsActive", "u"."LastLoginAt", "u"."LastName", "u"."PasswordHash", "u"."PhoneNumber", "u"."PostalCode", "u"."Role", "u"."State", "u"."Street", "u"."UpdatedAt", "u"."UpdatedBy"
FROM "Rentals" AS "r"
INNER JOIN "Cars" AS "c" ON "r"."CarId" = "c"."Id"
INNER JOIN "Users" AS "u" ON "r"."CustomerId" = "u"."Id"
WHERE "r"."CustomerId" = @__customerId_0
ORDER BY "r"."CreatedAt" DESC
2026-02-04 23:29:49.924 +05:30 [INF] Executing OkObjectResult, writing value of type 'CarRental.API.Controllers.ApiResponse`1[[System.Collections.Generic.IEnumerable`1[[CarRental.Application.DTOs.Rental.RentalDto, CarRental.Application, Version=1.0.0.0, Culture=neutral, PublicKeyToken=null]], System.Private.CoreLib, Version=8.0.0.0, Culture=neutral, PublicKeyToken=7cec85d7bea7798e]]'.
2026-02-04 23:29:49.924 +05:30 [INF] Executed action CarRental.API.Controllers.RentalsController.GetByCustomer (CarRental.API) in 1.6771ms
2026-02-04 23:29:49.924 +05:30 [INF] Executed endpoint 'CarRental.API.Controllers.RentalsController.GetByCustomer (CarRental.API)'
2026-02-04 23:29:49.925 +05:30 [INF] Request finished HTTP/1.1 GET http://localhost:5000/api/Rentals/customer/11111111-1111-1111-1111-111111111111 - 200 null application/json; charset=utf-8 2.6773ms
2026-02-04 23:29:51.884 +05:30 [INF] Request starting HTTP/1.1 GET http://localhost:5000/api/Rentals/customer/11111111-1111-1111-1111-111111111111 - null null
2026-02-04 23:29:51.884 +05:30 [INF] Executing endpoint 'CarRental.API.Controllers.RentalsController.GetByCustomer (CarRental.API)'
2026-02-04 23:29:51.884 +05:30 [INF] Route matched with {action = "GetByCustomer", controller = "Rentals"}. Executing controller action with signature System.Threading.Tasks.Task`1[Microsoft.AspNetCore.Mvc.IActionResult] GetByCustomer(System.Guid, System.Threading.CancellationToken) on controller CarRental.API.Controllers.RentalsController (CarRental.API).
2026-02-04 23:29:51.885 +05:30 [INF] Getting rentals for customer: "11111111-1111-1111-1111-111111111111"
2026-02-04 23:29:51.886 +05:30 [INF] Executed DbCommand (0ms) [Parameters=[@__customerId_0='?' (DbType = Guid)], CommandType='"Text"', CommandTimeout='30']
SELECT "r"."Id", "r"."ActualReturnDate", "r"."CarId", "r"."CreatedAt", "r"."CreatedBy", "r"."CustomerId", "r"."DailyRate", "r"."DamageCharges", "r"."DepositAmount", "r"."DepositReturned", "r"."EndDate", "r"."LateFee", "r"."Notes", "r"."OdometerAtPickup", "r"."OdometerAtReturn", "r"."PickupLocation", "r"."ReturnLocation", "r"."StartDate", "r"."Status", "r"."TotalCost", "r"."UpdatedAt", "r"."UpdatedBy", "c"."Id", "c"."Category", "c"."Color", "c"."CreatedAt", "c"."CreatedBy", "c"."DailyRate", "c"."Description", "c"."FuelType", "c"."HasAirConditioning", "c"."HasGPS", "c"."ImageUrl", "c"."LastMaintenanceDate", "c"."LicensePlate", "c"."Make", "c"."Mileage", "c"."Model", "c"."NextMaintenanceDate", "c"."SeatingCapacity", "c"."Status", "c"."Transmission", "c"."UpdatedAt", "c"."UpdatedBy", "c"."Year", "u"."Id", "u"."City", "u"."Country", "u"."CreatedAt", "u"."CreatedBy", "u"."DateOfBirth", "u"."DriversLicenseExpiry", "u"."DriversLicenseNumber", "u"."Email", "u"."FirstName", "u"."IsActive", "u"."LastLoginAt", "u"."LastName", "u"."PasswordHash", "u"."PhoneNumber", "u"."PostalCode", "u"."Role", "u"."State", "u"."Street", "u"."UpdatedAt", "u"."UpdatedBy"
FROM "Rentals" AS "r"
INNER JOIN "Cars" AS "c" ON "r"."CarId" = "c"."Id"
INNER JOIN "Users" AS "u" ON "r"."CustomerId" = "u"."Id"
WHERE "r"."CustomerId" = @__customerId_0
ORDER BY "r"."CreatedAt" DESC
2026-02-04 23:29:51.886 +05:30 [INF] Executing OkObjectResult, writing value of type 'CarRental.API.Controllers.ApiResponse`1[[System.Collections.Generic.IEnumerable`1[[CarRental.Application.DTOs.Rental.RentalDto, CarRental.Application, Version=1.0.0.0, Culture=neutral, PublicKeyToken=null]], System.Private.CoreLib, Version=8.0.0.0, Culture=neutral, PublicKeyToken=7cec85d7bea7798e]]'.
2026-02-04 23:29:51.886 +05:30 [INF] Executed action CarRental.API.Controllers.RentalsController.GetByCustomer (CarRental.API) in 1.9104ms
2026-02-04 23:29:51.886 +05:30 [INF] Executed endpoint 'CarRental.API.Controllers.RentalsController.GetByCustomer (CarRental.API)'
2026-02-04 23:29:51.886 +05:30 [INF] Request finished HTTP/1.1 GET http://localhost:5000/api/Rentals/customer/11111111-1111-1111-1111-111111111111 - 200 null application/json; charset=utf-8 2.8755ms
2026-02-04 23:29:51.889 +05:30 [INF] Request starting HTTP/1.1 GET http://localhost:5000/api/Rentals/customer/11111111-1111-1111-1111-111111111111 - null null
2026-02-04 23:29:51.890 +05:30 [INF] Executing endpoint 'CarRental.API.Controllers.RentalsController.GetByCustomer (CarRental.API)'
2026-02-04 23:29:51.890 +05:30 [INF] Route matched with {action = "GetByCustomer", controller = "Rentals"}. Executing controller action with signature System.Threading.Tasks.Task`1[Microsoft.AspNetCore.Mvc.IActionResult] GetByCustomer(System.Guid, System.Threading.CancellationToken) on controller CarRental.API.Controllers.RentalsController (CarRental.API).
2026-02-04 23:29:51.890 +05:30 [INF] Getting rentals for customer: "11111111-1111-1111-1111-111111111111"
2026-02-04 23:29:51.891 +05:30 [INF] Executed DbCommand (0ms) [Parameters=[@__customerId_0='?' (DbType = Guid)], CommandType='"Text"', CommandTimeout='30']
SELECT "r"."Id", "r"."ActualReturnDate", "r"."CarId", "r"."CreatedAt", "r"."CreatedBy", "r"."CustomerId", "r"."DailyRate", "r"."DamageCharges", "r"."DepositAmount", "r"."DepositReturned", "r"."EndDate", "r"."LateFee", "r"."Notes", "r"."OdometerAtPickup", "r"."OdometerAtReturn", "r"."PickupLocation", "r"."ReturnLocation", "r"."StartDate", "r"."Status", "r"."TotalCost", "r"."UpdatedAt", "r"."UpdatedBy", "c"."Id", "c"."Category", "c"."Color", "c"."CreatedAt", "c"."CreatedBy", "c"."DailyRate", "c"."Description", "c"."FuelType", "c"."HasAirConditioning", "c"."HasGPS", "c"."ImageUrl", "c"."LastMaintenanceDate", "c"."LicensePlate", "c"."Make", "c"."Mileage", "c"."Model", "c"."NextMaintenanceDate", "c"."SeatingCapacity", "c"."Status", "c"."Transmission", "c"."UpdatedAt", "c"."UpdatedBy", "c"."Year", "u"."Id", "u"."City", "u"."Country", "u"."CreatedAt", "u"."CreatedBy", "u"."DateOfBirth", "u"."DriversLicenseExpiry", "u"."DriversLicenseNumber", "u"."Email", "u"."FirstName", "u"."IsActive", "u"."LastLoginAt", "u"."LastName", "u"."PasswordHash", "u"."PhoneNumber", "u"."PostalCode", "u"."Role", "u"."State", "u"."Street", "u"."UpdatedAt", "u"."UpdatedBy"
FROM "Rentals" AS "r"
INNER JOIN "Cars" AS "c" ON "r"."CarId" = "c"."Id"
INNER JOIN "Users" AS "u" ON "r"."CustomerId" = "u"."Id"
WHERE "r"."CustomerId" = @__customerId_0
ORDER BY "r"."CreatedAt" DESC
2026-02-04 23:29:51.892 +05:30 [INF] Executing OkObjectResult, writing value of type 'CarRental.API.Controllers.ApiResponse`1[[System.Collections.Generic.IEnumerable`1[[CarRental.Application.DTOs.Rental.RentalDto, CarRental.Application, Version=1.0.0.0, Culture=neutral, PublicKeyToken=null]], System.Private.CoreLib, Version=8.0.0.0, Culture=neutral, PublicKeyToken=7cec85d7bea7798e]]'.
2026-02-04 23:29:51.892 +05:30 [INF] Executed action CarRental.API.Controllers.RentalsController.GetByCustomer (CarRental.API) in 1.9266ms
2026-02-04 23:29:51.892 +05:30 [INF] Executed endpoint 'CarRental.API.Controllers.RentalsController.GetByCustomer (CarRental.API)'
2026-02-04 23:29:51.892 +05:30 [INF] Request finished HTTP/1.1 GET http://localhost:5000/api/Rentals/customer/11111111-1111-1111-1111-111111111111 - 200 null application/json; charset=utf-8 3.1838ms
