2026-02-01 14:05:01.637 +05:30 [INF] Executed DbCommand (10ms) [Parameters=[], CommandType='"Text"', CommandTimeout='30']
SELECT CASE WHEN COUNT(*) = 0 THEN FALSE ELSE TRUE END
FROM information_schema.tables
WHERE table_type = 'BASE TABLE' AND table_schema = 'CarRentalDB'
2026-02-01 14:05:01.652 +05:30 [INF] Car Rental API is starting...
2026-02-01 14:05:01.655 +05:30 [INF] User profile is available. Using '/Users/prashantkumar/.aspnet/DataProtection-Keys' as key repository; keys will not be encrypted at rest.
2026-02-01 14:05:01.671 +05:30 [INF] Now listening on: http://localhost:5000
2026-02-01 14:05:01.671 +05:30 [INF] Application started. Press Ctrl+C to shut down.
2026-02-01 14:05:01.672 +05:30 [INF] Hosting environment: Production
2026-02-01 14:05:01.672 +05:30 [INF] Content root path: /Users/prashantkumar/Desktop/CarRental-backend/backend/src/CarRental.API
2026-02-01 14:05:06.810 +05:30 [INF] Request starting HTTP/1.1 GET http://localhost:5000/index.html - null null
2026-02-01 14:05:06.832 +05:30 [WRN] Failed to determine the https port for redirect.
2026-02-01 14:05:06.846 +05:30 [INF] Request finished HTTP/1.1 GET http://localhost:5000/index.html - 404 0 null 36.5745ms
2026-02-01 14:05:06.848 +05:30 [INF] Request reached the end of the middleware pipeline without being handled by application code. Request path: GET http://localhost:5000/index.html, Response status code: 404
2026-02-01 14:05:15.664 +05:30 [INF] Request starting HTTP/1.1 GET http://localhost:5000/swagger/index.html - null null
2026-02-01 14:05:15.702 +05:30 [INF] Request finished HTTP/1.1 GET http://localhost:5000/swagger/index.html - 200 null text/html;charset=utf-8 38.4949ms
2026-02-01 14:05:15.770 +05:30 [INF] Request starting HTTP/1.1 GET http://localhost:5000/swagger/v1/swagger.json - null null
2026-02-01 14:05:15.852 +05:30 [INF] Request finished HTTP/1.1 GET http://localhost:5000/swagger/v1/swagger.json - 200 null application/json;charset=utf-8 82.1658ms
2026-02-01 14:27:16.991 +05:30 [INF] Request starting HTTP/1.1 GET http://localhost:5000/api/Rentals/customer/11111111-1111-1111-1111-111111111111 - null null
2026-02-01 14:27:17.011 +05:30 [INF] Failed to validate the token.
Microsoft.IdentityModel.Tokens.SecurityTokenExpiredException: IDX10223: Lifetime validation failed. The token is expired. ValidTo (UTC): '30/01/2026 3:21:22 AM', Current time (UTC): '01/02/2026 8:57:17 AM'.
   at Microsoft.IdentityModel.Tokens.Validators.ValidateLifetime(Nullable`1 notBefore, Nullable`1 expires, SecurityToken securityToken, TokenValidationParameters validationParameters)
   at Microsoft.IdentityModel.JsonWebTokens.JsonWebTokenHandler.ValidateTokenPayloadAsync(JsonWebToken jsonWebToken, TokenValidationParameters validationParameters, BaseConfiguration configuration)
   at Microsoft.IdentityModel.JsonWebTokens.JsonWebTokenHandler.ValidateJWSAsync(JsonWebToken jsonWebToken, TokenValidationParameters validationParameters, BaseConfiguration configuration)
2026-02-01 14:27:17.016 +05:30 [INF] Bearer was not authenticated. Failure message: IDX10223: Lifetime validation failed. The token is expired. ValidTo (UTC): '30/01/2026 3:21:22 AM', Current time (UTC): '01/02/2026 8:57:17 AM'.
2026-02-01 14:27:17.018 +05:30 [INF] Authorization failed. These requirements were not met:
DenyAnonymousAuthorizationRequirement: Requires an authenticated user.
2026-02-01 14:27:17.019 +05:30 [INF] AuthenticationScheme: Bearer was challenged.
2026-02-01 14:27:17.019 +05:30 [INF] Request finished HTTP/1.1 GET http://localhost:5000/api/Rentals/customer/11111111-1111-1111-1111-111111111111 - 401 0 null 28.9954ms
2026-02-01 14:27:17.022 +05:30 [INF] Request starting HTTP/1.1 GET http://localhost:5000/api/Rentals/customer/11111111-1111-1111-1111-111111111111 - null null
2026-02-01 14:27:17.024 +05:30 [INF] Failed to validate the token.
Microsoft.IdentityModel.Tokens.SecurityTokenExpiredException: IDX10223: Lifetime validation failed. The token is expired. ValidTo (UTC): '30/01/2026 3:21:22 AM', Current time (UTC): '01/02/2026 8:57:17 AM'.
   at Microsoft.IdentityModel.Tokens.Validators.ValidateLifetime(Nullable`1 notBefore, Nullable`1 expires, SecurityToken securityToken, TokenValidationParameters validationParameters)
   at Microsoft.IdentityModel.JsonWebTokens.JsonWebTokenHandler.ValidateTokenPayloadAsync(JsonWebToken jsonWebToken, TokenValidationParameters validationParameters, BaseConfiguration configuration)
   at Microsoft.IdentityModel.JsonWebTokens.JsonWebTokenHandler.ValidateJWSAsync(JsonWebToken jsonWebToken, TokenValidationParameters validationParameters, BaseConfiguration configuration)
2026-02-01 14:27:17.025 +05:30 [INF] Bearer was not authenticated. Failure message: IDX10223: Lifetime validation failed. The token is expired. ValidTo (UTC): '30/01/2026 3:21:22 AM', Current time (UTC): '01/02/2026 8:57:17 AM'.
2026-02-01 14:27:17.026 +05:30 [INF] Authorization failed. These requirements were not met:
DenyAnonymousAuthorizationRequirement: Requires an authenticated user.
2026-02-01 14:27:17.027 +05:30 [INF] AuthenticationScheme: Bearer was challenged.
2026-02-01 14:27:17.027 +05:30 [INF] Request finished HTTP/1.1 GET http://localhost:5000/api/Rentals/customer/11111111-1111-1111-1111-111111111111 - 401 0 null 4.7634ms
2026-02-01 14:27:29.880 +05:30 [INF] Request starting HTTP/1.1 POST http://localhost:5000/api/Auth/login - application/json 58
2026-02-01 14:27:29.882 +05:30 [INF] CORS policy execution successful.
2026-02-01 14:27:29.883 +05:30 [INF] Executing endpoint 'CarRental.API.Controllers.AuthController.Login (CarRental.API)'
2026-02-01 14:27:29.900 +05:30 [INF] Route matched with {action = "Login", controller = "Auth"}. Executing controller action with signature System.Threading.Tasks.Task`1[Microsoft.AspNetCore.Mvc.IActionResult] Login(CarRental.Application.DTOs.Auth.LoginRequest, System.Threading.CancellationToken) on controller CarRental.API.Controllers.AuthController (CarRental.API).
2026-02-01 14:27:29.931 +05:30 [INF] Login attempt for email: customer@example.com
2026-02-01 14:27:30.053 +05:30 [INF] Executed DbCommand (9ms) [Parameters=[@__ToLower_0='?' (Size = 255)], CommandType='"Text"', CommandTimeout='30']
SELECT `u`.`Id`, `u`.`City`, `u`.`Country`, `u`.`CreatedAt`, `u`.`CreatedBy`, `u`.`DateOfBirth`, `u`.`DriversLicenseExpiry`, `u`.`DriversLicenseNumber`, `u`.`Email`, `u`.`FirstName`, `u`.`IsActive`, `u`.`LastLoginAt`, `u`.`LastName`, `u`.`PasswordHash`, `u`.`PhoneNumber`, `u`.`PostalCode`, `u`.`Role`, `u`.`State`, `u`.`Street`, `u`.`UpdatedAt`, `u`.`UpdatedBy`
FROM `Users` AS `u`
WHERE LOWER(`u`.`Email`) = @__ToLower_0
LIMIT 1
2026-02-01 14:27:30.272 +05:30 [INF] Executed DbCommand (6ms) [Parameters=[@p20='?' (DbType = Guid), @p0='?' (Size = 4000), @p1='?' (Size = 4000), @p2='?' (DbType = DateTime), @p3='?' (Size = 4000), @p4='?' (DbType = DateTime), @p5='?' (DbType = DateTime), @p6='?' (Size = 4000), @p7='?' (Size = 255), @p8='?' (Size = 50), @p9='?' (DbType = Boolean), @p10='?' (DbType = DateTime), @p11='?' (Size = 50), @p12='?' (Size = 4000), @p13='?' (Size = 20), @p14='?' (Size = 4000), @p15='?' (DbType = Int32), @p16='?' (Size = 4000), @p17='?' (Size = 4000), @p18='?' (DbType = DateTime), @p19='?' (Size = 4000)], CommandType='"Text"', CommandTimeout='30']
SET AUTOCOMMIT = 1;
UPDATE `Users` SET `City` = @p0, `Country` = @p1, `CreatedAt` = @p2, `CreatedBy` = @p3, `DateOfBirth` = @p4, `DriversLicenseExpiry` = @p5, `DriversLicenseNumber` = @p6, `Email` = @p7, `FirstName` = @p8, `IsActive` = @p9, `LastLoginAt` = @p10, `LastName` = @p11, `PasswordHash` = @p12, `PhoneNumber` = @p13, `PostalCode` = @p14, `Role` = @p15, `State` = @p16, `Street` = @p17, `UpdatedAt` = @p18, `UpdatedBy` = @p19
WHERE `Id` = @p20;
SELECT ROW_COUNT();
2026-02-01 14:27:30.278 +05:30 [INF] Executing OkObjectResult, writing value of type 'CarRental.API.Controllers.ApiResponse`1[[CarRental.Application.DTOs.Auth.AuthResponse, CarRental.Application, Version=1.0.0.0, Culture=neutral, PublicKeyToken=null]]'.
2026-02-01 14:27:30.282 +05:30 [INF] Executed action CarRental.API.Controllers.AuthController.Login (CarRental.API) in 381.3737ms
2026-02-01 14:27:30.282 +05:30 [INF] Executed endpoint 'CarRental.API.Controllers.AuthController.Login (CarRental.API)'
2026-02-01 14:27:30.283 +05:30 [INF] Request finished HTTP/1.1 POST http://localhost:5000/api/Auth/login - 200 null application/json; charset=utf-8 402.9262ms
2026-02-01 14:27:30.300 +05:30 [INF] Request starting HTTP/1.1 GET http://localhost:5000/api/Rentals/customer/22222222-2222-2222-2222-222222222222 - null null
2026-02-01 14:27:30.304 +05:30 [INF] Executing endpoint 'CarRental.API.Controllers.RentalsController.GetByCustomer (CarRental.API)'
2026-02-01 14:27:30.305 +05:30 [INF] Route matched with {action = "GetByCustomer", controller = "Rentals"}. Executing controller action with signature System.Threading.Tasks.Task`1[Microsoft.AspNetCore.Mvc.IActionResult] GetByCustomer(System.Guid, System.Threading.CancellationToken) on controller CarRental.API.Controllers.RentalsController (CarRental.API).
2026-02-01 14:27:30.309 +05:30 [INF] Getting rentals for customer: "22222222-2222-2222-2222-222222222222"
2026-02-01 14:27:30.342 +05:30 [INF] Executed DbCommand (3ms) [Parameters=[@__customerId_0='?' (DbType = Guid)], CommandType='"Text"', CommandTimeout='30']
SELECT `r`.`Id`, `r`.`ActualReturnDate`, `r`.`CarId`, `r`.`CreatedAt`, `r`.`CreatedBy`, `r`.`CustomerId`, `r`.`DailyRate`, `r`.`DamageCharges`, `r`.`DepositAmount`, `r`.`DepositReturned`, `r`.`EndDate`, `r`.`LateFee`, `r`.`Notes`, `r`.`OdometerAtPickup`, `r`.`OdometerAtReturn`, `r`.`PickupLocation`, `r`.`ReturnLocation`, `r`.`StartDate`, `r`.`Status`, `r`.`TotalCost`, `r`.`UpdatedAt`, `r`.`UpdatedBy`, `c`.`Id`, `c`.`Category`, `c`.`Color`, `c`.`CreatedAt`, `c`.`CreatedBy`, `c`.`DailyRate`, `c`.`Description`, `c`.`FuelType`, `c`.`HasAirConditioning`, `c`.`HasGPS`, `c`.`ImageUrl`, `c`.`LastMaintenanceDate`, `c`.`LicensePlate`, `c`.`Make`, `c`.`Mileage`, `c`.`Model`, `c`.`NextMaintenanceDate`, `c`.`SeatingCapacity`, `c`.`Status`, `c`.`Transmission`, `c`.`UpdatedAt`, `c`.`UpdatedBy`, `c`.`Year`, `u`.`Id`, `u`.`City`, `u`.`Country`, `u`.`CreatedAt`, `u`.`CreatedBy`, `u`.`DateOfBirth`, `u`.`DriversLicenseExpiry`, `u`.`DriversLicenseNumber`, `u`.`Email`, `u`.`FirstName`, `u`.`IsActive`, `u`.`LastLoginAt`, `u`.`LastName`, `u`.`PasswordHash`, `u`.`PhoneNumber`, `u`.`PostalCode`, `u`.`Role`, `u`.`State`, `u`.`Street`, `u`.`UpdatedAt`, `u`.`UpdatedBy`
FROM `Rentals` AS `r`
INNER JOIN `Cars` AS `c` ON `r`.`CarId` = `c`.`Id`
INNER JOIN `Users` AS `u` ON `r`.`CustomerId` = `u`.`Id`
WHERE `r`.`CustomerId` = @__customerId_0
ORDER BY `r`.`CreatedAt` DESC
2026-02-01 14:27:30.342 +05:30 [INF] Executing OkObjectResult, writing value of type 'CarRental.API.Controllers.ApiResponse`1[[System.Collections.Generic.IEnumerable`1[[CarRental.Application.DTOs.Rental.RentalDto, CarRental.Application, Version=1.0.0.0, Culture=neutral, PublicKeyToken=null]], System.Private.CoreLib, Version=8.0.0.0, Culture=neutral, PublicKeyToken=7cec85d7bea7798e]]'.
2026-02-01 14:27:30.345 +05:30 [INF] Executed action CarRental.API.Controllers.RentalsController.GetByCustomer (CarRental.API) in 39.7102ms
2026-02-01 14:27:30.345 +05:30 [INF] Executed endpoint 'CarRental.API.Controllers.RentalsController.GetByCustomer (CarRental.API)'
2026-02-01 14:27:30.345 +05:30 [INF] Request finished HTTP/1.1 GET http://localhost:5000/api/Rentals/customer/22222222-2222-2222-2222-222222222222 - 200 null application/json; charset=utf-8 45.0398ms
2026-02-01 14:27:30.347 +05:30 [INF] Request starting HTTP/1.1 GET http://localhost:5000/api/Rentals/customer/22222222-2222-2222-2222-222222222222 - null null
2026-02-01 14:27:30.347 +05:30 [INF] Executing endpoint 'CarRental.API.Controllers.RentalsController.GetByCustomer (CarRental.API)'
2026-02-01 14:27:30.347 +05:30 [INF] Route matched with {action = "GetByCustomer", controller = "Rentals"}. Executing controller action with signature System.Threading.Tasks.Task`1[Microsoft.AspNetCore.Mvc.IActionResult] GetByCustomer(System.Guid, System.Threading.CancellationToken) on controller CarRental.API.Controllers.RentalsController (CarRental.API).
2026-02-01 14:27:30.348 +05:30 [INF] Getting rentals for customer: "22222222-2222-2222-2222-222222222222"
2026-02-01 14:27:30.351 +05:30 [INF] Executed DbCommand (1ms) [Parameters=[@__customerId_0='?' (DbType = Guid)], CommandType='"Text"', CommandTimeout='30']
SELECT `r`.`Id`, `r`.`ActualReturnDate`, `r`.`CarId`, `r`.`CreatedAt`, `r`.`CreatedBy`, `r`.`CustomerId`, `r`.`DailyRate`, `r`.`DamageCharges`, `r`.`DepositAmount`, `r`.`DepositReturned`, `r`.`EndDate`, `r`.`LateFee`, `r`.`Notes`, `r`.`OdometerAtPickup`, `r`.`OdometerAtReturn`, `r`.`PickupLocation`, `r`.`ReturnLocation`, `r`.`StartDate`, `r`.`Status`, `r`.`TotalCost`, `r`.`UpdatedAt`, `r`.`UpdatedBy`, `c`.`Id`, `c`.`Category`, `c`.`Color`, `c`.`CreatedAt`, `c`.`CreatedBy`, `c`.`DailyRate`, `c`.`Description`, `c`.`FuelType`, `c`.`HasAirConditioning`, `c`.`HasGPS`, `c`.`ImageUrl`, `c`.`LastMaintenanceDate`, `c`.`LicensePlate`, `c`.`Make`, `c`.`Mileage`, `c`.`Model`, `c`.`NextMaintenanceDate`, `c`.`SeatingCapacity`, `c`.`Status`, `c`.`Transmission`, `c`.`UpdatedAt`, `c`.`UpdatedBy`, `c`.`Year`, `u`.`Id`, `u`.`City`, `u`.`Country`, `u`.`CreatedAt`, `u`.`CreatedBy`, `u`.`DateOfBirth`, `u`.`DriversLicenseExpiry`, `u`.`DriversLicenseNumber`, `u`.`Email`, `u`.`FirstName`, `u`.`IsActive`, `u`.`LastLoginAt`, `u`.`LastName`, `u`.`PasswordHash`, `u`.`PhoneNumber`, `u`.`PostalCode`, `u`.`Role`, `u`.`State`, `u`.`Street`, `u`.`UpdatedAt`, `u`.`UpdatedBy`
FROM `Rentals` AS `r`
INNER JOIN `Cars` AS `c` ON `r`.`CarId` = `c`.`Id`
INNER JOIN `Users` AS `u` ON `r`.`CustomerId` = `u`.`Id`
WHERE `r`.`CustomerId` = @__customerId_0
ORDER BY `r`.`CreatedAt` DESC
2026-02-01 14:27:30.351 +05:30 [INF] Executing OkObjectResult, writing value of type 'CarRental.API.Controllers.ApiResponse`1[[System.Collections.Generic.IEnumerable`1[[CarRental.Application.DTOs.Rental.RentalDto, CarRental.Application, Version=1.0.0.0, Culture=neutral, PublicKeyToken=null]], System.Private.CoreLib, Version=8.0.0.0, Culture=neutral, PublicKeyToken=7cec85d7bea7798e]]'.
2026-02-01 14:27:30.351 +05:30 [INF] Executed action CarRental.API.Controllers.RentalsController.GetByCustomer (CarRental.API) in 3.504ms
2026-02-01 14:27:30.351 +05:30 [INF] Executed endpoint 'CarRental.API.Controllers.RentalsController.GetByCustomer (CarRental.API)'
2026-02-01 14:27:30.351 +05:30 [INF] Request finished HTTP/1.1 GET http://localhost:5000/api/Rentals/customer/22222222-2222-2222-2222-222222222222 - 200 null application/json; charset=utf-8 4.2869ms
2026-02-01 14:27:39.283 +05:30 [INF] Request starting HTTP/1.1 GET http://localhost:5000/api/Cars - null null
2026-02-01 14:27:39.283 +05:30 [INF] Executing endpoint 'CarRental.API.Controllers.CarsController.GetAll (CarRental.API)'
2026-02-01 14:27:39.286 +05:30 [INF] Route matched with {action = "GetAll", controller = "Cars"}. Executing controller action with signature System.Threading.Tasks.Task`1[Microsoft.AspNetCore.Mvc.IActionResult] GetAll(System.Threading.CancellationToken) on controller CarRental.API.Controllers.CarsController (CarRental.API).
2026-02-01 14:27:39.288 +05:30 [INF] Getting all cars
2026-02-01 14:27:39.295 +05:30 [INF] Executed DbCommand (0ms) [Parameters=[], CommandType='"Text"', CommandTimeout='30']
SELECT `c`.`Id`, `c`.`Category`, `c`.`Color`, `c`.`CreatedAt`, `c`.`CreatedBy`, `c`.`DailyRate`, `c`.`Description`, `c`.`FuelType`, `c`.`HasAirConditioning`, `c`.`HasGPS`, `c`.`ImageUrl`, `c`.`LastMaintenanceDate`, `c`.`LicensePlate`, `c`.`Make`, `c`.`Mileage`, `c`.`Model`, `c`.`NextMaintenanceDate`, `c`.`SeatingCapacity`, `c`.`Status`, `c`.`Transmission`, `c`.`UpdatedAt`, `c`.`UpdatedBy`, `c`.`Year`
FROM `Cars` AS `c`
2026-02-01 14:27:39.313 +05:30 [INF] Executing OkObjectResult, writing value of type 'CarRental.API.Controllers.ApiResponse`1[[System.Collections.Generic.IEnumerable`1[[CarRental.Application.DTOs.Car.CarDto, CarRental.Application, Version=1.0.0.0, Culture=neutral, PublicKeyToken=null]], System.Private.CoreLib, Version=8.0.0.0, Culture=neutral, PublicKeyToken=7cec85d7bea7798e]]'.
2026-02-01 14:27:39.316 +05:30 [INF] Executed action CarRental.API.Controllers.CarsController.GetAll (CarRental.API) in 29.5847ms
2026-02-01 14:27:39.316 +05:30 [INF] Executed endpoint 'CarRental.API.Controllers.CarsController.GetAll (CarRental.API)'
2026-02-01 14:27:39.316 +05:30 [INF] Request finished HTTP/1.1 GET http://localhost:5000/api/Cars - 200 null application/json; charset=utf-8 33.4545ms
2026-02-01 14:27:39.318 +05:30 [INF] Request starting HTTP/1.1 GET http://localhost:5000/api/Cars - null null
2026-02-01 14:27:39.318 +05:30 [INF] Executing endpoint 'CarRental.API.Controllers.CarsController.GetAll (CarRental.API)'
2026-02-01 14:27:39.318 +05:30 [INF] Route matched with {action = "GetAll", controller = "Cars"}. Executing controller action with signature System.Threading.Tasks.Task`1[Microsoft.AspNetCore.Mvc.IActionResult] GetAll(System.Threading.CancellationToken) on controller CarRental.API.Controllers.CarsController (CarRental.API).
2026-02-01 14:27:39.319 +05:30 [INF] Getting all cars
2026-02-01 14:27:39.320 +05:30 [INF] Executed DbCommand (0ms) [Parameters=[], CommandType='"Text"', CommandTimeout='30']
SELECT `c`.`Id`, `c`.`Category`, `c`.`Color`, `c`.`CreatedAt`, `c`.`CreatedBy`, `c`.`DailyRate`, `c`.`Description`, `c`.`FuelType`, `c`.`HasAirConditioning`, `c`.`HasGPS`, `c`.`ImageUrl`, `c`.`LastMaintenanceDate`, `c`.`LicensePlate`, `c`.`Make`, `c`.`Mileage`, `c`.`Model`, `c`.`NextMaintenanceDate`, `c`.`SeatingCapacity`, `c`.`Status`, `c`.`Transmission`, `c`.`UpdatedAt`, `c`.`UpdatedBy`, `c`.`Year`
FROM `Cars` AS `c`
2026-02-01 14:27:39.321 +05:30 [INF] Executing OkObjectResult, writing value of type 'CarRental.API.Controllers.ApiResponse`1[[System.Collections.Generic.IEnumerable`1[[CarRental.Application.DTOs.Car.CarDto, CarRental.Application, Version=1.0.0.0, Culture=neutral, PublicKeyToken=null]], System.Private.CoreLib, Version=8.0.0.0, Culture=neutral, PublicKeyToken=7cec85d7bea7798e]]'.
2026-02-01 14:27:39.321 +05:30 [INF] Executed action CarRental.API.Controllers.CarsController.GetAll (CarRental.API) in 2.9956ms
2026-02-01 14:27:39.321 +05:30 [INF] Executed endpoint 'CarRental.API.Controllers.CarsController.GetAll (CarRental.API)'
2026-02-01 14:27:39.321 +05:30 [INF] Request finished HTTP/1.1 GET http://localhost:5000/api/Cars - 200 null application/json; charset=utf-8 3.6715ms
2026-02-01 14:27:45.174 +05:30 [INF] Request starting HTTP/1.1 GET http://localhost:5000/api/Rentals/customer/22222222-2222-2222-2222-222222222222 - null null
2026-02-01 14:27:45.175 +05:30 [INF] Executing endpoint 'CarRental.API.Controllers.RentalsController.GetByCustomer (CarRental.API)'
2026-02-01 14:27:45.175 +05:30 [INF] Route matched with {action = "GetByCustomer", controller = "Rentals"}. Executing controller action with signature System.Threading.Tasks.Task`1[Microsoft.AspNetCore.Mvc.IActionResult] GetByCustomer(System.Guid, System.Threading.CancellationToken) on controller CarRental.API.Controllers.RentalsController (CarRental.API).
2026-02-01 14:27:45.178 +05:30 [INF] Getting rentals for customer: "22222222-2222-2222-2222-222222222222"
2026-02-01 14:27:45.182 +05:30 [INF] Executed DbCommand (1ms) [Parameters=[@__customerId_0='?' (DbType = Guid)], CommandType='"Text"', CommandTimeout='30']
SELECT `r`.`Id`, `r`.`ActualReturnDate`, `r`.`CarId`, `r`.`CreatedAt`, `r`.`CreatedBy`, `r`.`CustomerId`, `r`.`DailyRate`, `r`.`DamageCharges`, `r`.`DepositAmount`, `r`.`DepositReturned`, `r`.`EndDate`, `r`.`LateFee`, `r`.`Notes`, `r`.`OdometerAtPickup`, `r`.`OdometerAtReturn`, `r`.`PickupLocation`, `r`.`ReturnLocation`, `r`.`StartDate`, `r`.`Status`, `r`.`TotalCost`, `r`.`UpdatedAt`, `r`.`UpdatedBy`, `c`.`Id`, `c`.`Category`, `c`.`Color`, `c`.`CreatedAt`, `c`.`CreatedBy`, `c`.`DailyRate`, `c`.`Description`, `c`.`FuelType`, `c`.`HasAirConditioning`, `c`.`HasGPS`, `c`.`ImageUrl`, `c`.`LastMaintenanceDate`, `c`.`LicensePlate`, `c`.`Make`, `c`.`Mileage`, `c`.`Model`, `c`.`NextMaintenanceDate`, `c`.`SeatingCapacity`, `c`.`Status`, `c`.`Transmission`, `c`.`UpdatedAt`, `c`.`UpdatedBy`, `c`.`Year`, `u`.`Id`, `u`.`City`, `u`.`Country`, `u`.`CreatedAt`, `u`.`CreatedBy`, `u`.`DateOfBirth`, `u`.`DriversLicenseExpiry`, `u`.`DriversLicenseNumber`, `u`.`Email`, `u`.`FirstName`, `u`.`IsActive`, `u`.`LastLoginAt`, `u`.`LastName`, `u`.`PasswordHash`, `u`.`PhoneNumber`, `u`.`PostalCode`, `u`.`Role`, `u`.`State`, `u`.`Street`, `u`.`UpdatedAt`, `u`.`UpdatedBy`
FROM `Rentals` AS `r`
INNER JOIN `Cars` AS `c` ON `r`.`CarId` = `c`.`Id`
INNER JOIN `Users` AS `u` ON `r`.`CustomerId` = `u`.`Id`
WHERE `r`.`CustomerId` = @__customerId_0
ORDER BY `r`.`CreatedAt` DESC
2026-02-01 14:27:45.183 +05:30 [INF] Executing OkObjectResult, writing value of type 'CarRental.API.Controllers.ApiResponse`1[[System.Collections.Generic.IEnumerable`1[[CarRental.Application.DTOs.Rental.RentalDto, CarRental.Application, Version=1.0.0.0, Culture=neutral, PublicKeyToken=null]], System.Private.CoreLib, Version=8.0.0.0, Culture=neutral, PublicKeyToken=7cec85d7bea7798e]]'.
2026-02-01 14:27:45.183 +05:30 [INF] Executed action CarRental.API.Controllers.RentalsController.GetByCustomer (CarRental.API) in 8.2626ms
2026-02-01 14:27:45.183 +05:30 [INF] Executed endpoint 'CarRental.API.Controllers.RentalsController.GetByCustomer (CarRental.API)'
2026-02-01 14:27:45.184 +05:30 [INF] Request finished HTTP/1.1 GET http://localhost:5000/api/Rentals/customer/22222222-2222-2222-2222-222222222222 - 200 null application/json; charset=utf-8 9.7931ms
2026-02-01 14:27:45.187 +05:30 [INF] Request starting HTTP/1.1 GET http://localhost:5000/api/Rentals/customer/22222222-2222-2222-2222-222222222222 - null null
2026-02-01 14:27:45.188 +05:30 [INF] Executing endpoint 'CarRental.API.Controllers.RentalsController.GetByCustomer (CarRental.API)'
2026-02-01 14:27:45.188 +05:30 [INF] Route matched with {action = "GetByCustomer", controller = "Rentals"}. Executing controller action with signature System.Threading.Tasks.Task`1[Microsoft.AspNetCore.Mvc.IActionResult] GetByCustomer(System.Guid, System.Threading.CancellationToken) on controller CarRental.API.Controllers.RentalsController (CarRental.API).
2026-02-01 14:27:45.189 +05:30 [INF] Getting rentals for customer: "22222222-2222-2222-2222-222222222222"
2026-02-01 14:27:45.191 +05:30 [INF] Executed DbCommand (1ms) [Parameters=[@__customerId_0='?' (DbType = Guid)], CommandType='"Text"', CommandTimeout='30']
SELECT `r`.`Id`, `r`.`ActualReturnDate`, `r`.`CarId`, `r`.`CreatedAt`, `r`.`CreatedBy`, `r`.`CustomerId`, `r`.`DailyRate`, `r`.`DamageCharges`, `r`.`DepositAmount`, `r`.`DepositReturned`, `r`.`EndDate`, `r`.`LateFee`, `r`.`Notes`, `r`.`OdometerAtPickup`, `r`.`OdometerAtReturn`, `r`.`PickupLocation`, `r`.`ReturnLocation`, `r`.`StartDate`, `r`.`Status`, `r`.`TotalCost`, `r`.`UpdatedAt`, `r`.`UpdatedBy`, `c`.`Id`, `c`.`Category`, `c`.`Color`, `c`.`CreatedAt`, `c`.`CreatedBy`, `c`.`DailyRate`, `c`.`Description`, `c`.`FuelType`, `c`.`HasAirConditioning`, `c`.`HasGPS`, `c`.`ImageUrl`, `c`.`LastMaintenanceDate`, `c`.`LicensePlate`, `c`.`Make`, `c`.`Mileage`, `c`.`Model`, `c`.`NextMaintenanceDate`, `c`.`SeatingCapacity`, `c`.`Status`, `c`.`Transmission`, `c`.`UpdatedAt`, `c`.`UpdatedBy`, `c`.`Year`, `u`.`Id`, `u`.`City`, `u`.`Country`, `u`.`CreatedAt`, `u`.`CreatedBy`, `u`.`DateOfBirth`, `u`.`DriversLicenseExpiry`, `u`.`DriversLicenseNumber`, `u`.`Email`, `u`.`FirstName`, `u`.`IsActive`, `u`.`LastLoginAt`, `u`.`LastName`, `u`.`PasswordHash`, `u`.`PhoneNumber`, `u`.`PostalCode`, `u`.`Role`, `u`.`State`, `u`.`Street`, `u`.`UpdatedAt`, `u`.`UpdatedBy`
FROM `Rentals` AS `r`
INNER JOIN `Cars` AS `c` ON `r`.`CarId` = `c`.`Id`
INNER JOIN `Users` AS `u` ON `r`.`CustomerId` = `u`.`Id`
WHERE `r`.`CustomerId` = @__customerId_0
ORDER BY `r`.`CreatedAt` DESC
2026-02-01 14:27:45.191 +05:30 [INF] Executing OkObjectResult, writing value of type 'CarRental.API.Controllers.ApiResponse`1[[System.Collections.Generic.IEnumerable`1[[CarRental.Application.DTOs.Rental.RentalDto, CarRental.Application, Version=1.0.0.0, Culture=neutral, PublicKeyToken=null]], System.Private.CoreLib, Version=8.0.0.0, Culture=neutral, PublicKeyToken=7cec85d7bea7798e]]'.
2026-02-01 14:27:45.192 +05:30 [INF] Executed action CarRental.API.Controllers.RentalsController.GetByCustomer (CarRental.API) in 3.772ms
2026-02-01 14:27:45.192 +05:30 [INF] Executed endpoint 'CarRental.API.Controllers.RentalsController.GetByCustomer (CarRental.API)'
2026-02-01 14:27:45.192 +05:30 [INF] Request finished HTTP/1.1 GET http://localhost:5000/api/Rentals/customer/22222222-2222-2222-2222-222222222222 - 200 null application/json; charset=utf-8 5.1879ms
2026-02-01 14:27:48.271 +05:30 [INF] Request starting HTTP/1.1 GET http://localhost:5000/api/Cars - null null
2026-02-01 14:27:48.272 +05:30 [INF] Executing endpoint 'CarRental.API.Controllers.CarsController.GetAll (CarRental.API)'
2026-02-01 14:27:48.272 +05:30 [INF] Route matched with {action = "GetAll", controller = "Cars"}. Executing controller action with signature System.Threading.Tasks.Task`1[Microsoft.AspNetCore.Mvc.IActionResult] GetAll(System.Threading.CancellationToken) on controller CarRental.API.Controllers.CarsController (CarRental.API).
2026-02-01 14:27:48.274 +05:30 [INF] Getting all cars
2026-02-01 14:27:48.276 +05:30 [INF] Executed DbCommand (0ms) [Parameters=[], CommandType='"Text"', CommandTimeout='30']
SELECT `c`.`Id`, `c`.`Category`, `c`.`Color`, `c`.`CreatedAt`, `c`.`CreatedBy`, `c`.`DailyRate`, `c`.`Description`, `c`.`FuelType`, `c`.`HasAirConditioning`, `c`.`HasGPS`, `c`.`ImageUrl`, `c`.`LastMaintenanceDate`, `c`.`LicensePlate`, `c`.`Make`, `c`.`Mileage`, `c`.`Model`, `c`.`NextMaintenanceDate`, `c`.`SeatingCapacity`, `c`.`Status`, `c`.`Transmission`, `c`.`UpdatedAt`, `c`.`UpdatedBy`, `c`.`Year`
FROM `Cars` AS `c`
2026-02-01 14:27:48.277 +05:30 [INF] Executing OkObjectResult, writing value of type 'CarRental.API.Controllers.ApiResponse`1[[System.Collections.Generic.IEnumerable`1[[CarRental.Application.DTOs.Car.CarDto, CarRental.Application, Version=1.0.0.0, Culture=neutral, PublicKeyToken=null]], System.Private.CoreLib, Version=8.0.0.0, Culture=neutral, PublicKeyToken=7cec85d7bea7798e]]'.
2026-02-01 14:27:48.277 +05:30 [INF] Executed action CarRental.API.Controllers.CarsController.GetAll (CarRental.API) in 4.9144ms
2026-02-01 14:27:48.277 +05:30 [INF] Executed endpoint 'CarRental.API.Controllers.CarsController.GetAll (CarRental.API)'
2026-02-01 14:27:48.277 +05:30 [INF] Request finished HTTP/1.1 GET http://localhost:5000/api/Cars - 200 null application/json; charset=utf-8 6.7198ms
2026-02-01 14:27:48.280 +05:30 [INF] Request starting HTTP/1.1 GET http://localhost:5000/api/Cars - null null
2026-02-01 14:27:48.280 +05:30 [INF] Executing endpoint 'CarRental.API.Controllers.CarsController.GetAll (CarRental.API)'
2026-02-01 14:27:48.280 +05:30 [INF] Route matched with {action = "GetAll", controller = "Cars"}. Executing controller action with signature System.Threading.Tasks.Task`1[Microsoft.AspNetCore.Mvc.IActionResult] GetAll(System.Threading.CancellationToken) on controller CarRental.API.Controllers.CarsController (CarRental.API).
2026-02-01 14:27:48.281 +05:30 [INF] Getting all cars
2026-02-01 14:27:48.282 +05:30 [INF] Executed DbCommand (0ms) [Parameters=[], CommandType='"Text"', CommandTimeout='30']
SELECT `c`.`Id`, `c`.`Category`, `c`.`Color`, `c`.`CreatedAt`, `c`.`CreatedBy`, `c`.`DailyRate`, `c`.`Description`, `c`.`FuelType`, `c`.`HasAirConditioning`, `c`.`HasGPS`, `c`.`ImageUrl`, `c`.`LastMaintenanceDate`, `c`.`LicensePlate`, `c`.`Make`, `c`.`Mileage`, `c`.`Model`, `c`.`NextMaintenanceDate`, `c`.`SeatingCapacity`, `c`.`Status`, `c`.`Transmission`, `c`.`UpdatedAt`, `c`.`UpdatedBy`, `c`.`Year`
FROM `Cars` AS `c`
2026-02-01 14:27:48.283 +05:30 [INF] Executing OkObjectResult, writing value of type 'CarRental.API.Controllers.ApiResponse`1[[System.Collections.Generic.IEnumerable`1[[CarRental.Application.DTOs.Car.CarDto, CarRental.Application, Version=1.0.0.0, Culture=neutral, PublicKeyToken=null]], System.Private.CoreLib, Version=8.0.0.0, Culture=neutral, PublicKeyToken=7cec85d7bea7798e]]'.
2026-02-01 14:27:48.283 +05:30 [INF] Executed action CarRental.API.Controllers.CarsController.GetAll (CarRental.API) in 2.7762ms
2026-02-01 14:27:48.283 +05:30 [INF] Executed endpoint 'CarRental.API.Controllers.CarsController.GetAll (CarRental.API)'
2026-02-01 14:27:48.283 +05:30 [INF] Request finished HTTP/1.1 GET http://localhost:5000/api/Cars - 200 null application/json; charset=utf-8 3.817ms
2026-02-01 14:27:50.688 +05:30 [INF] Request starting HTTP/1.1 GET http://localhost:5000/api/Cars/33333333-3333-3333-3333-333333333333 - null null
2026-02-01 14:27:50.689 +05:30 [INF] Executing endpoint 'CarRental.API.Controllers.CarsController.GetById (CarRental.API)'
2026-02-01 14:27:50.691 +05:30 [INF] Route matched with {action = "GetById", controller = "Cars"}. Executing controller action with signature System.Threading.Tasks.Task`1[Microsoft.AspNetCore.Mvc.IActionResult] GetById(System.Guid, System.Threading.CancellationToken) on controller CarRental.API.Controllers.CarsController (CarRental.API).
2026-02-01 14:27:50.692 +05:30 [INF] Getting car with ID: "33333333-3333-3333-3333-333333333333"
2026-02-01 14:27:50.699 +05:30 [INF] Executed DbCommand (0ms) [Parameters=[@__get_Item_0='?' (DbType = Guid)], CommandType='"Text"', CommandTimeout='30']
SELECT `c`.`Id`, `c`.`Category`, `c`.`Color`, `c`.`CreatedAt`, `c`.`CreatedBy`, `c`.`DailyRate`, `c`.`Description`, `c`.`FuelType`, `c`.`HasAirConditioning`, `c`.`HasGPS`, `c`.`ImageUrl`, `c`.`LastMaintenanceDate`, `c`.`LicensePlate`, `c`.`Make`, `c`.`Mileage`, `c`.`Model`, `c`.`NextMaintenanceDate`, `c`.`SeatingCapacity`, `c`.`Status`, `c`.`Transmission`, `c`.`UpdatedAt`, `c`.`UpdatedBy`, `c`.`Year`
FROM `Cars` AS `c`
WHERE `c`.`Id` = @__get_Item_0
LIMIT 1
2026-02-01 14:27:50.699 +05:30 [INF] Executing OkObjectResult, writing value of type 'CarRental.API.Controllers.ApiResponse`1[[CarRental.Application.DTOs.Car.CarDto, CarRental.Application, Version=1.0.0.0, Culture=neutral, PublicKeyToken=null]]'.
2026-02-01 14:27:50.700 +05:30 [INF] Executed action CarRental.API.Controllers.CarsController.GetById (CarRental.API) in 8.7095ms
2026-02-01 14:27:50.700 +05:30 [INF] Executed endpoint 'CarRental.API.Controllers.CarsController.GetById (CarRental.API)'
2026-02-01 14:27:50.700 +05:30 [INF] Request finished HTTP/1.1 GET http://localhost:5000/api/Cars/33333333-3333-3333-3333-333333333333 - 200 null application/json; charset=utf-8 11.8915ms
2026-02-01 14:27:50.702 +05:30 [INF] Request starting HTTP/1.1 GET http://localhost:5000/api/Cars/33333333-3333-3333-3333-333333333333 - null null
2026-02-01 14:27:50.702 +05:30 [INF] Executing endpoint 'CarRental.API.Controllers.CarsController.GetById (CarRental.API)'
2026-02-01 14:27:50.702 +05:30 [INF] Route matched with {action = "GetById", controller = "Cars"}. Executing controller action with signature System.Threading.Tasks.Task`1[Microsoft.AspNetCore.Mvc.IActionResult] GetById(System.Guid, System.Threading.CancellationToken) on controller CarRental.API.Controllers.CarsController (CarRental.API).
2026-02-01 14:27:50.703 +05:30 [INF] Getting car with ID: "33333333-3333-3333-3333-333333333333"
2026-02-01 14:27:50.704 +05:30 [INF] Executed DbCommand (0ms) [Parameters=[@__get_Item_0='?' (DbType = Guid)], CommandType='"Text"', CommandTimeout='30']
SELECT `c`.`Id`, `c`.`Category`, `c`.`Color`, `c`.`CreatedAt`, `c`.`CreatedBy`, `c`.`DailyRate`, `c`.`Description`, `c`.`FuelType`, `c`.`HasAirConditioning`, `c`.`HasGPS`, `c`.`ImageUrl`, `c`.`LastMaintenanceDate`, `c`.`LicensePlate`, `c`.`Make`, `c`.`Mileage`, `c`.`Model`, `c`.`NextMaintenanceDate`, `c`.`SeatingCapacity`, `c`.`Status`, `c`.`Transmission`, `c`.`UpdatedAt`, `c`.`UpdatedBy`, `c`.`Year`
FROM `Cars` AS `c`
WHERE `c`.`Id` = @__get_Item_0
LIMIT 1
2026-02-01 14:27:50.705 +05:30 [INF] Executing OkObjectResult, writing value of type 'CarRental.API.Controllers.ApiResponse`1[[CarRental.Application.DTOs.Car.CarDto, CarRental.Application, Version=1.0.0.0, Culture=neutral, PublicKeyToken=null]]'.
2026-02-01 14:27:50.705 +05:30 [INF] Executed action CarRental.API.Controllers.CarsController.GetById (CarRental.API) in 2.2998ms
2026-02-01 14:27:50.705 +05:30 [INF] Executed endpoint 'CarRental.API.Controllers.CarsController.GetById (CarRental.API)'
2026-02-01 14:27:50.705 +05:30 [INF] Request finished HTTP/1.1 GET http://localhost:5000/api/Cars/33333333-3333-3333-3333-333333333333 - 200 null application/json; charset=utf-8 3.2711ms
2026-02-01 14:28:00.266 +05:30 [INF] Request starting HTTP/1.1 POST http://localhost:5000/api/Rentals - application/json 238
2026-02-01 14:28:00.267 +05:30 [INF] CORS policy execution successful.
2026-02-01 14:28:00.268 +05:30 [INF] Executing endpoint 'CarRental.API.Controllers.RentalsController.Create (CarRental.API)'
2026-02-01 14:28:00.272 +05:30 [INF] Route matched with {action = "Create", controller = "Rentals"}. Executing controller action with signature System.Threading.Tasks.Task`1[Microsoft.AspNetCore.Mvc.IActionResult] Create(CarRental.Application.DTOs.Rental.CreateRentalRequest, System.Threading.CancellationToken) on controller CarRental.API.Controllers.RentalsController (CarRental.API).
2026-02-01 14:28:00.304 +05:30 [INF] Creating new rental for car: "33333333-3333-3333-3333-333333333333"
2026-02-01 14:28:00.307 +05:30 [INF] Executed DbCommand (1ms) [Parameters=[@__get_Item_0='?' (DbType = Guid)], CommandType='"Text"', CommandTimeout='30']
SELECT `c`.`Id`, `c`.`Category`, `c`.`Color`, `c`.`CreatedAt`, `c`.`CreatedBy`, `c`.`DailyRate`, `c`.`Description`, `c`.`FuelType`, `c`.`HasAirConditioning`, `c`.`HasGPS`, `c`.`ImageUrl`, `c`.`LastMaintenanceDate`, `c`.`LicensePlate`, `c`.`Make`, `c`.`Mileage`, `c`.`Model`, `c`.`NextMaintenanceDate`, `c`.`SeatingCapacity`, `c`.`Status`, `c`.`Transmission`, `c`.`UpdatedAt`, `c`.`UpdatedBy`, `c`.`Year`
FROM `Cars` AS `c`
WHERE `c`.`Id` = @__get_Item_0
LIMIT 1
2026-02-01 14:28:00.311 +05:30 [INF] Executed DbCommand (0ms) [Parameters=[@__get_Item_0='?' (DbType = Guid)], CommandType='"Text"', CommandTimeout='30']
SELECT `u`.`Id`, `u`.`City`, `u`.`Country`, `u`.`CreatedAt`, `u`.`CreatedBy`, `u`.`DateOfBirth`, `u`.`DriversLicenseExpiry`, `u`.`DriversLicenseNumber`, `u`.`Email`, `u`.`FirstName`, `u`.`IsActive`, `u`.`LastLoginAt`, `u`.`LastName`, `u`.`PasswordHash`, `u`.`PhoneNumber`, `u`.`PostalCode`, `u`.`Role`, `u`.`State`, `u`.`Street`, `u`.`UpdatedAt`, `u`.`UpdatedBy`
FROM `Users` AS `u`
WHERE `u`.`Id` = @__get_Item_0
LIMIT 1
2026-02-01 14:28:00.323 +05:30 [INF] Executed DbCommand (1ms) [Parameters=[@__carId_0='?' (DbType = Guid), @__endDate_1='?' (DbType = DateTime), @__startDate_2='?' (DbType = DateTime)], CommandType='"Text"', CommandTimeout='30']
SELECT EXISTS (
    SELECT 1
    FROM `Rentals` AS `r`
    WHERE ((`r`.`CarId` = @__carId_0) AND `r`.`Status` NOT IN (4, 3)) AND ((`r`.`StartDate` <= @__endDate_1) AND (`r`.`EndDate` >= @__startDate_2)))
2026-02-01 14:28:00.362 +05:30 [INF] Executed DbCommand (1ms) [Parameters=[@p22='?' (DbType = Guid), @p0='?' (DbType = Int32), @p1='?' (Size = 30), @p2='?' (DbType = DateTime), @p3='?' (Size = 4000), @p4='?' (DbType = Decimal), @p5='?' (Size = 4000), @p6='?' (Size = 30), @p7='?' (DbType = Boolean), @p8='?' (DbType = Boolean), @p9='?' (Size = 4000), @p10='?' (DbType = DateTime), @p11='?' (Size = 20), @p12='?' (Size = 50), @p13='?' (DbType = Int32), @p14='?' (Size = 50), @p15='?' (DbType = DateTime), @p16='?' (DbType = Int32), @p17='?' (DbType = Int32), @p18='?' (Size = 30), @p19='?' (DbType = DateTime), @p20='?' (Size = 4000), @p21='?' (DbType = Int32), @p23='?' (DbType = Guid), @p24='?' (DbType = DateTime), @p25='?' (DbType = Guid), @p26='?' (DbType = DateTime), @p27='?' (Size = 4000), @p28='?' (DbType = Guid), @p29='?' (DbType = Decimal), @p30='?', @p31='?' (DbType = Decimal), @p32='?' (DbType = Boolean), @p33='?' (DbType = DateTime), @p34='?', @p35='?' (Size = 4000), @p36='?' (DbType = Int32), @p37='?' (DbType = Int32), @p38='?' (Size = 500), @p39='?' (Size = 500), @p40='?' (DbType = DateTime), @p41='?' (DbType = Int32), @p42='?' (DbType = Decimal), @p43='?' (DbType = DateTime), @p44='?' (Size = 4000)], CommandType='"Text"', CommandTimeout='30']
UPDATE `Cars` SET `Category` = @p0, `Color` = @p1, `CreatedAt` = @p2, `CreatedBy` = @p3, `DailyRate` = @p4, `Description` = @p5, `FuelType` = @p6, `HasAirConditioning` = @p7, `HasGPS` = @p8, `ImageUrl` = @p9, `LastMaintenanceDate` = @p10, `LicensePlate` = @p11, `Make` = @p12, `Mileage` = @p13, `Model` = @p14, `NextMaintenanceDate` = @p15, `SeatingCapacity` = @p16, `Status` = @p17, `Transmission` = @p18, `UpdatedAt` = @p19, `UpdatedBy` = @p20, `Year` = @p21
WHERE `Id` = @p22;
SELECT ROW_COUNT();

INSERT INTO `Rentals` (`Id`, `ActualReturnDate`, `CarId`, `CreatedAt`, `CreatedBy`, `CustomerId`, `DailyRate`, `DamageCharges`, `DepositAmount`, `DepositReturned`, `EndDate`, `LateFee`, `Notes`, `OdometerAtPickup`, `OdometerAtReturn`, `PickupLocation`, `ReturnLocation`, `StartDate`, `Status`, `TotalCost`, `UpdatedAt`, `UpdatedBy`)
VALUES (@p23, @p24, @p25, @p26, @p27, @p28, @p29, @p30, @p31, @p32, @p33, @p34, @p35, @p36, @p37, @p38, @p39, @p40, @p41, @p42, @p43, @p44);
2026-02-01 14:28:00.367 +05:30 [INF] Executing OkObjectResult, writing value of type 'CarRental.API.Controllers.ApiResponse`1[[CarRental.Application.DTOs.Rental.RentalDto, CarRental.Application, Version=1.0.0.0, Culture=neutral, PublicKeyToken=null]]'.
2026-02-01 14:28:00.368 +05:30 [INF] Executed action CarRental.API.Controllers.RentalsController.Create (CarRental.API) in 95.8639ms
2026-02-01 14:28:00.368 +05:30 [INF] Executed endpoint 'CarRental.API.Controllers.RentalsController.Create (CarRental.API)'
2026-02-01 14:28:00.368 +05:30 [INF] Request finished HTTP/1.1 POST http://localhost:5000/api/Rentals - 200 null application/json; charset=utf-8 102.5435ms
2026-02-01 14:28:01.726 +05:30 [INF] Request starting HTTP/1.1 GET http://localhost:5000/api/Rentals/customer/22222222-2222-2222-2222-222222222222 - null null
2026-02-01 14:28:01.727 +05:30 [INF] Executing endpoint 'CarRental.API.Controllers.RentalsController.GetByCustomer (CarRental.API)'
2026-02-01 14:28:01.727 +05:30 [INF] Route matched with {action = "GetByCustomer", controller = "Rentals"}. Executing controller action with signature System.Threading.Tasks.Task`1[Microsoft.AspNetCore.Mvc.IActionResult] GetByCustomer(System.Guid, System.Threading.CancellationToken) on controller CarRental.API.Controllers.RentalsController (CarRental.API).
2026-02-01 14:28:01.729 +05:30 [INF] Getting rentals for customer: "22222222-2222-2222-2222-222222222222"
2026-02-01 14:28:01.733 +05:30 [INF] Executed DbCommand (1ms) [Parameters=[@__customerId_0='?' (DbType = Guid)], CommandType='"Text"', CommandTimeout='30']
SELECT `r`.`Id`, `r`.`ActualReturnDate`, `r`.`CarId`, `r`.`CreatedAt`, `r`.`CreatedBy`, `r`.`CustomerId`, `r`.`DailyRate`, `r`.`DamageCharges`, `r`.`DepositAmount`, `r`.`DepositReturned`, `r`.`EndDate`, `r`.`LateFee`, `r`.`Notes`, `r`.`OdometerAtPickup`, `r`.`OdometerAtReturn`, `r`.`PickupLocation`, `r`.`ReturnLocation`, `r`.`StartDate`, `r`.`Status`, `r`.`TotalCost`, `r`.`UpdatedAt`, `r`.`UpdatedBy`, `c`.`Id`, `c`.`Category`, `c`.`Color`, `c`.`CreatedAt`, `c`.`CreatedBy`, `c`.`DailyRate`, `c`.`Description`, `c`.`FuelType`, `c`.`HasAirConditioning`, `c`.`HasGPS`, `c`.`ImageUrl`, `c`.`LastMaintenanceDate`, `c`.`LicensePlate`, `c`.`Make`, `c`.`Mileage`, `c`.`Model`, `c`.`NextMaintenanceDate`, `c`.`SeatingCapacity`, `c`.`Status`, `c`.`Transmission`, `c`.`UpdatedAt`, `c`.`UpdatedBy`, `c`.`Year`, `u`.`Id`, `u`.`City`, `u`.`Country`, `u`.`CreatedAt`, `u`.`CreatedBy`, `u`.`DateOfBirth`, `u`.`DriversLicenseExpiry`, `u`.`DriversLicenseNumber`, `u`.`Email`, `u`.`FirstName`, `u`.`IsActive`, `u`.`LastLoginAt`, `u`.`LastName`, `u`.`PasswordHash`, `u`.`PhoneNumber`, `u`.`PostalCode`, `u`.`Role`, `u`.`State`, `u`.`Street`, `u`.`UpdatedAt`, `u`.`UpdatedBy`
FROM `Rentals` AS `r`
INNER JOIN `Cars` AS `c` ON `r`.`CarId` = `c`.`Id`
INNER JOIN `Users` AS `u` ON `r`.`CustomerId` = `u`.`Id`
WHERE `r`.`CustomerId` = @__customerId_0
ORDER BY `r`.`CreatedAt` DESC
2026-02-01 14:28:01.742 +05:30 [INF] Executing OkObjectResult, writing value of type 'CarRental.API.Controllers.ApiResponse`1[[System.Collections.Generic.IEnumerable`1[[CarRental.Application.DTOs.Rental.RentalDto, CarRental.Application, Version=1.0.0.0, Culture=neutral, PublicKeyToken=null]], System.Private.CoreLib, Version=8.0.0.0, Culture=neutral, PublicKeyToken=7cec85d7bea7798e]]'.
2026-02-01 14:28:01.743 +05:30 [INF] Executed action CarRental.API.Controllers.RentalsController.GetByCustomer (CarRental.API) in 15.6236ms
2026-02-01 14:28:01.743 +05:30 [INF] Executed endpoint 'CarRental.API.Controllers.RentalsController.GetByCustomer (CarRental.API)'
2026-02-01 14:28:01.743 +05:30 [INF] Request finished HTTP/1.1 GET http://localhost:5000/api/Rentals/customer/22222222-2222-2222-2222-222222222222 - 200 null application/json; charset=utf-8 17.138ms
2026-02-01 14:28:01.746 +05:30 [INF] Request starting HTTP/1.1 GET http://localhost:5000/api/Rentals/customer/22222222-2222-2222-2222-222222222222 - null null
2026-02-01 14:28:01.747 +05:30 [INF] Executing endpoint 'CarRental.API.Controllers.RentalsController.GetByCustomer (CarRental.API)'
2026-02-01 14:28:01.747 +05:30 [INF] Route matched with {action = "GetByCustomer", controller = "Rentals"}. Executing controller action with signature System.Threading.Tasks.Task`1[Microsoft.AspNetCore.Mvc.IActionResult] GetByCustomer(System.Guid, System.Threading.CancellationToken) on controller CarRental.API.Controllers.RentalsController (CarRental.API).
2026-02-01 14:28:01.748 +05:30 [INF] Getting rentals for customer: "22222222-2222-2222-2222-222222222222"
2026-02-01 14:28:01.751 +05:30 [INF] Executed DbCommand (1ms) [Parameters=[@__customerId_0='?' (DbType = Guid)], CommandType='"Text"', CommandTimeout='30']
SELECT `r`.`Id`, `r`.`ActualReturnDate`, `r`.`CarId`, `r`.`CreatedAt`, `r`.`CreatedBy`, `r`.`CustomerId`, `r`.`DailyRate`, `r`.`DamageCharges`, `r`.`DepositAmount`, `r`.`DepositReturned`, `r`.`EndDate`, `r`.`LateFee`, `r`.`Notes`, `r`.`OdometerAtPickup`, `r`.`OdometerAtReturn`, `r`.`PickupLocation`, `r`.`ReturnLocation`, `r`.`StartDate`, `r`.`Status`, `r`.`TotalCost`, `r`.`UpdatedAt`, `r`.`UpdatedBy`, `c`.`Id`, `c`.`Category`, `c`.`Color`, `c`.`CreatedAt`, `c`.`CreatedBy`, `c`.`DailyRate`, `c`.`Description`, `c`.`FuelType`, `c`.`HasAirConditioning`, `c`.`HasGPS`, `c`.`ImageUrl`, `c`.`LastMaintenanceDate`, `c`.`LicensePlate`, `c`.`Make`, `c`.`Mileage`, `c`.`Model`, `c`.`NextMaintenanceDate`, `c`.`SeatingCapacity`, `c`.`Status`, `c`.`Transmission`, `c`.`UpdatedAt`, `c`.`UpdatedBy`, `c`.`Year`, `u`.`Id`, `u`.`City`, `u`.`Country`, `u`.`CreatedAt`, `u`.`CreatedBy`, `u`.`DateOfBirth`, `u`.`DriversLicenseExpiry`, `u`.`DriversLicenseNumber`, `u`.`Email`, `u`.`FirstName`, `u`.`IsActive`, `u`.`LastLoginAt`, `u`.`LastName`, `u`.`PasswordHash`, `u`.`PhoneNumber`, `u`.`PostalCode`, `u`.`Role`, `u`.`State`, `u`.`Street`, `u`.`UpdatedAt`, `u`.`UpdatedBy`
FROM `Rentals` AS `r`
INNER JOIN `Cars` AS `c` ON `r`.`CarId` = `c`.`Id`
INNER JOIN `Users` AS `u` ON `r`.`CustomerId` = `u`.`Id`
WHERE `r`.`CustomerId` = @__customerId_0
ORDER BY `r`.`CreatedAt` DESC
2026-02-01 14:28:01.752 +05:30 [INF] Executing OkObjectResult, writing value of type 'CarRental.API.Controllers.ApiResponse`1[[System.Collections.Generic.IEnumerable`1[[CarRental.Application.DTOs.Rental.RentalDto, CarRental.Application, Version=1.0.0.0, Culture=neutral, PublicKeyToken=null]], System.Private.CoreLib, Version=8.0.0.0, Culture=neutral, PublicKeyToken=7cec85d7bea7798e]]'.
2026-02-01 14:28:01.752 +05:30 [INF] Executed action CarRental.API.Controllers.RentalsController.GetByCustomer (CarRental.API) in 4.537ms
2026-02-01 14:28:01.752 +05:30 [INF] Executed endpoint 'CarRental.API.Controllers.RentalsController.GetByCustomer (CarRental.API)'
2026-02-01 14:28:01.752 +05:30 [INF] Request finished HTTP/1.1 GET http://localhost:5000/api/Rentals/customer/22222222-2222-2222-2222-222222222222 - 200 null application/json; charset=utf-8 5.7914ms
2026-02-01 14:30:05.325 +05:30 [INF] Request starting HTTP/1.1 GET http://localhost:5000/api/Cars - null null
2026-02-01 14:30:05.325 +05:30 [INF] Executing endpoint 'CarRental.API.Controllers.CarsController.GetAll (CarRental.API)'
2026-02-01 14:30:05.326 +05:30 [INF] Route matched with {action = "GetAll", controller = "Cars"}. Executing controller action with signature System.Threading.Tasks.Task`1[Microsoft.AspNetCore.Mvc.IActionResult] GetAll(System.Threading.CancellationToken) on controller CarRental.API.Controllers.CarsController (CarRental.API).
2026-02-01 14:30:05.326 +05:30 [INF] Getting all cars
2026-02-01 14:30:05.327 +05:30 [INF] Executed DbCommand (0ms) [Parameters=[], CommandType='"Text"', CommandTimeout='30']
SELECT `c`.`Id`, `c`.`Category`, `c`.`Color`, `c`.`CreatedAt`, `c`.`CreatedBy`, `c`.`DailyRate`, `c`.`Description`, `c`.`FuelType`, `c`.`HasAirConditioning`, `c`.`HasGPS`, `c`.`ImageUrl`, `c`.`LastMaintenanceDate`, `c`.`LicensePlate`, `c`.`Make`, `c`.`Mileage`, `c`.`Model`, `c`.`NextMaintenanceDate`, `c`.`SeatingCapacity`, `c`.`Status`, `c`.`Transmission`, `c`.`UpdatedAt`, `c`.`UpdatedBy`, `c`.`Year`
FROM `Cars` AS `c`
2026-02-01 14:30:05.328 +05:30 [INF] Executing OkObjectResult, writing value of type 'CarRental.API.Controllers.ApiResponse`1[[System.Collections.Generic.IEnumerable`1[[CarRental.Application.DTOs.Car.CarDto, CarRental.Application, Version=1.0.0.0, Culture=neutral, PublicKeyToken=null]], System.Private.CoreLib, Version=8.0.0.0, Culture=neutral, PublicKeyToken=7cec85d7bea7798e]]'.
2026-02-01 14:30:05.328 +05:30 [INF] Executed action CarRental.API.Controllers.CarsController.GetAll (CarRental.API) in 2.2377ms
2026-02-01 14:30:05.328 +05:30 [INF] Executed endpoint 'CarRental.API.Controllers.CarsController.GetAll (CarRental.API)'
2026-02-01 14:30:05.328 +05:30 [INF] Request finished HTTP/1.1 GET http://localhost:5000/api/Cars - 200 null application/json; charset=utf-8 3.2896ms
2026-02-01 14:30:05.330 +05:30 [INF] Request starting HTTP/1.1 GET http://localhost:5000/api/Cars - null null
2026-02-01 14:30:05.331 +05:30 [INF] Executing endpoint 'CarRental.API.Controllers.CarsController.GetAll (CarRental.API)'
2026-02-01 14:30:05.331 +05:30 [INF] Route matched with {action = "GetAll", controller = "Cars"}. Executing controller action with signature System.Threading.Tasks.Task`1[Microsoft.AspNetCore.Mvc.IActionResult] GetAll(System.Threading.CancellationToken) on controller CarRental.API.Controllers.CarsController (CarRental.API).
2026-02-01 14:30:05.331 +05:30 [INF] Getting all cars
2026-02-01 14:30:05.333 +05:30 [INF] Executed DbCommand (0ms) [Parameters=[], CommandType='"Text"', CommandTimeout='30']
SELECT `c`.`Id`, `c`.`Category`, `c`.`Color`, `c`.`CreatedAt`, `c`.`CreatedBy`, `c`.`DailyRate`, `c`.`Description`, `c`.`FuelType`, `c`.`HasAirConditioning`, `c`.`HasGPS`, `c`.`ImageUrl`, `c`.`LastMaintenanceDate`, `c`.`LicensePlate`, `c`.`Make`, `c`.`Mileage`, `c`.`Model`, `c`.`NextMaintenanceDate`, `c`.`SeatingCapacity`, `c`.`Status`, `c`.`Transmission`, `c`.`UpdatedAt`, `c`.`UpdatedBy`, `c`.`Year`
FROM `Cars` AS `c`
2026-02-01 14:30:05.333 +05:30 [INF] Executing OkObjectResult, writing value of type 'CarRental.API.Controllers.ApiResponse`1[[System.Collections.Generic.IEnumerable`1[[CarRental.Application.DTOs.Car.CarDto, CarRental.Application, Version=1.0.0.0, Culture=neutral, PublicKeyToken=null]], System.Private.CoreLib, Version=8.0.0.0, Culture=neutral, PublicKeyToken=7cec85d7bea7798e]]'.
2026-02-01 14:30:05.334 +05:30 [INF] Executed action CarRental.API.Controllers.CarsController.GetAll (CarRental.API) in 2.7848ms
2026-02-01 14:30:05.334 +05:30 [INF] Executed endpoint 'CarRental.API.Controllers.CarsController.GetAll (CarRental.API)'
2026-02-01 14:30:05.334 +05:30 [INF] Request finished HTTP/1.1 GET http://localhost:5000/api/Cars - 200 null application/json; charset=utf-8 3.6799ms
2026-02-01 14:30:06.251 +05:30 [INF] Request starting HTTP/1.1 GET http://localhost:5000/api/Rentals/customer/22222222-2222-2222-2222-222222222222 - null null
2026-02-01 14:30:06.252 +05:30 [INF] Executing endpoint 'CarRental.API.Controllers.RentalsController.GetByCustomer (CarRental.API)'
2026-02-01 14:30:06.253 +05:30 [INF] Route matched with {action = "GetByCustomer", controller = "Rentals"}. Executing controller action with signature System.Threading.Tasks.Task`1[Microsoft.AspNetCore.Mvc.IActionResult] GetByCustomer(System.Guid, System.Threading.CancellationToken) on controller CarRental.API.Controllers.RentalsController (CarRental.API).
2026-02-01 14:30:06.254 +05:30 [INF] Getting rentals for customer: "22222222-2222-2222-2222-222222222222"
2026-02-01 14:30:06.257 +05:30 [INF] Executed DbCommand (1ms) [Parameters=[@__customerId_0='?' (DbType = Guid)], CommandType='"Text"', CommandTimeout='30']
SELECT `r`.`Id`, `r`.`ActualReturnDate`, `r`.`CarId`, `r`.`CreatedAt`, `r`.`CreatedBy`, `r`.`CustomerId`, `r`.`DailyRate`, `r`.`DamageCharges`, `r`.`DepositAmount`, `r`.`DepositReturned`, `r`.`EndDate`, `r`.`LateFee`, `r`.`Notes`, `r`.`OdometerAtPickup`, `r`.`OdometerAtReturn`, `r`.`PickupLocation`, `r`.`ReturnLocation`, `r`.`StartDate`, `r`.`Status`, `r`.`TotalCost`, `r`.`UpdatedAt`, `r`.`UpdatedBy`, `c`.`Id`, `c`.`Category`, `c`.`Color`, `c`.`CreatedAt`, `c`.`CreatedBy`, `c`.`DailyRate`, `c`.`Description`, `c`.`FuelType`, `c`.`HasAirConditioning`, `c`.`HasGPS`, `c`.`ImageUrl`, `c`.`LastMaintenanceDate`, `c`.`LicensePlate`, `c`.`Make`, `c`.`Mileage`, `c`.`Model`, `c`.`NextMaintenanceDate`, `c`.`SeatingCapacity`, `c`.`Status`, `c`.`Transmission`, `c`.`UpdatedAt`, `c`.`UpdatedBy`, `c`.`Year`, `u`.`Id`, `u`.`City`, `u`.`Country`, `u`.`CreatedAt`, `u`.`CreatedBy`, `u`.`DateOfBirth`, `u`.`DriversLicenseExpiry`, `u`.`DriversLicenseNumber`, `u`.`Email`, `u`.`FirstName`, `u`.`IsActive`, `u`.`LastLoginAt`, `u`.`LastName`, `u`.`PasswordHash`, `u`.`PhoneNumber`, `u`.`PostalCode`, `u`.`Role`, `u`.`State`, `u`.`Street`, `u`.`UpdatedAt`, `u`.`UpdatedBy`
FROM `Rentals` AS `r`
INNER JOIN `Cars` AS `c` ON `r`.`CarId` = `c`.`Id`
INNER JOIN `Users` AS `u` ON `r`.`CustomerId` = `u`.`Id`
WHERE `r`.`CustomerId` = @__customerId_0
ORDER BY `r`.`CreatedAt` DESC
2026-02-01 14:30:06.258 +05:30 [INF] Executing OkObjectResult, writing value of type 'CarRental.API.Controllers.ApiResponse`1[[System.Collections.Generic.IEnumerable`1[[CarRental.Application.DTOs.Rental.RentalDto, CarRental.Application, Version=1.0.0.0, Culture=neutral, PublicKeyToken=null]], System.Private.CoreLib, Version=8.0.0.0, Culture=neutral, PublicKeyToken=7cec85d7bea7798e]]'.
2026-02-01 14:30:06.259 +05:30 [INF] Executed action CarRental.API.Controllers.RentalsController.GetByCustomer (CarRental.API) in 6.4341ms
2026-02-01 14:30:06.259 +05:30 [INF] Executed endpoint 'CarRental.API.Controllers.RentalsController.GetByCustomer (CarRental.API)'
2026-02-01 14:30:06.260 +05:30 [INF] Request finished HTTP/1.1 GET http://localhost:5000/api/Rentals/customer/22222222-2222-2222-2222-222222222222 - 200 null application/json; charset=utf-8 8.3005ms
2026-02-01 14:30:06.262 +05:30 [INF] Request starting HTTP/1.1 GET http://localhost:5000/api/Rentals/customer/22222222-2222-2222-2222-222222222222 - null null
2026-02-01 14:30:06.263 +05:30 [INF] Executing endpoint 'CarRental.API.Controllers.RentalsController.GetByCustomer (CarRental.API)'
2026-02-01 14:30:06.263 +05:30 [INF] Route matched with {action = "GetByCustomer", controller = "Rentals"}. Executing controller action with signature System.Threading.Tasks.Task`1[Microsoft.AspNetCore.Mvc.IActionResult] GetByCustomer(System.Guid, System.Threading.CancellationToken) on controller CarRental.API.Controllers.RentalsController (CarRental.API).
2026-02-01 14:30:06.265 +05:30 [INF] Getting rentals for customer: "22222222-2222-2222-2222-222222222222"
2026-02-01 14:30:06.268 +05:30 [INF] Executed DbCommand (1ms) [Parameters=[@__customerId_0='?' (DbType = Guid)], CommandType='"Text"', CommandTimeout='30']
SELECT `r`.`Id`, `r`.`ActualReturnDate`, `r`.`CarId`, `r`.`CreatedAt`, `r`.`CreatedBy`, `r`.`CustomerId`, `r`.`DailyRate`, `r`.`DamageCharges`, `r`.`DepositAmount`, `r`.`DepositReturned`, `r`.`EndDate`, `r`.`LateFee`, `r`.`Notes`, `r`.`OdometerAtPickup`, `r`.`OdometerAtReturn`, `r`.`PickupLocation`, `r`.`ReturnLocation`, `r`.`StartDate`, `r`.`Status`, `r`.`TotalCost`, `r`.`UpdatedAt`, `r`.`UpdatedBy`, `c`.`Id`, `c`.`Category`, `c`.`Color`, `c`.`CreatedAt`, `c`.`CreatedBy`, `c`.`DailyRate`, `c`.`Description`, `c`.`FuelType`, `c`.`HasAirConditioning`, `c`.`HasGPS`, `c`.`ImageUrl`, `c`.`LastMaintenanceDate`, `c`.`LicensePlate`, `c`.`Make`, `c`.`Mileage`, `c`.`Model`, `c`.`NextMaintenanceDate`, `c`.`SeatingCapacity`, `c`.`Status`, `c`.`Transmission`, `c`.`UpdatedAt`, `c`.`UpdatedBy`, `c`.`Year`, `u`.`Id`, `u`.`City`, `u`.`Country`, `u`.`CreatedAt`, `u`.`CreatedBy`, `u`.`DateOfBirth`, `u`.`DriversLicenseExpiry`, `u`.`DriversLicenseNumber`, `u`.`Email`, `u`.`FirstName`, `u`.`IsActive`, `u`.`LastLoginAt`, `u`.`LastName`, `u`.`PasswordHash`, `u`.`PhoneNumber`, `u`.`PostalCode`, `u`.`Role`, `u`.`State`, `u`.`Street`, `u`.`UpdatedAt`, `u`.`UpdatedBy`
FROM `Rentals` AS `r`
INNER JOIN `Cars` AS `c` ON `r`.`CarId` = `c`.`Id`
INNER JOIN `Users` AS `u` ON `r`.`CustomerId` = `u`.`Id`
WHERE `r`.`CustomerId` = @__customerId_0
ORDER BY `r`.`CreatedAt` DESC
2026-02-01 14:30:06.269 +05:30 [INF] Executing OkObjectResult, writing value of type 'CarRental.API.Controllers.ApiResponse`1[[System.Collections.Generic.IEnumerable`1[[CarRental.Application.DTOs.Rental.RentalDto, CarRental.Application, Version=1.0.0.0, Culture=neutral, PublicKeyToken=null]], System.Private.CoreLib, Version=8.0.0.0, Culture=neutral, PublicKeyToken=7cec85d7bea7798e]]'.
2026-02-01 14:30:06.269 +05:30 [INF] Executed action CarRental.API.Controllers.RentalsController.GetByCustomer (CarRental.API) in 5.6203ms
2026-02-01 14:30:06.269 +05:30 [INF] Executed endpoint 'CarRental.API.Controllers.RentalsController.GetByCustomer (CarRental.API)'
2026-02-01 14:30:06.269 +05:30 [INF] Request finished HTTP/1.1 GET http://localhost:5000/api/Rentals/customer/22222222-2222-2222-2222-222222222222 - 200 null application/json; charset=utf-8 7.3002ms
2026-02-01 14:32:01.857 +05:30 [INF] Request starting HTTP/1.1 POST http://localhost:5000/api/Auth/login - application/json 58
2026-02-01 14:32:01.859 +05:30 [INF] CORS policy execution successful.
2026-02-01 14:32:01.860 +05:30 [INF] Executing endpoint 'CarRental.API.Controllers.AuthController.Login (CarRental.API)'
2026-02-01 14:32:01.860 +05:30 [INF] Route matched with {action = "Login", controller = "Auth"}. Executing controller action with signature System.Threading.Tasks.Task`1[Microsoft.AspNetCore.Mvc.IActionResult] Login(CarRental.Application.DTOs.Auth.LoginRequest, System.Threading.CancellationToken) on controller CarRental.API.Controllers.AuthController (CarRental.API).
2026-02-01 14:32:01.863 +05:30 [INF] Login attempt for email: customer@example.com
2026-02-01 14:32:01.866 +05:30 [INF] Executed DbCommand (1ms) [Parameters=[@__ToLower_0='?' (Size = 255)], CommandType='"Text"', CommandTimeout='30']
SELECT `u`.`Id`, `u`.`City`, `u`.`Country`, `u`.`CreatedAt`, `u`.`CreatedBy`, `u`.`DateOfBirth`, `u`.`DriversLicenseExpiry`, `u`.`DriversLicenseNumber`, `u`.`Email`, `u`.`FirstName`, `u`.`IsActive`, `u`.`LastLoginAt`, `u`.`LastName`, `u`.`PasswordHash`, `u`.`PhoneNumber`, `u`.`PostalCode`, `u`.`Role`, `u`.`State`, `u`.`Street`, `u`.`UpdatedAt`, `u`.`UpdatedBy`
FROM `Users` AS `u`
WHERE LOWER(`u`.`Email`) = @__ToLower_0
LIMIT 1
2026-02-01 14:32:02.004 +05:30 [INF] Executed DbCommand (1ms) [Parameters=[@p20='?' (DbType = Guid), @p0='?' (Size = 4000), @p1='?' (Size = 4000), @p2='?' (DbType = DateTime), @p3='?' (Size = 4000), @p4='?' (DbType = DateTime), @p5='?' (DbType = DateTime), @p6='?' (Size = 4000), @p7='?' (Size = 255), @p8='?' (Size = 50), @p9='?' (DbType = Boolean), @p10='?' (DbType = DateTime), @p11='?' (Size = 50), @p12='?' (Size = 4000), @p13='?' (Size = 20), @p14='?' (Size = 4000), @p15='?' (DbType = Int32), @p16='?' (Size = 4000), @p17='?' (Size = 4000), @p18='?' (DbType = DateTime), @p19='?' (Size = 4000)], CommandType='"Text"', CommandTimeout='30']
SET AUTOCOMMIT = 1;
UPDATE `Users` SET `City` = @p0, `Country` = @p1, `CreatedAt` = @p2, `CreatedBy` = @p3, `DateOfBirth` = @p4, `DriversLicenseExpiry` = @p5, `DriversLicenseNumber` = @p6, `Email` = @p7, `FirstName` = @p8, `IsActive` = @p9, `LastLoginAt` = @p10, `LastName` = @p11, `PasswordHash` = @p12, `PhoneNumber` = @p13, `PostalCode` = @p14, `Role` = @p15, `State` = @p16, `Street` = @p17, `UpdatedAt` = @p18, `UpdatedBy` = @p19
WHERE `Id` = @p20;
SELECT ROW_COUNT();
2026-02-01 14:32:02.005 +05:30 [INF] Executing OkObjectResult, writing value of type 'CarRental.API.Controllers.ApiResponse`1[[CarRental.Application.DTOs.Auth.AuthResponse, CarRental.Application, Version=1.0.0.0, Culture=neutral, PublicKeyToken=null]]'.
2026-02-01 14:32:02.005 +05:30 [INF] Executed action CarRental.API.Controllers.AuthController.Login (CarRental.API) in 144.8293ms
2026-02-01 14:32:02.005 +05:30 [INF] Executed endpoint 'CarRental.API.Controllers.AuthController.Login (CarRental.API)'
2026-02-01 14:32:02.005 +05:30 [INF] Request finished HTTP/1.1 POST http://localhost:5000/api/Auth/login - 200 null application/json; charset=utf-8 148.0517ms
2026-02-01 14:32:02.015 +05:30 [INF] Request starting HTTP/1.1 GET http://localhost:5000/api/Rentals/customer/22222222-2222-2222-2222-222222222222 - null null
2026-02-01 14:32:02.015 +05:30 [INF] Executing endpoint 'CarRental.API.Controllers.RentalsController.GetByCustomer (CarRental.API)'
2026-02-01 14:32:02.015 +05:30 [INF] Route matched with {action = "GetByCustomer", controller = "Rentals"}. Executing controller action with signature System.Threading.Tasks.Task`1[Microsoft.AspNetCore.Mvc.IActionResult] GetByCustomer(System.Guid, System.Threading.CancellationToken) on controller CarRental.API.Controllers.RentalsController (CarRental.API).
2026-02-01 14:32:02.016 +05:30 [INF] Getting rentals for customer: "22222222-2222-2222-2222-222222222222"
2026-02-01 14:32:02.017 +05:30 [INF] Executed DbCommand (0ms) [Parameters=[@__customerId_0='?' (DbType = Guid)], CommandType='"Text"', CommandTimeout='30']
SELECT `r`.`Id`, `r`.`ActualReturnDate`, `r`.`CarId`, `r`.`CreatedAt`, `r`.`CreatedBy`, `r`.`CustomerId`, `r`.`DailyRate`, `r`.`DamageCharges`, `r`.`DepositAmount`, `r`.`DepositReturned`, `r`.`EndDate`, `r`.`LateFee`, `r`.`Notes`, `r`.`OdometerAtPickup`, `r`.`OdometerAtReturn`, `r`.`PickupLocation`, `r`.`ReturnLocation`, `r`.`StartDate`, `r`.`Status`, `r`.`TotalCost`, `r`.`UpdatedAt`, `r`.`UpdatedBy`, `c`.`Id`, `c`.`Category`, `c`.`Color`, `c`.`CreatedAt`, `c`.`CreatedBy`, `c`.`DailyRate`, `c`.`Description`, `c`.`FuelType`, `c`.`HasAirConditioning`, `c`.`HasGPS`, `c`.`ImageUrl`, `c`.`LastMaintenanceDate`, `c`.`LicensePlate`, `c`.`Make`, `c`.`Mileage`, `c`.`Model`, `c`.`NextMaintenanceDate`, `c`.`SeatingCapacity`, `c`.`Status`, `c`.`Transmission`, `c`.`UpdatedAt`, `c`.`UpdatedBy`, `c`.`Year`, `u`.`Id`, `u`.`City`, `u`.`Country`, `u`.`CreatedAt`, `u`.`CreatedBy`, `u`.`DateOfBirth`, `u`.`DriversLicenseExpiry`, `u`.`DriversLicenseNumber`, `u`.`Email`, `u`.`FirstName`, `u`.`IsActive`, `u`.`LastLoginAt`, `u`.`LastName`, `u`.`PasswordHash`, `u`.`PhoneNumber`, `u`.`PostalCode`, `u`.`Role`, `u`.`State`, `u`.`Street`, `u`.`UpdatedAt`, `u`.`UpdatedBy`
FROM `Rentals` AS `r`
INNER JOIN `Cars` AS `c` ON `r`.`CarId` = `c`.`Id`
INNER JOIN `Users` AS `u` ON `r`.`CustomerId` = `u`.`Id`
WHERE `r`.`CustomerId` = @__customerId_0
ORDER BY `r`.`CreatedAt` DESC
2026-02-01 14:32:02.018 +05:30 [INF] Executing OkObjectResult, writing value of type 'CarRental.API.Controllers.ApiResponse`1[[System.Collections.Generic.IEnumerable`1[[CarRental.Application.DTOs.Rental.RentalDto, CarRental.Application, Version=1.0.0.0, Culture=neutral, PublicKeyToken=null]], System.Private.CoreLib, Version=8.0.0.0, Culture=neutral, PublicKeyToken=7cec85d7bea7798e]]'.
2026-02-01 14:32:02.018 +05:30 [INF] Executed action CarRental.API.Controllers.RentalsController.GetByCustomer (CarRental.API) in 2.7919ms
2026-02-01 14:32:02.018 +05:30 [INF] Executed endpoint 'CarRental.API.Controllers.RentalsController.GetByCustomer (CarRental.API)'
2026-02-01 14:32:02.019 +05:30 [INF] Request finished HTTP/1.1 GET http://localhost:5000/api/Rentals/customer/22222222-2222-2222-2222-222222222222 - 200 null application/json; charset=utf-8 4.0054ms
2026-02-01 14:32:02.020 +05:30 [INF] Request starting HTTP/1.1 GET http://localhost:5000/api/Rentals/customer/22222222-2222-2222-2222-222222222222 - null null
2026-02-01 14:32:02.021 +05:30 [INF] Executing endpoint 'CarRental.API.Controllers.RentalsController.GetByCustomer (CarRental.API)'
2026-02-01 14:32:02.021 +05:30 [INF] Route matched with {action = "GetByCustomer", controller = "Rentals"}. Executing controller action with signature System.Threading.Tasks.Task`1[Microsoft.AspNetCore.Mvc.IActionResult] GetByCustomer(System.Guid, System.Threading.CancellationToken) on controller CarRental.API.Controllers.RentalsController (CarRental.API).
2026-02-01 14:32:02.022 +05:30 [INF] Getting rentals for customer: "22222222-2222-2222-2222-222222222222"
2026-02-01 14:32:02.029 +05:30 [INF] Executed DbCommand (6ms) [Parameters=[@__customerId_0='?' (DbType = Guid)], CommandType='"Text"', CommandTimeout='30']
SELECT `r`.`Id`, `r`.`ActualReturnDate`, `r`.`CarId`, `r`.`CreatedAt`, `r`.`CreatedBy`, `r`.`CustomerId`, `r`.`DailyRate`, `r`.`DamageCharges`, `r`.`DepositAmount`, `r`.`DepositReturned`, `r`.`EndDate`, `r`.`LateFee`, `r`.`Notes`, `r`.`OdometerAtPickup`, `r`.`OdometerAtReturn`, `r`.`PickupLocation`, `r`.`ReturnLocation`, `r`.`StartDate`, `r`.`Status`, `r`.`TotalCost`, `r`.`UpdatedAt`, `r`.`UpdatedBy`, `c`.`Id`, `c`.`Category`, `c`.`Color`, `c`.`CreatedAt`, `c`.`CreatedBy`, `c`.`DailyRate`, `c`.`Description`, `c`.`FuelType`, `c`.`HasAirConditioning`, `c`.`HasGPS`, `c`.`ImageUrl`, `c`.`LastMaintenanceDate`, `c`.`LicensePlate`, `c`.`Make`, `c`.`Mileage`, `c`.`Model`, `c`.`NextMaintenanceDate`, `c`.`SeatingCapacity`, `c`.`Status`, `c`.`Transmission`, `c`.`UpdatedAt`, `c`.`UpdatedBy`, `c`.`Year`, `u`.`Id`, `u`.`City`, `u`.`Country`, `u`.`CreatedAt`, `u`.`CreatedBy`, `u`.`DateOfBirth`, `u`.`DriversLicenseExpiry`, `u`.`DriversLicenseNumber`, `u`.`Email`, `u`.`FirstName`, `u`.`IsActive`, `u`.`LastLoginAt`, `u`.`LastName`, `u`.`PasswordHash`, `u`.`PhoneNumber`, `u`.`PostalCode`, `u`.`Role`, `u`.`State`, `u`.`Street`, `u`.`UpdatedAt`, `u`.`UpdatedBy`
FROM `Rentals` AS `r`
INNER JOIN `Cars` AS `c` ON `r`.`CarId` = `c`.`Id`
INNER JOIN `Users` AS `u` ON `r`.`CustomerId` = `u`.`Id`
WHERE `r`.`CustomerId` = @__customerId_0
ORDER BY `r`.`CreatedAt` DESC
2026-02-01 14:32:02.030 +05:30 [INF] Executing OkObjectResult, writing value of type 'CarRental.API.Controllers.ApiResponse`1[[System.Collections.Generic.IEnumerable`1[[CarRental.Application.DTOs.Rental.RentalDto, CarRental.Application, Version=1.0.0.0, Culture=neutral, PublicKeyToken=null]], System.Private.CoreLib, Version=8.0.0.0, Culture=neutral, PublicKeyToken=7cec85d7bea7798e]]'.
2026-02-01 14:32:02.030 +05:30 [INF] Executed action CarRental.API.Controllers.RentalsController.GetByCustomer (CarRental.API) in 8.7266ms
2026-02-01 14:32:02.030 +05:30 [INF] Executed endpoint 'CarRental.API.Controllers.RentalsController.GetByCustomer (CarRental.API)'
2026-02-01 14:32:02.030 +05:30 [INF] Request finished HTTP/1.1 GET http://localhost:5000/api/Rentals/customer/22222222-2222-2222-2222-222222222222 - 200 null application/json; charset=utf-8 9.5507ms
2026-02-01 14:32:07.334 +05:30 [INF] Request starting HTTP/1.1 GET http://localhost:5000/api/Cars - null null
2026-02-01 14:32:07.335 +05:30 [INF] Executing endpoint 'CarRental.API.Controllers.CarsController.GetAll (CarRental.API)'
2026-02-01 14:32:07.335 +05:30 [INF] Route matched with {action = "GetAll", controller = "Cars"}. Executing controller action with signature System.Threading.Tasks.Task`1[Microsoft.AspNetCore.Mvc.IActionResult] GetAll(System.Threading.CancellationToken) on controller CarRental.API.Controllers.CarsController (CarRental.API).
2026-02-01 14:32:07.336 +05:30 [INF] Getting all cars
2026-02-01 14:32:07.337 +05:30 [INF] Executed DbCommand (0ms) [Parameters=[], CommandType='"Text"', CommandTimeout='30']
SELECT `c`.`Id`, `c`.`Category`, `c`.`Color`, `c`.`CreatedAt`, `c`.`CreatedBy`, `c`.`DailyRate`, `c`.`Description`, `c`.`FuelType`, `c`.`HasAirConditioning`, `c`.`HasGPS`, `c`.`ImageUrl`, `c`.`LastMaintenanceDate`, `c`.`LicensePlate`, `c`.`Make`, `c`.`Mileage`, `c`.`Model`, `c`.`NextMaintenanceDate`, `c`.`SeatingCapacity`, `c`.`Status`, `c`.`Transmission`, `c`.`UpdatedAt`, `c`.`UpdatedBy`, `c`.`Year`
FROM `Cars` AS `c`
2026-02-01 14:32:07.338 +05:30 [INF] Executing OkObjectResult, writing value of type 'CarRental.API.Controllers.ApiResponse`1[[System.Collections.Generic.IEnumerable`1[[CarRental.Application.DTOs.Car.CarDto, CarRental.Application, Version=1.0.0.0, Culture=neutral, PublicKeyToken=null]], System.Private.CoreLib, Version=8.0.0.0, Culture=neutral, PublicKeyToken=7cec85d7bea7798e]]'.
2026-02-01 14:32:07.338 +05:30 [INF] Executed action CarRental.API.Controllers.CarsController.GetAll (CarRental.API) in 3.1595ms
2026-02-01 14:32:07.338 +05:30 [INF] Executed endpoint 'CarRental.API.Controllers.CarsController.GetAll (CarRental.API)'
2026-02-01 14:32:07.338 +05:30 [INF] Request finished HTTP/1.1 GET http://localhost:5000/api/Cars - 200 null application/json; charset=utf-8 4.4638ms
2026-02-01 14:32:07.342 +05:30 [INF] Request starting HTTP/1.1 GET http://localhost:5000/api/Cars - null null
2026-02-01 14:32:07.342 +05:30 [INF] Executing endpoint 'CarRental.API.Controllers.CarsController.GetAll (CarRental.API)'
2026-02-01 14:32:07.342 +05:30 [INF] Route matched with {action = "GetAll", controller = "Cars"}. Executing controller action with signature System.Threading.Tasks.Task`1[Microsoft.AspNetCore.Mvc.IActionResult] GetAll(System.Threading.CancellationToken) on controller CarRental.API.Controllers.CarsController (CarRental.API).
2026-02-01 14:32:07.343 +05:30 [INF] Getting all cars
2026-02-01 14:32:07.345 +05:30 [INF] Executed DbCommand (0ms) [Parameters=[], CommandType='"Text"', CommandTimeout='30']
SELECT `c`.`Id`, `c`.`Category`, `c`.`Color`, `c`.`CreatedAt`, `c`.`CreatedBy`, `c`.`DailyRate`, `c`.`Description`, `c`.`FuelType`, `c`.`HasAirConditioning`, `c`.`HasGPS`, `c`.`ImageUrl`, `c`.`LastMaintenanceDate`, `c`.`LicensePlate`, `c`.`Make`, `c`.`Mileage`, `c`.`Model`, `c`.`NextMaintenanceDate`, `c`.`SeatingCapacity`, `c`.`Status`, `c`.`Transmission`, `c`.`UpdatedAt`, `c`.`UpdatedBy`, `c`.`Year`
FROM `Cars` AS `c`
2026-02-01 14:32:07.345 +05:30 [INF] Executing OkObjectResult, writing value of type 'CarRental.API.Controllers.ApiResponse`1[[System.Collections.Generic.IEnumerable`1[[CarRental.Application.DTOs.Car.CarDto, CarRental.Application, Version=1.0.0.0, Culture=neutral, PublicKeyToken=null]], System.Private.CoreLib, Version=8.0.0.0, Culture=neutral, PublicKeyToken=7cec85d7bea7798e]]'.
2026-02-01 14:32:07.346 +05:30 [INF] Executed action CarRental.API.Controllers.CarsController.GetAll (CarRental.API) in 3.1332ms
2026-02-01 14:32:07.346 +05:30 [INF] Executed endpoint 'CarRental.API.Controllers.CarsController.GetAll (CarRental.API)'
2026-02-01 14:32:07.346 +05:30 [INF] Request finished HTTP/1.1 GET http://localhost:5000/api/Cars - 200 null application/json; charset=utf-8 4.2367ms
2026-02-01 14:32:08.768 +05:30 [INF] Request starting HTTP/1.1 GET http://localhost:5000/api/Cars/44444444-4444-4444-4444-444444444444 - null null
2026-02-01 14:32:08.768 +05:30 [INF] Executing endpoint 'CarRental.API.Controllers.CarsController.GetById (CarRental.API)'
2026-02-01 14:32:08.768 +05:30 [INF] Route matched with {action = "GetById", controller = "Cars"}. Executing controller action with signature System.Threading.Tasks.Task`1[Microsoft.AspNetCore.Mvc.IActionResult] GetById(System.Guid, System.Threading.CancellationToken) on controller CarRental.API.Controllers.CarsController (CarRental.API).
2026-02-01 14:32:08.769 +05:30 [INF] Getting car with ID: "44444444-4444-4444-4444-444444444444"
2026-02-01 14:32:08.771 +05:30 [INF] Executed DbCommand (0ms) [Parameters=[@__get_Item_0='?' (DbType = Guid)], CommandType='"Text"', CommandTimeout='30']
SELECT `c`.`Id`, `c`.`Category`, `c`.`Color`, `c`.`CreatedAt`, `c`.`CreatedBy`, `c`.`DailyRate`, `c`.`Description`, `c`.`FuelType`, `c`.`HasAirConditioning`, `c`.`HasGPS`, `c`.`ImageUrl`, `c`.`LastMaintenanceDate`, `c`.`LicensePlate`, `c`.`Make`, `c`.`Mileage`, `c`.`Model`, `c`.`NextMaintenanceDate`, `c`.`SeatingCapacity`, `c`.`Status`, `c`.`Transmission`, `c`.`UpdatedAt`, `c`.`UpdatedBy`, `c`.`Year`
FROM `Cars` AS `c`
WHERE `c`.`Id` = @__get_Item_0
LIMIT 1
2026-02-01 14:32:08.772 +05:30 [INF] Executing OkObjectResult, writing value of type 'CarRental.API.Controllers.ApiResponse`1[[CarRental.Application.DTOs.Car.CarDto, CarRental.Application, Version=1.0.0.0, Culture=neutral, PublicKeyToken=null]]'.
2026-02-01 14:32:08.772 +05:30 [INF] Executed action CarRental.API.Controllers.CarsController.GetById (CarRental.API) in 3.9466ms
2026-02-01 14:32:08.773 +05:30 [INF] Executed endpoint 'CarRental.API.Controllers.CarsController.GetById (CarRental.API)'
2026-02-01 14:32:08.773 +05:30 [INF] Request finished HTTP/1.1 GET http://localhost:5000/api/Cars/44444444-4444-4444-4444-444444444444 - 200 null application/json; charset=utf-8 5.1158ms
2026-02-01 14:32:08.775 +05:30 [INF] Request starting HTTP/1.1 GET http://localhost:5000/api/Cars/44444444-4444-4444-4444-444444444444 - null null
2026-02-01 14:32:08.775 +05:30 [INF] Executing endpoint 'CarRental.API.Controllers.CarsController.GetById (CarRental.API)'
2026-02-01 14:32:08.776 +05:30 [INF] Route matched with {action = "GetById", controller = "Cars"}. Executing controller action with signature System.Threading.Tasks.Task`1[Microsoft.AspNetCore.Mvc.IActionResult] GetById(System.Guid, System.Threading.CancellationToken) on controller CarRental.API.Controllers.CarsController (CarRental.API).
2026-02-01 14:32:08.776 +05:30 [INF] Getting car with ID: "44444444-4444-4444-4444-444444444444"
2026-02-01 14:32:08.778 +05:30 [INF] Executed DbCommand (0ms) [Parameters=[@__get_Item_0='?' (DbType = Guid)], CommandType='"Text"', CommandTimeout='30']
SELECT `c`.`Id`, `c`.`Category`, `c`.`Color`, `c`.`CreatedAt`, `c`.`CreatedBy`, `c`.`DailyRate`, `c`.`Description`, `c`.`FuelType`, `c`.`HasAirConditioning`, `c`.`HasGPS`, `c`.`ImageUrl`, `c`.`LastMaintenanceDate`, `c`.`LicensePlate`, `c`.`Make`, `c`.`Mileage`, `c`.`Model`, `c`.`NextMaintenanceDate`, `c`.`SeatingCapacity`, `c`.`Status`, `c`.`Transmission`, `c`.`UpdatedAt`, `c`.`UpdatedBy`, `c`.`Year`
FROM `Cars` AS `c`
WHERE `c`.`Id` = @__get_Item_0
LIMIT 1
2026-02-01 14:32:08.779 +05:30 [INF] Executing OkObjectResult, writing value of type 'CarRental.API.Controllers.ApiResponse`1[[CarRental.Application.DTOs.Car.CarDto, CarRental.Application, Version=1.0.0.0, Culture=neutral, PublicKeyToken=null]]'.
2026-02-01 14:32:08.779 +05:30 [INF] Executed action CarRental.API.Controllers.CarsController.GetById (CarRental.API) in 3.279ms
2026-02-01 14:32:08.779 +05:30 [INF] Executed endpoint 'CarRental.API.Controllers.CarsController.GetById (CarRental.API)'
2026-02-01 14:32:08.779 +05:30 [INF] Request finished HTTP/1.1 GET http://localhost:5000/api/Cars/44444444-4444-4444-4444-444444444444 - 200 null application/json; charset=utf-8 4.2087ms
2026-02-01 14:32:14.566 +05:30 [INF] Request starting HTTP/1.1 POST http://localhost:5000/api/Rentals - application/json 238
2026-02-01 14:32:14.567 +05:30 [INF] CORS policy execution successful.
2026-02-01 14:32:14.567 +05:30 [INF] Executing endpoint 'CarRental.API.Controllers.RentalsController.Create (CarRental.API)'
2026-02-01 14:32:14.567 +05:30 [INF] Route matched with {action = "Create", controller = "Rentals"}. Executing controller action with signature System.Threading.Tasks.Task`1[Microsoft.AspNetCore.Mvc.IActionResult] Create(CarRental.Application.DTOs.Rental.CreateRentalRequest, System.Threading.CancellationToken) on controller CarRental.API.Controllers.RentalsController (CarRental.API).
2026-02-01 14:32:14.570 +05:30 [INF] Creating new rental for car: "44444444-4444-4444-4444-444444444444"
2026-02-01 14:32:14.573 +05:30 [INF] Executed DbCommand (1ms) [Parameters=[@__get_Item_0='?' (DbType = Guid)], CommandType='"Text"', CommandTimeout='30']
SELECT `c`.`Id`, `c`.`Category`, `c`.`Color`, `c`.`CreatedAt`, `c`.`CreatedBy`, `c`.`DailyRate`, `c`.`Description`, `c`.`FuelType`, `c`.`HasAirConditioning`, `c`.`HasGPS`, `c`.`ImageUrl`, `c`.`LastMaintenanceDate`, `c`.`LicensePlate`, `c`.`Make`, `c`.`Mileage`, `c`.`Model`, `c`.`NextMaintenanceDate`, `c`.`SeatingCapacity`, `c`.`Status`, `c`.`Transmission`, `c`.`UpdatedAt`, `c`.`UpdatedBy`, `c`.`Year`
FROM `Cars` AS `c`
WHERE `c`.`Id` = @__get_Item_0
LIMIT 1
2026-02-01 14:32:14.575 +05:30 [INF] Executed DbCommand (1ms) [Parameters=[@__get_Item_0='?' (DbType = Guid)], CommandType='"Text"', CommandTimeout='30']
SELECT `u`.`Id`, `u`.`City`, `u`.`Country`, `u`.`CreatedAt`, `u`.`CreatedBy`, `u`.`DateOfBirth`, `u`.`DriversLicenseExpiry`, `u`.`DriversLicenseNumber`, `u`.`Email`, `u`.`FirstName`, `u`.`IsActive`, `u`.`LastLoginAt`, `u`.`LastName`, `u`.`PasswordHash`, `u`.`PhoneNumber`, `u`.`PostalCode`, `u`.`Role`, `u`.`State`, `u`.`Street`, `u`.`UpdatedAt`, `u`.`UpdatedBy`
FROM `Users` AS `u`
WHERE `u`.`Id` = @__get_Item_0
LIMIT 1
2026-02-01 14:32:14.577 +05:30 [INF] Executed DbCommand (1ms) [Parameters=[@__carId_0='?' (DbType = Guid), @__endDate_1='?' (DbType = DateTime), @__startDate_2='?' (DbType = DateTime)], CommandType='"Text"', CommandTimeout='30']
SELECT EXISTS (
    SELECT 1
    FROM `Rentals` AS `r`
    WHERE ((`r`.`CarId` = @__carId_0) AND `r`.`Status` NOT IN (4, 3)) AND ((`r`.`StartDate` <= @__endDate_1) AND (`r`.`EndDate` >= @__startDate_2)))
2026-02-01 14:32:14.582 +05:30 [INF] Executed DbCommand (1ms) [Parameters=[@p22='?' (DbType = Guid), @p0='?' (DbType = Int32), @p1='?' (Size = 30), @p2='?' (DbType = DateTime), @p3='?' (Size = 4000), @p4='?' (DbType = Decimal), @p5='?' (Size = 4000), @p6='?' (Size = 30), @p7='?' (DbType = Boolean), @p8='?' (DbType = Boolean), @p9='?' (Size = 4000), @p10='?' (DbType = DateTime), @p11='?' (Size = 20), @p12='?' (Size = 50), @p13='?' (DbType = Int32), @p14='?' (Size = 50), @p15='?' (DbType = DateTime), @p16='?' (DbType = Int32), @p17='?' (DbType = Int32), @p18='?' (Size = 30), @p19='?' (DbType = DateTime), @p20='?' (Size = 4000), @p21='?' (DbType = Int32), @p23='?' (DbType = Guid), @p24='?' (DbType = DateTime), @p25='?' (DbType = Guid), @p26='?' (DbType = DateTime), @p27='?' (Size = 4000), @p28='?' (DbType = Guid), @p29='?' (DbType = Decimal), @p30='?', @p31='?' (DbType = Decimal), @p32='?' (DbType = Boolean), @p33='?' (DbType = DateTime), @p34='?', @p35='?' (Size = 4000), @p36='?' (DbType = Int32), @p37='?' (DbType = Int32), @p38='?' (Size = 500), @p39='?' (Size = 500), @p40='?' (DbType = DateTime), @p41='?' (DbType = Int32), @p42='?' (DbType = Decimal), @p43='?' (DbType = DateTime), @p44='?' (Size = 4000)], CommandType='"Text"', CommandTimeout='30']
UPDATE `Cars` SET `Category` = @p0, `Color` = @p1, `CreatedAt` = @p2, `CreatedBy` = @p3, `DailyRate` = @p4, `Description` = @p5, `FuelType` = @p6, `HasAirConditioning` = @p7, `HasGPS` = @p8, `ImageUrl` = @p9, `LastMaintenanceDate` = @p10, `LicensePlate` = @p11, `Make` = @p12, `Mileage` = @p13, `Model` = @p14, `NextMaintenanceDate` = @p15, `SeatingCapacity` = @p16, `Status` = @p17, `Transmission` = @p18, `UpdatedAt` = @p19, `UpdatedBy` = @p20, `Year` = @p21
WHERE `Id` = @p22;
SELECT ROW_COUNT();

INSERT INTO `Rentals` (`Id`, `ActualReturnDate`, `CarId`, `CreatedAt`, `CreatedBy`, `CustomerId`, `DailyRate`, `DamageCharges`, `DepositAmount`, `DepositReturned`, `EndDate`, `LateFee`, `Notes`, `OdometerAtPickup`, `OdometerAtReturn`, `PickupLocation`, `ReturnLocation`, `StartDate`, `Status`, `TotalCost`, `UpdatedAt`, `UpdatedBy`)
VALUES (@p23, @p24, @p25, @p26, @p27, @p28, @p29, @p30, @p31, @p32, @p33, @p34, @p35, @p36, @p37, @p38, @p39, @p40, @p41, @p42, @p43, @p44);
2026-02-01 14:32:14.584 +05:30 [INF] Executing OkObjectResult, writing value of type 'CarRental.API.Controllers.ApiResponse`1[[CarRental.Application.DTOs.Rental.RentalDto, CarRental.Application, Version=1.0.0.0, Culture=neutral, PublicKeyToken=null]]'.
2026-02-01 14:32:14.584 +05:30 [INF] Executed action CarRental.API.Controllers.RentalsController.Create (CarRental.API) in 16.7464ms
2026-02-01 14:32:14.584 +05:30 [INF] Executed endpoint 'CarRental.API.Controllers.RentalsController.Create (CarRental.API)'
2026-02-01 14:32:14.584 +05:30 [INF] Request finished HTTP/1.1 POST http://localhost:5000/api/Rentals - 200 null application/json; charset=utf-8 18.222ms
2026-02-01 14:32:16.108 +05:30 [INF] Request starting HTTP/1.1 GET http://localhost:5000/api/Rentals/customer/22222222-2222-2222-2222-222222222222 - null null
2026-02-01 14:32:16.109 +05:30 [INF] Executing endpoint 'CarRental.API.Controllers.RentalsController.GetByCustomer (CarRental.API)'
2026-02-01 14:32:16.109 +05:30 [INF] Route matched with {action = "GetByCustomer", controller = "Rentals"}. Executing controller action with signature System.Threading.Tasks.Task`1[Microsoft.AspNetCore.Mvc.IActionResult] GetByCustomer(System.Guid, System.Threading.CancellationToken) on controller CarRental.API.Controllers.RentalsController (CarRental.API).
2026-02-01 14:32:16.110 +05:30 [INF] Getting rentals for customer: "22222222-2222-2222-2222-222222222222"
2026-02-01 14:32:16.112 +05:30 [INF] Executed DbCommand (1ms) [Parameters=[@__customerId_0='?' (DbType = Guid)], CommandType='"Text"', CommandTimeout='30']
SELECT `r`.`Id`, `r`.`ActualReturnDate`, `r`.`CarId`, `r`.`CreatedAt`, `r`.`CreatedBy`, `r`.`CustomerId`, `r`.`DailyRate`, `r`.`DamageCharges`, `r`.`DepositAmount`, `r`.`DepositReturned`, `r`.`EndDate`, `r`.`LateFee`, `r`.`Notes`, `r`.`OdometerAtPickup`, `r`.`OdometerAtReturn`, `r`.`PickupLocation`, `r`.`ReturnLocation`, `r`.`StartDate`, `r`.`Status`, `r`.`TotalCost`, `r`.`UpdatedAt`, `r`.`UpdatedBy`, `c`.`Id`, `c`.`Category`, `c`.`Color`, `c`.`CreatedAt`, `c`.`CreatedBy`, `c`.`DailyRate`, `c`.`Description`, `c`.`FuelType`, `c`.`HasAirConditioning`, `c`.`HasGPS`, `c`.`ImageUrl`, `c`.`LastMaintenanceDate`, `c`.`LicensePlate`, `c`.`Make`, `c`.`Mileage`, `c`.`Model`, `c`.`NextMaintenanceDate`, `c`.`SeatingCapacity`, `c`.`Status`, `c`.`Transmission`, `c`.`UpdatedAt`, `c`.`UpdatedBy`, `c`.`Year`, `u`.`Id`, `u`.`City`, `u`.`Country`, `u`.`CreatedAt`, `u`.`CreatedBy`, `u`.`DateOfBirth`, `u`.`DriversLicenseExpiry`, `u`.`DriversLicenseNumber`, `u`.`Email`, `u`.`FirstName`, `u`.`IsActive`, `u`.`LastLoginAt`, `u`.`LastName`, `u`.`PasswordHash`, `u`.`PhoneNumber`, `u`.`PostalCode`, `u`.`Role`, `u`.`State`, `u`.`Street`, `u`.`UpdatedAt`, `u`.`UpdatedBy`
FROM `Rentals` AS `r`
INNER JOIN `Cars` AS `c` ON `r`.`CarId` = `c`.`Id`
INNER JOIN `Users` AS `u` ON `r`.`CustomerId` = `u`.`Id`
WHERE `r`.`CustomerId` = @__customerId_0
ORDER BY `r`.`CreatedAt` DESC
2026-02-01 14:32:16.113 +05:30 [INF] Executing OkObjectResult, writing value of type 'CarRental.API.Controllers.ApiResponse`1[[System.Collections.Generic.IEnumerable`1[[CarRental.Application.DTOs.Rental.RentalDto, CarRental.Application, Version=1.0.0.0, Culture=neutral, PublicKeyToken=null]], System.Private.CoreLib, Version=8.0.0.0, Culture=neutral, PublicKeyToken=7cec85d7bea7798e]]'.
2026-02-01 14:32:16.113 +05:30 [INF] Executed action CarRental.API.Controllers.RentalsController.GetByCustomer (CarRental.API) in 3.567ms
2026-02-01 14:32:16.113 +05:30 [INF] Executed endpoint 'CarRental.API.Controllers.RentalsController.GetByCustomer (CarRental.API)'
2026-02-01 14:32:16.113 +05:30 [INF] Request finished HTTP/1.1 GET http://localhost:5000/api/Rentals/customer/22222222-2222-2222-2222-222222222222 - 200 null application/json; charset=utf-8 4.9719ms
2026-02-01 14:32:16.117 +05:30 [INF] Request starting HTTP/1.1 GET http://localhost:5000/api/Rentals/customer/22222222-2222-2222-2222-222222222222 - null null
2026-02-01 14:32:16.117 +05:30 [INF] Executing endpoint 'CarRental.API.Controllers.RentalsController.GetByCustomer (CarRental.API)'
2026-02-01 14:32:16.117 +05:30 [INF] Route matched with {action = "GetByCustomer", controller = "Rentals"}. Executing controller action with signature System.Threading.Tasks.Task`1[Microsoft.AspNetCore.Mvc.IActionResult] GetByCustomer(System.Guid, System.Threading.CancellationToken) on controller CarRental.API.Controllers.RentalsController (CarRental.API).
2026-02-01 14:32:16.118 +05:30 [INF] Getting rentals for customer: "22222222-2222-2222-2222-222222222222"
2026-02-01 14:32:16.120 +05:30 [INF] Executed DbCommand (0ms) [Parameters=[@__customerId_0='?' (DbType = Guid)], CommandType='"Text"', CommandTimeout='30']
SELECT `r`.`Id`, `r`.`ActualReturnDate`, `r`.`CarId`, `r`.`CreatedAt`, `r`.`CreatedBy`, `r`.`CustomerId`, `r`.`DailyRate`, `r`.`DamageCharges`, `r`.`DepositAmount`, `r`.`DepositReturned`, `r`.`EndDate`, `r`.`LateFee`, `r`.`Notes`, `r`.`OdometerAtPickup`, `r`.`OdometerAtReturn`, `r`.`PickupLocation`, `r`.`ReturnLocation`, `r`.`StartDate`, `r`.`Status`, `r`.`TotalCost`, `r`.`UpdatedAt`, `r`.`UpdatedBy`, `c`.`Id`, `c`.`Category`, `c`.`Color`, `c`.`CreatedAt`, `c`.`CreatedBy`, `c`.`DailyRate`, `c`.`Description`, `c`.`FuelType`, `c`.`HasAirConditioning`, `c`.`HasGPS`, `c`.`ImageUrl`, `c`.`LastMaintenanceDate`, `c`.`LicensePlate`, `c`.`Make`, `c`.`Mileage`, `c`.`Model`, `c`.`NextMaintenanceDate`, `c`.`SeatingCapacity`, `c`.`Status`, `c`.`Transmission`, `c`.`UpdatedAt`, `c`.`UpdatedBy`, `c`.`Year`, `u`.`Id`, `u`.`City`, `u`.`Country`, `u`.`CreatedAt`, `u`.`CreatedBy`, `u`.`DateOfBirth`, `u`.`DriversLicenseExpiry`, `u`.`DriversLicenseNumber`, `u`.`Email`, `u`.`FirstName`, `u`.`IsActive`, `u`.`LastLoginAt`, `u`.`LastName`, `u`.`PasswordHash`, `u`.`PhoneNumber`, `u`.`PostalCode`, `u`.`Role`, `u`.`State`, `u`.`Street`, `u`.`UpdatedAt`, `u`.`UpdatedBy`
FROM `Rentals` AS `r`
INNER JOIN `Cars` AS `c` ON `r`.`CarId` = `c`.`Id`
INNER JOIN `Users` AS `u` ON `r`.`CustomerId` = `u`.`Id`
WHERE `r`.`CustomerId` = @__customerId_0
ORDER BY `r`.`CreatedAt` DESC
2026-02-01 14:32:16.120 +05:30 [INF] Executing OkObjectResult, writing value of type 'CarRental.API.Controllers.ApiResponse`1[[System.Collections.Generic.IEnumerable`1[[CarRental.Application.DTOs.Rental.RentalDto, CarRental.Application, Version=1.0.0.0, Culture=neutral, PublicKeyToken=null]], System.Private.CoreLib, Version=8.0.0.0, Culture=neutral, PublicKeyToken=7cec85d7bea7798e]]'.
2026-02-01 14:32:16.120 +05:30 [INF] Executed action CarRental.API.Controllers.RentalsController.GetByCustomer (CarRental.API) in 2.9029ms
2026-02-01 14:32:16.121 +05:30 [INF] Executed endpoint 'CarRental.API.Controllers.RentalsController.GetByCustomer (CarRental.API)'
2026-02-01 14:32:16.121 +05:30 [INF] Request finished HTTP/1.1 GET http://localhost:5000/api/Rentals/customer/22222222-2222-2222-2222-222222222222 - 200 null application/json; charset=utf-8 3.8414ms
2026-02-01 14:37:30.939 +05:30 [INF] Request starting HTTP/1.1 GET http://localhost:5000/api/Rentals/d60ad30c-4cf1-4266-9323-704aa65d4457 - null null
2026-02-01 14:37:30.940 +05:30 [INF] Executing endpoint 'CarRental.API.Controllers.RentalsController.GetById (CarRental.API)'
2026-02-01 14:37:30.942 +05:30 [INF] Route matched with {action = "GetById", controller = "Rentals"}. Executing controller action with signature System.Threading.Tasks.Task`1[Microsoft.AspNetCore.Mvc.IActionResult] GetById(System.Guid, System.Threading.CancellationToken) on controller CarRental.API.Controllers.RentalsController (CarRental.API).
2026-02-01 14:37:30.953 +05:30 [INF] Getting rental with ID: "d60ad30c-4cf1-4266-9323-704aa65d4457"
2026-02-01 14:37:30.983 +05:30 [INF] Executed DbCommand (2ms) [Parameters=[@__rentalId_0='?' (DbType = Guid)], CommandType='"Text"', CommandTimeout='30']
SELECT `t`.`Id`, `t`.`ActualReturnDate`, `t`.`CarId`, `t`.`CreatedAt`, `t`.`CreatedBy`, `t`.`CustomerId`, `t`.`DailyRate`, `t`.`DamageCharges`, `t`.`DepositAmount`, `t`.`DepositReturned`, `t`.`EndDate`, `t`.`LateFee`, `t`.`Notes`, `t`.`OdometerAtPickup`, `t`.`OdometerAtReturn`, `t`.`PickupLocation`, `t`.`ReturnLocation`, `t`.`StartDate`, `t`.`Status`, `t`.`TotalCost`, `t`.`UpdatedAt`, `t`.`UpdatedBy`, `t`.`Id0`, `t`.`Category`, `t`.`Color`, `t`.`CreatedAt0`, `t`.`CreatedBy0`, `t`.`DailyRate0`, `t`.`Description`, `t`.`FuelType`, `t`.`HasAirConditioning`, `t`.`HasGPS`, `t`.`ImageUrl`, `t`.`LastMaintenanceDate`, `t`.`LicensePlate`, `t`.`Make`, `t`.`Mileage`, `t`.`Model`, `t`.`NextMaintenanceDate`, `t`.`SeatingCapacity`, `t`.`Status0`, `t`.`Transmission`, `t`.`UpdatedAt0`, `t`.`UpdatedBy0`, `t`.`Year`, `t`.`Id1`, `t`.`City`, `t`.`Country`, `t`.`CreatedAt1`, `t`.`CreatedBy1`, `t`.`DateOfBirth`, `t`.`DriversLicenseExpiry`, `t`.`DriversLicenseNumber`, `t`.`Email`, `t`.`FirstName`, `t`.`IsActive`, `t`.`LastLoginAt`, `t`.`LastName`, `t`.`PasswordHash`, `t`.`PhoneNumber`, `t`.`PostalCode`, `t`.`Role`, `t`.`State`, `t`.`Street`, `t`.`UpdatedAt1`, `t`.`UpdatedBy1`, `p`.`Id`, `p`.`Amount`, `p`.`CreatedAt`, `p`.`CreatedBy`, `p`.`Description`, `p`.`FailureReason`, `p`.`PaymentDate`, `p`.`PaymentMethod`, `p`.`RentalId`, `p`.`Status`, `p`.`TransactionId`, `p`.`UpdatedAt`, `p`.`UpdatedBy`
FROM (
    SELECT `r`.`Id`, `r`.`ActualReturnDate`, `r`.`CarId`, `r`.`CreatedAt`, `r`.`CreatedBy`, `r`.`CustomerId`, `r`.`DailyRate`, `r`.`DamageCharges`, `r`.`DepositAmount`, `r`.`DepositReturned`, `r`.`EndDate`, `r`.`LateFee`, `r`.`Notes`, `r`.`OdometerAtPickup`, `r`.`OdometerAtReturn`, `r`.`PickupLocation`, `r`.`ReturnLocation`, `r`.`StartDate`, `r`.`Status`, `r`.`TotalCost`, `r`.`UpdatedAt`, `r`.`UpdatedBy`, `c`.`Id` AS `Id0`, `c`.`Category`, `c`.`Color`, `c`.`CreatedAt` AS `CreatedAt0`, `c`.`CreatedBy` AS `CreatedBy0`, `c`.`DailyRate` AS `DailyRate0`, `c`.`Description`, `c`.`FuelType`, `c`.`HasAirConditioning`, `c`.`HasGPS`, `c`.`ImageUrl`, `c`.`LastMaintenanceDate`, `c`.`LicensePlate`, `c`.`Make`, `c`.`Mileage`, `c`.`Model`, `c`.`NextMaintenanceDate`, `c`.`SeatingCapacity`, `c`.`Status` AS `Status0`, `c`.`Transmission`, `c`.`UpdatedAt` AS `UpdatedAt0`, `c`.`UpdatedBy` AS `UpdatedBy0`, `c`.`Year`, `u`.`Id` AS `Id1`, `u`.`City`, `u`.`Country`, `u`.`CreatedAt` AS `CreatedAt1`, `u`.`CreatedBy` AS `CreatedBy1`, `u`.`DateOfBirth`, `u`.`DriversLicenseExpiry`, `u`.`DriversLicenseNumber`, `u`.`Email`, `u`.`FirstName`, `u`.`IsActive`, `u`.`LastLoginAt`, `u`.`LastName`, `u`.`PasswordHash`, `u`.`PhoneNumber`, `u`.`PostalCode`, `u`.`Role`, `u`.`State`, `u`.`Street`, `u`.`UpdatedAt` AS `UpdatedAt1`, `u`.`UpdatedBy` AS `UpdatedBy1`
    FROM `Rentals` AS `r`
    INNER JOIN `Cars` AS `c` ON `r`.`CarId` = `c`.`Id`
    INNER JOIN `Users` AS `u` ON `r`.`CustomerId` = `u`.`Id`
    WHERE `r`.`Id` = @__rentalId_0
    LIMIT 1
) AS `t`
LEFT JOIN `Payments` AS `p` ON `t`.`Id` = `p`.`RentalId`
ORDER BY `t`.`Id`, `t`.`Id0`, `t`.`Id1`
2026-02-01 14:37:30.986 +05:30 [INF] Executing OkObjectResult, writing value of type 'CarRental.API.Controllers.ApiResponse`1[[CarRental.Application.DTOs.Rental.RentalDto, CarRental.Application, Version=1.0.0.0, Culture=neutral, PublicKeyToken=null]]'.
2026-02-01 14:37:30.986 +05:30 [INF] Executed action CarRental.API.Controllers.RentalsController.GetById (CarRental.API) in 44.4835ms
2026-02-01 14:37:30.987 +05:30 [INF] Executed endpoint 'CarRental.API.Controllers.RentalsController.GetById (CarRental.API)'
2026-02-01 14:37:30.987 +05:30 [INF] Request finished HTTP/1.1 GET http://localhost:5000/api/Rentals/d60ad30c-4cf1-4266-9323-704aa65d4457 - 200 null application/json; charset=utf-8 47.9246ms
2026-02-01 14:37:30.988 +05:30 [INF] Request starting HTTP/1.1 GET http://localhost:5000/api/Rentals/d60ad30c-4cf1-4266-9323-704aa65d4457 - null null
2026-02-01 14:37:30.989 +05:30 [INF] Executing endpoint 'CarRental.API.Controllers.RentalsController.GetById (CarRental.API)'
2026-02-01 14:37:30.989 +05:30 [INF] Route matched with {action = "GetById", controller = "Rentals"}. Executing controller action with signature System.Threading.Tasks.Task`1[Microsoft.AspNetCore.Mvc.IActionResult] GetById(System.Guid, System.Threading.CancellationToken) on controller CarRental.API.Controllers.RentalsController (CarRental.API).
2026-02-01 14:37:30.990 +05:30 [INF] Getting rental with ID: "d60ad30c-4cf1-4266-9323-704aa65d4457"
2026-02-01 14:37:30.991 +05:30 [INF] Executed DbCommand (1ms) [Parameters=[@__rentalId_0='?' (DbType = Guid)], CommandType='"Text"', CommandTimeout='30']
SELECT `t`.`Id`, `t`.`ActualReturnDate`, `t`.`CarId`, `t`.`CreatedAt`, `t`.`CreatedBy`, `t`.`CustomerId`, `t`.`DailyRate`, `t`.`DamageCharges`, `t`.`DepositAmount`, `t`.`DepositReturned`, `t`.`EndDate`, `t`.`LateFee`, `t`.`Notes`, `t`.`OdometerAtPickup`, `t`.`OdometerAtReturn`, `t`.`PickupLocation`, `t`.`ReturnLocation`, `t`.`StartDate`, `t`.`Status`, `t`.`TotalCost`, `t`.`UpdatedAt`, `t`.`UpdatedBy`, `t`.`Id0`, `t`.`Category`, `t`.`Color`, `t`.`CreatedAt0`, `t`.`CreatedBy0`, `t`.`DailyRate0`, `t`.`Description`, `t`.`FuelType`, `t`.`HasAirConditioning`, `t`.`HasGPS`, `t`.`ImageUrl`, `t`.`LastMaintenanceDate`, `t`.`LicensePlate`, `t`.`Make`, `t`.`Mileage`, `t`.`Model`, `t`.`NextMaintenanceDate`, `t`.`SeatingCapacity`, `t`.`Status0`, `t`.`Transmission`, `t`.`UpdatedAt0`, `t`.`UpdatedBy0`, `t`.`Year`, `t`.`Id1`, `t`.`City`, `t`.`Country`, `t`.`CreatedAt1`, `t`.`CreatedBy1`, `t`.`DateOfBirth`, `t`.`DriversLicenseExpiry`, `t`.`DriversLicenseNumber`, `t`.`Email`, `t`.`FirstName`, `t`.`IsActive`, `t`.`LastLoginAt`, `t`.`LastName`, `t`.`PasswordHash`, `t`.`PhoneNumber`, `t`.`PostalCode`, `t`.`Role`, `t`.`State`, `t`.`Street`, `t`.`UpdatedAt1`, `t`.`UpdatedBy1`, `p`.`Id`, `p`.`Amount`, `p`.`CreatedAt`, `p`.`CreatedBy`, `p`.`Description`, `p`.`FailureReason`, `p`.`PaymentDate`, `p`.`PaymentMethod`, `p`.`RentalId`, `p`.`Status`, `p`.`TransactionId`, `p`.`UpdatedAt`, `p`.`UpdatedBy`
FROM (
    SELECT `r`.`Id`, `r`.`ActualReturnDate`, `r`.`CarId`, `r`.`CreatedAt`, `r`.`CreatedBy`, `r`.`CustomerId`, `r`.`DailyRate`, `r`.`DamageCharges`, `r`.`DepositAmount`, `r`.`DepositReturned`, `r`.`EndDate`, `r`.`LateFee`, `r`.`Notes`, `r`.`OdometerAtPickup`, `r`.`OdometerAtReturn`, `r`.`PickupLocation`, `r`.`ReturnLocation`, `r`.`StartDate`, `r`.`Status`, `r`.`TotalCost`, `r`.`UpdatedAt`, `r`.`UpdatedBy`, `c`.`Id` AS `Id0`, `c`.`Category`, `c`.`Color`, `c`.`CreatedAt` AS `CreatedAt0`, `c`.`CreatedBy` AS `CreatedBy0`, `c`.`DailyRate` AS `DailyRate0`, `c`.`Description`, `c`.`FuelType`, `c`.`HasAirConditioning`, `c`.`HasGPS`, `c`.`ImageUrl`, `c`.`LastMaintenanceDate`, `c`.`LicensePlate`, `c`.`Make`, `c`.`Mileage`, `c`.`Model`, `c`.`NextMaintenanceDate`, `c`.`SeatingCapacity`, `c`.`Status` AS `Status0`, `c`.`Transmission`, `c`.`UpdatedAt` AS `UpdatedAt0`, `c`.`UpdatedBy` AS `UpdatedBy0`, `c`.`Year`, `u`.`Id` AS `Id1`, `u`.`City`, `u`.`Country`, `u`.`CreatedAt` AS `CreatedAt1`, `u`.`CreatedBy` AS `CreatedBy1`, `u`.`DateOfBirth`, `u`.`DriversLicenseExpiry`, `u`.`DriversLicenseNumber`, `u`.`Email`, `u`.`FirstName`, `u`.`IsActive`, `u`.`LastLoginAt`, `u`.`LastName`, `u`.`PasswordHash`, `u`.`PhoneNumber`, `u`.`PostalCode`, `u`.`Role`, `u`.`State`, `u`.`Street`, `u`.`UpdatedAt` AS `UpdatedAt1`, `u`.`UpdatedBy` AS `UpdatedBy1`
    FROM `Rentals` AS `r`
    INNER JOIN `Cars` AS `c` ON `r`.`CarId` = `c`.`Id`
    INNER JOIN `Users` AS `u` ON `r`.`CustomerId` = `u`.`Id`
    WHERE `r`.`Id` = @__rentalId_0
    LIMIT 1
) AS `t`
LEFT JOIN `Payments` AS `p` ON `t`.`Id` = `p`.`RentalId`
ORDER BY `t`.`Id`, `t`.`Id0`, `t`.`Id1`
2026-02-01 14:37:30.991 +05:30 [INF] Executing OkObjectResult, writing value of type 'CarRental.API.Controllers.ApiResponse`1[[CarRental.Application.DTOs.Rental.RentalDto, CarRental.Application, Version=1.0.0.0, Culture=neutral, PublicKeyToken=null]]'.
2026-02-01 14:37:30.992 +05:30 [INF] Executed action CarRental.API.Controllers.RentalsController.GetById (CarRental.API) in 2.2678ms
2026-02-01 14:37:30.992 +05:30 [INF] Executed endpoint 'CarRental.API.Controllers.RentalsController.GetById (CarRental.API)'
2026-02-01 14:37:30.992 +05:30 [INF] Request finished HTTP/1.1 GET http://localhost:5000/api/Rentals/d60ad30c-4cf1-4266-9323-704aa65d4457 - 200 null application/json; charset=utf-8 3.3625ms
2026-02-01 14:37:38.821 +05:30 [INF] Request starting HTTP/1.1 POST http://localhost:5000/api/Payments - application/json 128
2026-02-01 14:37:38.821 +05:30 [INF] CORS policy execution successful.
2026-02-01 14:37:38.822 +05:30 [INF] Executing endpoint 'CarRental.API.Controllers.PaymentsController.Create (CarRental.API)'
2026-02-01 14:37:38.826 +05:30 [INF] Route matched with {action = "Create", controller = "Payments"}. Executing controller action with signature System.Threading.Tasks.Task`1[Microsoft.AspNetCore.Mvc.IActionResult] Create(CarRental.Application.DTOs.Payment.CreatePaymentRequest, System.Threading.CancellationToken) on controller CarRental.API.Controllers.PaymentsController (CarRental.API).
2026-02-01 14:37:38.850 +05:30 [INF] Creating new payment for rental: "d60ad30c-4cf1-4266-9323-704aa65d4457"
2026-02-01 14:37:38.857 +05:30 [INF] Executed DbCommand (1ms) [Parameters=[@__get_Item_0='?' (DbType = Guid)], CommandType='"Text"', CommandTimeout='30']
SELECT `r`.`Id`, `r`.`ActualReturnDate`, `r`.`CarId`, `r`.`CreatedAt`, `r`.`CreatedBy`, `r`.`CustomerId`, `r`.`DailyRate`, `r`.`DamageCharges`, `r`.`DepositAmount`, `r`.`DepositReturned`, `r`.`EndDate`, `r`.`LateFee`, `r`.`Notes`, `r`.`OdometerAtPickup`, `r`.`OdometerAtReturn`, `r`.`PickupLocation`, `r`.`ReturnLocation`, `r`.`StartDate`, `r`.`Status`, `r`.`TotalCost`, `r`.`UpdatedAt`, `r`.`UpdatedBy`
FROM `Rentals` AS `r`
WHERE `r`.`Id` = @__get_Item_0
LIMIT 1
2026-02-01 14:37:38.875 +05:30 [INF] Executed DbCommand (1ms) [Parameters=[@p0='?' (DbType = Guid), @p1='?' (DbType = Decimal), @p2='?' (DbType = DateTime), @p3='?' (Size = 4000), @p4='?' (Size = 4000), @p5='?' (Size = 4000), @p6='?' (DbType = DateTime), @p7='?' (DbType = Int32), @p8='?' (DbType = Guid), @p9='?' (DbType = Int32), @p10='?' (Size = 4000), @p11='?' (DbType = DateTime), @p12='?' (Size = 4000)], CommandType='"Text"', CommandTimeout='30']
SET AUTOCOMMIT = 1;
INSERT INTO `Payments` (`Id`, `Amount`, `CreatedAt`, `CreatedBy`, `Description`, `FailureReason`, `PaymentDate`, `PaymentMethod`, `RentalId`, `Status`, `TransactionId`, `UpdatedAt`, `UpdatedBy`)
VALUES (@p0, @p1, @p2, @p3, @p4, @p5, @p6, @p7, @p8, @p9, @p10, @p11, @p12);
2026-02-01 14:37:38.876 +05:30 [INF] Executing OkObjectResult, writing value of type 'CarRental.API.Controllers.ApiResponse`1[[CarRental.Application.DTOs.Payment.PaymentDto, CarRental.Application, Version=1.0.0.0, Culture=neutral, PublicKeyToken=null]]'.
2026-02-01 14:37:38.876 +05:30 [INF] Executed action CarRental.API.Controllers.PaymentsController.Create (CarRental.API) in 50.0177ms
2026-02-01 14:37:38.877 +05:30 [INF] Executed endpoint 'CarRental.API.Controllers.PaymentsController.Create (CarRental.API)'
2026-02-01 14:37:38.877 +05:30 [INF] Request finished HTTP/1.1 POST http://localhost:5000/api/Payments - 200 null application/json; charset=utf-8 56.0023ms
2026-02-01 14:37:38.882 +05:30 [INF] Request starting HTTP/1.1 POST http://localhost:5000/api/Payments/67c2da2b-3d18-4242-ab39-b7c54f5276fa/process - null 0
2026-02-01 14:37:38.882 +05:30 [INF] CORS policy execution successful.
2026-02-01 14:37:38.882 +05:30 [INF] Authorization failed. These requirements were not met:
RolesAuthorizationRequirement:User.IsInRole must be true for one of the following roles: (Admin|Manager|Staff)
2026-02-01 14:37:38.883 +05:30 [INF] AuthenticationScheme: Bearer was forbidden.
2026-02-01 14:37:38.883 +05:30 [INF] Request finished HTTP/1.1 POST http://localhost:5000/api/Payments/67c2da2b-3d18-4242-ab39-b7c54f5276fa/process - 403 0 null 1.0832ms
2026-02-01 14:37:41.819 +05:30 [INF] Request starting HTTP/1.1 POST http://localhost:5000/api/Payments - application/json 128
2026-02-01 14:37:41.820 +05:30 [INF] CORS policy execution successful.
2026-02-01 14:37:41.820 +05:30 [INF] Executing endpoint 'CarRental.API.Controllers.PaymentsController.Create (CarRental.API)'
2026-02-01 14:37:41.821 +05:30 [INF] Route matched with {action = "Create", controller = "Payments"}. Executing controller action with signature System.Threading.Tasks.Task`1[Microsoft.AspNetCore.Mvc.IActionResult] Create(CarRental.Application.DTOs.Payment.CreatePaymentRequest, System.Threading.CancellationToken) on controller CarRental.API.Controllers.PaymentsController (CarRental.API).
2026-02-01 14:37:41.824 +05:30 [INF] Creating new payment for rental: "d60ad30c-4cf1-4266-9323-704aa65d4457"
2026-02-01 14:37:41.826 +05:30 [INF] Executed DbCommand (1ms) [Parameters=[@__get_Item_0='?' (DbType = Guid)], CommandType='"Text"', CommandTimeout='30']
SELECT `r`.`Id`, `r`.`ActualReturnDate`, `r`.`CarId`, `r`.`CreatedAt`, `r`.`CreatedBy`, `r`.`CustomerId`, `r`.`DailyRate`, `r`.`DamageCharges`, `r`.`DepositAmount`, `r`.`DepositReturned`, `r`.`EndDate`, `r`.`LateFee`, `r`.`Notes`, `r`.`OdometerAtPickup`, `r`.`OdometerAtReturn`, `r`.`PickupLocation`, `r`.`ReturnLocation`, `r`.`StartDate`, `r`.`Status`, `r`.`TotalCost`, `r`.`UpdatedAt`, `r`.`UpdatedBy`
FROM `Rentals` AS `r`
WHERE `r`.`Id` = @__get_Item_0
LIMIT 1
2026-02-01 14:37:41.829 +05:30 [INF] Executed DbCommand (1ms) [Parameters=[@p0='?' (DbType = Guid), @p1='?' (DbType = Decimal), @p2='?' (DbType = DateTime), @p3='?' (Size = 4000), @p4='?' (Size = 4000), @p5='?' (Size = 4000), @p6='?' (DbType = DateTime), @p7='?' (DbType = Int32), @p8='?' (DbType = Guid), @p9='?' (DbType = Int32), @p10='?' (Size = 4000), @p11='?' (DbType = DateTime), @p12='?' (Size = 4000)], CommandType='"Text"', CommandTimeout='30']
SET AUTOCOMMIT = 1;
INSERT INTO `Payments` (`Id`, `Amount`, `CreatedAt`, `CreatedBy`, `Description`, `FailureReason`, `PaymentDate`, `PaymentMethod`, `RentalId`, `Status`, `TransactionId`, `UpdatedAt`, `UpdatedBy`)
VALUES (@p0, @p1, @p2, @p3, @p4, @p5, @p6, @p7, @p8, @p9, @p10, @p11, @p12);
2026-02-01 14:37:41.830 +05:30 [INF] Executing OkObjectResult, writing value of type 'CarRental.API.Controllers.ApiResponse`1[[CarRental.Application.DTOs.Payment.PaymentDto, CarRental.Application, Version=1.0.0.0, Culture=neutral, PublicKeyToken=null]]'.
2026-02-01 14:37:41.830 +05:30 [INF] Executed action CarRental.API.Controllers.PaymentsController.Create (CarRental.API) in 9.3658ms
2026-02-01 14:37:41.830 +05:30 [INF] Executed endpoint 'CarRental.API.Controllers.PaymentsController.Create (CarRental.API)'
2026-02-01 14:37:41.830 +05:30 [INF] Request finished HTTP/1.1 POST http://localhost:5000/api/Payments - 200 null application/json; charset=utf-8 11.2774ms
2026-02-01 14:37:41.837 +05:30 [INF] Request starting HTTP/1.1 POST http://localhost:5000/api/Payments/c6bdda9c-c0ea-47b9-9c85-e80c403a0c93/process - null 0
2026-02-01 14:37:41.839 +05:30 [INF] CORS policy execution successful.
2026-02-01 14:37:41.839 +05:30 [INF] Authorization failed. These requirements were not met:
RolesAuthorizationRequirement:User.IsInRole must be true for one of the following roles: (Admin|Manager|Staff)
2026-02-01 14:37:41.840 +05:30 [INF] AuthenticationScheme: Bearer was forbidden.
2026-02-01 14:37:41.840 +05:30 [INF] Request finished HTTP/1.1 POST http://localhost:5000/api/Payments/c6bdda9c-c0ea-47b9-9c85-e80c403a0c93/process - 403 0 null 2.41ms
2026-02-01 14:38:19.855 +05:30 [INF] Request starting HTTP/1.1 POST http://localhost:5000/api/Payments - application/json 128
2026-02-01 14:38:19.856 +05:30 [INF] CORS policy execution successful.
2026-02-01 14:38:19.857 +05:30 [INF] Executing endpoint 'CarRental.API.Controllers.PaymentsController.Create (CarRental.API)'
2026-02-01 14:38:19.857 +05:30 [INF] Route matched with {action = "Create", controller = "Payments"}. Executing controller action with signature System.Threading.Tasks.Task`1[Microsoft.AspNetCore.Mvc.IActionResult] Create(CarRental.Application.DTOs.Payment.CreatePaymentRequest, System.Threading.CancellationToken) on controller CarRental.API.Controllers.PaymentsController (CarRental.API).
2026-02-01 14:38:19.861 +05:30 [INF] Creating new payment for rental: "d60ad30c-4cf1-4266-9323-704aa65d4457"
2026-02-01 14:38:19.864 +05:30 [INF] Executed DbCommand (1ms) [Parameters=[@__get_Item_0='?' (DbType = Guid)], CommandType='"Text"', CommandTimeout='30']
SELECT `r`.`Id`, `r`.`ActualReturnDate`, `r`.`CarId`, `r`.`CreatedAt`, `r`.`CreatedBy`, `r`.`CustomerId`, `r`.`DailyRate`, `r`.`DamageCharges`, `r`.`DepositAmount`, `r`.`DepositReturned`, `r`.`EndDate`, `r`.`LateFee`, `r`.`Notes`, `r`.`OdometerAtPickup`, `r`.`OdometerAtReturn`, `r`.`PickupLocation`, `r`.`ReturnLocation`, `r`.`StartDate`, `r`.`Status`, `r`.`TotalCost`, `r`.`UpdatedAt`, `r`.`UpdatedBy`
FROM `Rentals` AS `r`
WHERE `r`.`Id` = @__get_Item_0
LIMIT 1
2026-02-01 14:38:19.867 +05:30 [INF] Executed DbCommand (1ms) [Parameters=[@p0='?' (DbType = Guid), @p1='?' (DbType = Decimal), @p2='?' (DbType = DateTime), @p3='?' (Size = 4000), @p4='?' (Size = 4000), @p5='?' (Size = 4000), @p6='?' (DbType = DateTime), @p7='?' (DbType = Int32), @p8='?' (DbType = Guid), @p9='?' (DbType = Int32), @p10='?' (Size = 4000), @p11='?' (DbType = DateTime), @p12='?' (Size = 4000)], CommandType='"Text"', CommandTimeout='30']
SET AUTOCOMMIT = 1;
INSERT INTO `Payments` (`Id`, `Amount`, `CreatedAt`, `CreatedBy`, `Description`, `FailureReason`, `PaymentDate`, `PaymentMethod`, `RentalId`, `Status`, `TransactionId`, `UpdatedAt`, `UpdatedBy`)
VALUES (@p0, @p1, @p2, @p3, @p4, @p5, @p6, @p7, @p8, @p9, @p10, @p11, @p12);
2026-02-01 14:38:19.867 +05:30 [INF] Executing OkObjectResult, writing value of type 'CarRental.API.Controllers.ApiResponse`1[[CarRental.Application.DTOs.Payment.PaymentDto, CarRental.Application, Version=1.0.0.0, Culture=neutral, PublicKeyToken=null]]'.
2026-02-01 14:38:19.868 +05:30 [INF] Executed action CarRental.API.Controllers.PaymentsController.Create (CarRental.API) in 10.3527ms
2026-02-01 14:38:19.868 +05:30 [INF] Executed endpoint 'CarRental.API.Controllers.PaymentsController.Create (CarRental.API)'
2026-02-01 14:38:19.868 +05:30 [INF] Request finished HTTP/1.1 POST http://localhost:5000/api/Payments - 200 null application/json; charset=utf-8 12.456ms
2026-02-01 14:38:19.874 +05:30 [INF] Request starting HTTP/1.1 POST http://localhost:5000/api/Payments/822b7e10-22ce-470b-a0d1-2d2ff897015b/process - null 0
2026-02-01 14:38:19.874 +05:30 [INF] CORS policy execution successful.
2026-02-01 14:38:19.875 +05:30 [INF] Authorization failed. These requirements were not met:
RolesAuthorizationRequirement:User.IsInRole must be true for one of the following roles: (Admin|Manager|Staff)
2026-02-01 14:38:19.875 +05:30 [INF] AuthenticationScheme: Bearer was forbidden.
2026-02-01 14:38:19.875 +05:30 [INF] Request finished HTTP/1.1 POST http://localhost:5000/api/Payments/822b7e10-22ce-470b-a0d1-2d2ff897015b/process - 403 0 null 1.2043ms
2026-02-01 14:41:06.852 +05:30 [INF] Request starting HTTP/1.1 GET http://localhost:5000/api/Rentals/d60ad30c-4cf1-4266-9323-704aa65d4457 - null null
2026-02-01 14:41:06.854 +05:30 [INF] Executing endpoint 'CarRental.API.Controllers.RentalsController.GetById (CarRental.API)'
2026-02-01 14:41:06.855 +05:30 [INF] Route matched with {action = "GetById", controller = "Rentals"}. Executing controller action with signature System.Threading.Tasks.Task`1[Microsoft.AspNetCore.Mvc.IActionResult] GetById(System.Guid, System.Threading.CancellationToken) on controller CarRental.API.Controllers.RentalsController (CarRental.API).
2026-02-01 14:41:06.856 +05:30 [INF] Getting rental with ID: "d60ad30c-4cf1-4266-9323-704aa65d4457"
2026-02-01 14:41:06.868 +05:30 [INF] Executed DbCommand (10ms) [Parameters=[@__rentalId_0='?' (DbType = Guid)], CommandType='"Text"', CommandTimeout='30']
SELECT `t`.`Id`, `t`.`ActualReturnDate`, `t`.`CarId`, `t`.`CreatedAt`, `t`.`CreatedBy`, `t`.`CustomerId`, `t`.`DailyRate`, `t`.`DamageCharges`, `t`.`DepositAmount`, `t`.`DepositReturned`, `t`.`EndDate`, `t`.`LateFee`, `t`.`Notes`, `t`.`OdometerAtPickup`, `t`.`OdometerAtReturn`, `t`.`PickupLocation`, `t`.`ReturnLocation`, `t`.`StartDate`, `t`.`Status`, `t`.`TotalCost`, `t`.`UpdatedAt`, `t`.`UpdatedBy`, `t`.`Id0`, `t`.`Category`, `t`.`Color`, `t`.`CreatedAt0`, `t`.`CreatedBy0`, `t`.`DailyRate0`, `t`.`Description`, `t`.`FuelType`, `t`.`HasAirConditioning`, `t`.`HasGPS`, `t`.`ImageUrl`, `t`.`LastMaintenanceDate`, `t`.`LicensePlate`, `t`.`Make`, `t`.`Mileage`, `t`.`Model`, `t`.`NextMaintenanceDate`, `t`.`SeatingCapacity`, `t`.`Status0`, `t`.`Transmission`, `t`.`UpdatedAt0`, `t`.`UpdatedBy0`, `t`.`Year`, `t`.`Id1`, `t`.`City`, `t`.`Country`, `t`.`CreatedAt1`, `t`.`CreatedBy1`, `t`.`DateOfBirth`, `t`.`DriversLicenseExpiry`, `t`.`DriversLicenseNumber`, `t`.`Email`, `t`.`FirstName`, `t`.`IsActive`, `t`.`LastLoginAt`, `t`.`LastName`, `t`.`PasswordHash`, `t`.`PhoneNumber`, `t`.`PostalCode`, `t`.`Role`, `t`.`State`, `t`.`Street`, `t`.`UpdatedAt1`, `t`.`UpdatedBy1`, `p`.`Id`, `p`.`Amount`, `p`.`CreatedAt`, `p`.`CreatedBy`, `p`.`Description`, `p`.`FailureReason`, `p`.`PaymentDate`, `p`.`PaymentMethod`, `p`.`RentalId`, `p`.`Status`, `p`.`TransactionId`, `p`.`UpdatedAt`, `p`.`UpdatedBy`
FROM (
    SELECT `r`.`Id`, `r`.`ActualReturnDate`, `r`.`CarId`, `r`.`CreatedAt`, `r`.`CreatedBy`, `r`.`CustomerId`, `r`.`DailyRate`, `r`.`DamageCharges`, `r`.`DepositAmount`, `r`.`DepositReturned`, `r`.`EndDate`, `r`.`LateFee`, `r`.`Notes`, `r`.`OdometerAtPickup`, `r`.`OdometerAtReturn`, `r`.`PickupLocation`, `r`.`ReturnLocation`, `r`.`StartDate`, `r`.`Status`, `r`.`TotalCost`, `r`.`UpdatedAt`, `r`.`UpdatedBy`, `c`.`Id` AS `Id0`, `c`.`Category`, `c`.`Color`, `c`.`CreatedAt` AS `CreatedAt0`, `c`.`CreatedBy` AS `CreatedBy0`, `c`.`DailyRate` AS `DailyRate0`, `c`.`Description`, `c`.`FuelType`, `c`.`HasAirConditioning`, `c`.`HasGPS`, `c`.`ImageUrl`, `c`.`LastMaintenanceDate`, `c`.`LicensePlate`, `c`.`Make`, `c`.`Mileage`, `c`.`Model`, `c`.`NextMaintenanceDate`, `c`.`SeatingCapacity`, `c`.`Status` AS `Status0`, `c`.`Transmission`, `c`.`UpdatedAt` AS `UpdatedAt0`, `c`.`UpdatedBy` AS `UpdatedBy0`, `c`.`Year`, `u`.`Id` AS `Id1`, `u`.`City`, `u`.`Country`, `u`.`CreatedAt` AS `CreatedAt1`, `u`.`CreatedBy` AS `CreatedBy1`, `u`.`DateOfBirth`, `u`.`DriversLicenseExpiry`, `u`.`DriversLicenseNumber`, `u`.`Email`, `u`.`FirstName`, `u`.`IsActive`, `u`.`LastLoginAt`, `u`.`LastName`, `u`.`PasswordHash`, `u`.`PhoneNumber`, `u`.`PostalCode`, `u`.`Role`, `u`.`State`, `u`.`Street`, `u`.`UpdatedAt` AS `UpdatedAt1`, `u`.`UpdatedBy` AS `UpdatedBy1`
    FROM `Rentals` AS `r`
    INNER JOIN `Cars` AS `c` ON `r`.`CarId` = `c`.`Id`
    INNER JOIN `Users` AS `u` ON `r`.`CustomerId` = `u`.`Id`
    WHERE `r`.`Id` = @__rentalId_0
    LIMIT 1
) AS `t`
LEFT JOIN `Payments` AS `p` ON `t`.`Id` = `p`.`RentalId`
ORDER BY `t`.`Id`, `t`.`Id0`, `t`.`Id1`
2026-02-01 14:41:06.870 +05:30 [INF] Executing OkObjectResult, writing value of type 'CarRental.API.Controllers.ApiResponse`1[[CarRental.Application.DTOs.Rental.RentalDto, CarRental.Application, Version=1.0.0.0, Culture=neutral, PublicKeyToken=null]]'.
2026-02-01 14:41:06.870 +05:30 [INF] Executed action CarRental.API.Controllers.RentalsController.GetById (CarRental.API) in 15.0887ms
2026-02-01 14:41:06.870 +05:30 [INF] Executed endpoint 'CarRental.API.Controllers.RentalsController.GetById (CarRental.API)'
2026-02-01 14:41:06.870 +05:30 [INF] Request finished HTTP/1.1 GET http://localhost:5000/api/Rentals/d60ad30c-4cf1-4266-9323-704aa65d4457 - 200 null application/json; charset=utf-8 17.9773ms
2026-02-01 14:41:06.872 +05:30 [INF] Request starting HTTP/1.1 GET http://localhost:5000/api/Rentals/d60ad30c-4cf1-4266-9323-704aa65d4457 - null null
2026-02-01 14:41:06.872 +05:30 [INF] Executing endpoint 'CarRental.API.Controllers.RentalsController.GetById (CarRental.API)'
2026-02-01 14:41:06.872 +05:30 [INF] Route matched with {action = "GetById", controller = "Rentals"}. Executing controller action with signature System.Threading.Tasks.Task`1[Microsoft.AspNetCore.Mvc.IActionResult] GetById(System.Guid, System.Threading.CancellationToken) on controller CarRental.API.Controllers.RentalsController (CarRental.API).
2026-02-01 14:41:06.873 +05:30 [INF] Getting rental with ID: "d60ad30c-4cf1-4266-9323-704aa65d4457"
2026-02-01 14:41:06.874 +05:30 [INF] Executed DbCommand (1ms) [Parameters=[@__rentalId_0='?' (DbType = Guid)], CommandType='"Text"', CommandTimeout='30']
SELECT `t`.`Id`, `t`.`ActualReturnDate`, `t`.`CarId`, `t`.`CreatedAt`, `t`.`CreatedBy`, `t`.`CustomerId`, `t`.`DailyRate`, `t`.`DamageCharges`, `t`.`DepositAmount`, `t`.`DepositReturned`, `t`.`EndDate`, `t`.`LateFee`, `t`.`Notes`, `t`.`OdometerAtPickup`, `t`.`OdometerAtReturn`, `t`.`PickupLocation`, `t`.`ReturnLocation`, `t`.`StartDate`, `t`.`Status`, `t`.`TotalCost`, `t`.`UpdatedAt`, `t`.`UpdatedBy`, `t`.`Id0`, `t`.`Category`, `t`.`Color`, `t`.`CreatedAt0`, `t`.`CreatedBy0`, `t`.`DailyRate0`, `t`.`Description`, `t`.`FuelType`, `t`.`HasAirConditioning`, `t`.`HasGPS`, `t`.`ImageUrl`, `t`.`LastMaintenanceDate`, `t`.`LicensePlate`, `t`.`Make`, `t`.`Mileage`, `t`.`Model`, `t`.`NextMaintenanceDate`, `t`.`SeatingCapacity`, `t`.`Status0`, `t`.`Transmission`, `t`.`UpdatedAt0`, `t`.`UpdatedBy0`, `t`.`Year`, `t`.`Id1`, `t`.`City`, `t`.`Country`, `t`.`CreatedAt1`, `t`.`CreatedBy1`, `t`.`DateOfBirth`, `t`.`DriversLicenseExpiry`, `t`.`DriversLicenseNumber`, `t`.`Email`, `t`.`FirstName`, `t`.`IsActive`, `t`.`LastLoginAt`, `t`.`LastName`, `t`.`PasswordHash`, `t`.`PhoneNumber`, `t`.`PostalCode`, `t`.`Role`, `t`.`State`, `t`.`Street`, `t`.`UpdatedAt1`, `t`.`UpdatedBy1`, `p`.`Id`, `p`.`Amount`, `p`.`CreatedAt`, `p`.`CreatedBy`, `p`.`Description`, `p`.`FailureReason`, `p`.`PaymentDate`, `p`.`PaymentMethod`, `p`.`RentalId`, `p`.`Status`, `p`.`TransactionId`, `p`.`UpdatedAt`, `p`.`UpdatedBy`
FROM (
    SELECT `r`.`Id`, `r`.`ActualReturnDate`, `r`.`CarId`, `r`.`CreatedAt`, `r`.`CreatedBy`, `r`.`CustomerId`, `r`.`DailyRate`, `r`.`DamageCharges`, `r`.`DepositAmount`, `r`.`DepositReturned`, `r`.`EndDate`, `r`.`LateFee`, `r`.`Notes`, `r`.`OdometerAtPickup`, `r`.`OdometerAtReturn`, `r`.`PickupLocation`, `r`.`ReturnLocation`, `r`.`StartDate`, `r`.`Status`, `r`.`TotalCost`, `r`.`UpdatedAt`, `r`.`UpdatedBy`, `c`.`Id` AS `Id0`, `c`.`Category`, `c`.`Color`, `c`.`CreatedAt` AS `CreatedAt0`, `c`.`CreatedBy` AS `CreatedBy0`, `c`.`DailyRate` AS `DailyRate0`, `c`.`Description`, `c`.`FuelType`, `c`.`HasAirConditioning`, `c`.`HasGPS`, `c`.`ImageUrl`, `c`.`LastMaintenanceDate`, `c`.`LicensePlate`, `c`.`Make`, `c`.`Mileage`, `c`.`Model`, `c`.`NextMaintenanceDate`, `c`.`SeatingCapacity`, `c`.`Status` AS `Status0`, `c`.`Transmission`, `c`.`UpdatedAt` AS `UpdatedAt0`, `c`.`UpdatedBy` AS `UpdatedBy0`, `c`.`Year`, `u`.`Id` AS `Id1`, `u`.`City`, `u`.`Country`, `u`.`CreatedAt` AS `CreatedAt1`, `u`.`CreatedBy` AS `CreatedBy1`, `u`.`DateOfBirth`, `u`.`DriversLicenseExpiry`, `u`.`DriversLicenseNumber`, `u`.`Email`, `u`.`FirstName`, `u`.`IsActive`, `u`.`LastLoginAt`, `u`.`LastName`, `u`.`PasswordHash`, `u`.`PhoneNumber`, `u`.`PostalCode`, `u`.`Role`, `u`.`State`, `u`.`Street`, `u`.`UpdatedAt` AS `UpdatedAt1`, `u`.`UpdatedBy` AS `UpdatedBy1`
    FROM `Rentals` AS `r`
    INNER JOIN `Cars` AS `c` ON `r`.`CarId` = `c`.`Id`
    INNER JOIN `Users` AS `u` ON `r`.`CustomerId` = `u`.`Id`
    WHERE `r`.`Id` = @__rentalId_0
    LIMIT 1
) AS `t`
LEFT JOIN `Payments` AS `p` ON `t`.`Id` = `p`.`RentalId`
ORDER BY `t`.`Id`, `t`.`Id0`, `t`.`Id1`
2026-02-01 14:41:06.875 +05:30 [INF] Executing OkObjectResult, writing value of type 'CarRental.API.Controllers.ApiResponse`1[[CarRental.Application.DTOs.Rental.RentalDto, CarRental.Application, Version=1.0.0.0, Culture=neutral, PublicKeyToken=null]]'.
2026-02-01 14:41:06.875 +05:30 [INF] Executed action CarRental.API.Controllers.RentalsController.GetById (CarRental.API) in 2.4683ms
2026-02-01 14:41:06.875 +05:30 [INF] Executed endpoint 'CarRental.API.Controllers.RentalsController.GetById (CarRental.API)'
2026-02-01 14:41:06.875 +05:30 [INF] Request finished HTTP/1.1 GET http://localhost:5000/api/Rentals/d60ad30c-4cf1-4266-9323-704aa65d4457 - 200 null application/json; charset=utf-8 3.1707ms
2026-02-01 14:41:42.742 +05:30 [INF] Request starting HTTP/1.1 POST http://localhost:5000/api/Payments - application/json 128
2026-02-01 14:41:42.743 +05:30 [INF] CORS policy execution successful.
2026-02-01 14:41:42.744 +05:30 [INF] Executing endpoint 'CarRental.API.Controllers.PaymentsController.Create (CarRental.API)'
2026-02-01 14:41:42.744 +05:30 [INF] Route matched with {action = "Create", controller = "Payments"}. Executing controller action with signature System.Threading.Tasks.Task`1[Microsoft.AspNetCore.Mvc.IActionResult] Create(CarRental.Application.DTOs.Payment.CreatePaymentRequest, System.Threading.CancellationToken) on controller CarRental.API.Controllers.PaymentsController (CarRental.API).
2026-02-01 14:41:42.745 +05:30 [INF] Creating new payment for rental: "d60ad30c-4cf1-4266-9323-704aa65d4457"
2026-02-01 14:41:42.748 +05:30 [INF] Executed DbCommand (1ms) [Parameters=[@__get_Item_0='?' (DbType = Guid)], CommandType='"Text"', CommandTimeout='30']
SELECT `r`.`Id`, `r`.`ActualReturnDate`, `r`.`CarId`, `r`.`CreatedAt`, `r`.`CreatedBy`, `r`.`CustomerId`, `r`.`DailyRate`, `r`.`DamageCharges`, `r`.`DepositAmount`, `r`.`DepositReturned`, `r`.`EndDate`, `r`.`LateFee`, `r`.`Notes`, `r`.`OdometerAtPickup`, `r`.`OdometerAtReturn`, `r`.`PickupLocation`, `r`.`ReturnLocation`, `r`.`StartDate`, `r`.`Status`, `r`.`TotalCost`, `r`.`UpdatedAt`, `r`.`UpdatedBy`
FROM `Rentals` AS `r`
WHERE `r`.`Id` = @__get_Item_0
LIMIT 1
2026-02-01 14:41:42.752 +05:30 [INF] Executed DbCommand (1ms) [Parameters=[@p0='?' (DbType = Guid), @p1='?' (DbType = Decimal), @p2='?' (DbType = DateTime), @p3='?' (Size = 4000), @p4='?' (Size = 4000), @p5='?' (Size = 4000), @p6='?' (DbType = DateTime), @p7='?' (DbType = Int32), @p8='?' (DbType = Guid), @p9='?' (DbType = Int32), @p10='?' (Size = 4000), @p11='?' (DbType = DateTime), @p12='?' (Size = 4000)], CommandType='"Text"', CommandTimeout='30']
SET AUTOCOMMIT = 1;
INSERT INTO `Payments` (`Id`, `Amount`, `CreatedAt`, `CreatedBy`, `Description`, `FailureReason`, `PaymentDate`, `PaymentMethod`, `RentalId`, `Status`, `TransactionId`, `UpdatedAt`, `UpdatedBy`)
VALUES (@p0, @p1, @p2, @p3, @p4, @p5, @p6, @p7, @p8, @p9, @p10, @p11, @p12);
2026-02-01 14:41:42.752 +05:30 [INF] Executing OkObjectResult, writing value of type 'CarRental.API.Controllers.ApiResponse`1[[CarRental.Application.DTOs.Payment.PaymentDto, CarRental.Application, Version=1.0.0.0, Culture=neutral, PublicKeyToken=null]]'.
2026-02-01 14:41:42.753 +05:30 [INF] Executed action CarRental.API.Controllers.PaymentsController.Create (CarRental.API) in 8.6481ms
2026-02-01 14:41:42.753 +05:30 [INF] Executed endpoint 'CarRental.API.Controllers.PaymentsController.Create (CarRental.API)'
2026-02-01 14:41:42.753 +05:30 [INF] Request finished HTTP/1.1 POST http://localhost:5000/api/Payments - 200 null application/json; charset=utf-8 10.5323ms
2026-02-01 14:41:42.759 +05:30 [INF] Request starting HTTP/1.1 POST http://localhost:5000/api/Payments/bc35c0ed-561a-4e21-bdad-d91336499114/process - null 0
2026-02-01 14:41:42.759 +05:30 [INF] CORS policy execution successful.
2026-02-01 14:41:42.760 +05:30 [INF] Authorization failed. These requirements were not met:
RolesAuthorizationRequirement:User.IsInRole must be true for one of the following roles: (Admin|Manager|Staff)
2026-02-01 14:41:42.760 +05:30 [INF] AuthenticationScheme: Bearer was forbidden.
2026-02-01 14:41:42.760 +05:30 [INF] Request finished HTTP/1.1 POST http://localhost:5000/api/Payments/bc35c0ed-561a-4e21-bdad-d91336499114/process - 403 0 null 1.4984ms
2026-02-01 14:42:10.384 +05:30 [INF] Request starting HTTP/1.1 POST http://localhost:5000/api/Payments - application/json 128
2026-02-01 14:42:10.385 +05:30 [INF] CORS policy execution successful.
2026-02-01 14:42:10.386 +05:30 [INF] Executing endpoint 'CarRental.API.Controllers.PaymentsController.Create (CarRental.API)'
2026-02-01 14:42:10.386 +05:30 [INF] Route matched with {action = "Create", controller = "Payments"}. Executing controller action with signature System.Threading.Tasks.Task`1[Microsoft.AspNetCore.Mvc.IActionResult] Create(CarRental.Application.DTOs.Payment.CreatePaymentRequest, System.Threading.CancellationToken) on controller CarRental.API.Controllers.PaymentsController (CarRental.API).
2026-02-01 14:42:10.388 +05:30 [INF] Creating new payment for rental: "d60ad30c-4cf1-4266-9323-704aa65d4457"
2026-02-01 14:42:10.391 +05:30 [INF] Executed DbCommand (1ms) [Parameters=[@__get_Item_0='?' (DbType = Guid)], CommandType='"Text"', CommandTimeout='30']
SELECT `r`.`Id`, `r`.`ActualReturnDate`, `r`.`CarId`, `r`.`CreatedAt`, `r`.`CreatedBy`, `r`.`CustomerId`, `r`.`DailyRate`, `r`.`DamageCharges`, `r`.`DepositAmount`, `r`.`DepositReturned`, `r`.`EndDate`, `r`.`LateFee`, `r`.`Notes`, `r`.`OdometerAtPickup`, `r`.`OdometerAtReturn`, `r`.`PickupLocation`, `r`.`ReturnLocation`, `r`.`StartDate`, `r`.`Status`, `r`.`TotalCost`, `r`.`UpdatedAt`, `r`.`UpdatedBy`
FROM `Rentals` AS `r`
WHERE `r`.`Id` = @__get_Item_0
LIMIT 1
2026-02-01 14:42:10.395 +05:30 [INF] Executed DbCommand (1ms) [Parameters=[@p0='?' (DbType = Guid), @p1='?' (DbType = Decimal), @p2='?' (DbType = DateTime), @p3='?' (Size = 4000), @p4='?' (Size = 4000), @p5='?' (Size = 4000), @p6='?' (DbType = DateTime), @p7='?' (DbType = Int32), @p8='?' (DbType = Guid), @p9='?' (DbType = Int32), @p10='?' (Size = 4000), @p11='?' (DbType = DateTime), @p12='?' (Size = 4000)], CommandType='"Text"', CommandTimeout='30']
SET AUTOCOMMIT = 1;
INSERT INTO `Payments` (`Id`, `Amount`, `CreatedAt`, `CreatedBy`, `Description`, `FailureReason`, `PaymentDate`, `PaymentMethod`, `RentalId`, `Status`, `TransactionId`, `UpdatedAt`, `UpdatedBy`)
VALUES (@p0, @p1, @p2, @p3, @p4, @p5, @p6, @p7, @p8, @p9, @p10, @p11, @p12);
2026-02-01 14:42:10.395 +05:30 [INF] Executing OkObjectResult, writing value of type 'CarRental.API.Controllers.ApiResponse`1[[CarRental.Application.DTOs.Payment.PaymentDto, CarRental.Application, Version=1.0.0.0, Culture=neutral, PublicKeyToken=null]]'.
2026-02-01 14:42:10.395 +05:30 [INF] Executed action CarRental.API.Controllers.PaymentsController.Create (CarRental.API) in 9.3001ms
2026-02-01 14:42:10.395 +05:30 [INF] Executed endpoint 'CarRental.API.Controllers.PaymentsController.Create (CarRental.API)'
2026-02-01 14:42:10.396 +05:30 [INF] Request finished HTTP/1.1 POST http://localhost:5000/api/Payments - 200 null application/json; charset=utf-8 11.1698ms
2026-02-01 14:42:10.401 +05:30 [INF] Request starting HTTP/1.1 POST http://localhost:5000/api/Payments/42a37cd4-7e7f-4c40-b8f8-2ddd5527be29/process - null 0
2026-02-01 14:42:10.402 +05:30 [INF] CORS policy execution successful.
2026-02-01 14:42:10.403 +05:30 [INF] Authorization failed. These requirements were not met:
RolesAuthorizationRequirement:User.IsInRole must be true for one of the following roles: (Admin|Manager|Staff)
2026-02-01 14:42:10.403 +05:30 [INF] AuthenticationScheme: Bearer was forbidden.
2026-02-01 14:42:10.403 +05:30 [INF] Request finished HTTP/1.1 POST http://localhost:5000/api/Payments/42a37cd4-7e7f-4c40-b8f8-2ddd5527be29/process - 403 0 null 1.8573ms
2026-02-01 14:42:12.701 +05:30 [INF] Request starting HTTP/1.1 POST http://localhost:5000/api/Payments - application/json 128
2026-02-01 14:42:12.702 +05:30 [INF] CORS policy execution successful.
2026-02-01 14:42:12.702 +05:30 [INF] Executing endpoint 'CarRental.API.Controllers.PaymentsController.Create (CarRental.API)'
2026-02-01 14:42:12.703 +05:30 [INF] Route matched with {action = "Create", controller = "Payments"}. Executing controller action with signature System.Threading.Tasks.Task`1[Microsoft.AspNetCore.Mvc.IActionResult] Create(CarRental.Application.DTOs.Payment.CreatePaymentRequest, System.Threading.CancellationToken) on controller CarRental.API.Controllers.PaymentsController (CarRental.API).
2026-02-01 14:42:12.705 +05:30 [INF] Creating new payment for rental: "d60ad30c-4cf1-4266-9323-704aa65d4457"
2026-02-01 14:42:12.708 +05:30 [INF] Executed DbCommand (0ms) [Parameters=[@__get_Item_0='?' (DbType = Guid)], CommandType='"Text"', CommandTimeout='30']
SELECT `r`.`Id`, `r`.`ActualReturnDate`, `r`.`CarId`, `r`.`CreatedAt`, `r`.`CreatedBy`, `r`.`CustomerId`, `r`.`DailyRate`, `r`.`DamageCharges`, `r`.`DepositAmount`, `r`.`DepositReturned`, `r`.`EndDate`, `r`.`LateFee`, `r`.`Notes`, `r`.`OdometerAtPickup`, `r`.`OdometerAtReturn`, `r`.`PickupLocation`, `r`.`ReturnLocation`, `r`.`StartDate`, `r`.`Status`, `r`.`TotalCost`, `r`.`UpdatedAt`, `r`.`UpdatedBy`
FROM `Rentals` AS `r`
WHERE `r`.`Id` = @__get_Item_0
LIMIT 1
2026-02-01 14:42:12.711 +05:30 [INF] Executed DbCommand (1ms) [Parameters=[@p0='?' (DbType = Guid), @p1='?' (DbType = Decimal), @p2='?' (DbType = DateTime), @p3='?' (Size = 4000), @p4='?' (Size = 4000), @p5='?' (Size = 4000), @p6='?' (DbType = DateTime), @p7='?' (DbType = Int32), @p8='?' (DbType = Guid), @p9='?' (DbType = Int32), @p10='?' (Size = 4000), @p11='?' (DbType = DateTime), @p12='?' (Size = 4000)], CommandType='"Text"', CommandTimeout='30']
SET AUTOCOMMIT = 1;
INSERT INTO `Payments` (`Id`, `Amount`, `CreatedAt`, `CreatedBy`, `Description`, `FailureReason`, `PaymentDate`, `PaymentMethod`, `RentalId`, `Status`, `TransactionId`, `UpdatedAt`, `UpdatedBy`)
VALUES (@p0, @p1, @p2, @p3, @p4, @p5, @p6, @p7, @p8, @p9, @p10, @p11, @p12);
2026-02-01 14:42:12.711 +05:30 [INF] Executing OkObjectResult, writing value of type 'CarRental.API.Controllers.ApiResponse`1[[CarRental.Application.DTOs.Payment.PaymentDto, CarRental.Application, Version=1.0.0.0, Culture=neutral, PublicKeyToken=null]]'.
2026-02-01 14:42:12.712 +05:30 [INF] Executed action CarRental.API.Controllers.PaymentsController.Create (CarRental.API) in 8.9191ms
2026-02-01 14:42:12.712 +05:30 [INF] Executed endpoint 'CarRental.API.Controllers.PaymentsController.Create (CarRental.API)'
2026-02-01 14:42:12.712 +05:30 [INF] Request finished HTTP/1.1 POST http://localhost:5000/api/Payments - 200 null application/json; charset=utf-8 10.4257ms
2026-02-01 14:42:12.717 +05:30 [INF] Request starting HTTP/1.1 POST http://localhost:5000/api/Payments/569617c9-4daa-495f-bf56-fd47ded632b0/process - null 0
2026-02-01 14:42:12.718 +05:30 [INF] CORS policy execution successful.
2026-02-01 14:42:12.718 +05:30 [INF] Authorization failed. These requirements were not met:
RolesAuthorizationRequirement:User.IsInRole must be true for one of the following roles: (Admin|Manager|Staff)
2026-02-01 14:42:12.718 +05:30 [INF] AuthenticationScheme: Bearer was forbidden.
2026-02-01 14:42:12.719 +05:30 [INF] Request finished HTTP/1.1 POST http://localhost:5000/api/Payments/569617c9-4daa-495f-bf56-fd47ded632b0/process - 403 0 null 1.1095ms
2026-02-01 14:42:13.619 +05:30 [INF] Request starting HTTP/1.1 POST http://localhost:5000/api/Payments - application/json 128
2026-02-01 14:42:13.619 +05:30 [INF] CORS policy execution successful.
2026-02-01 14:42:13.620 +05:30 [INF] Executing endpoint 'CarRental.API.Controllers.PaymentsController.Create (CarRental.API)'
2026-02-01 14:42:13.621 +05:30 [INF] Route matched with {action = "Create", controller = "Payments"}. Executing controller action with signature System.Threading.Tasks.Task`1[Microsoft.AspNetCore.Mvc.IActionResult] Create(CarRental.Application.DTOs.Payment.CreatePaymentRequest, System.Threading.CancellationToken) on controller CarRental.API.Controllers.PaymentsController (CarRental.API).
2026-02-01 14:42:13.623 +05:30 [INF] Creating new payment for rental: "d60ad30c-4cf1-4266-9323-704aa65d4457"
2026-02-01 14:42:13.625 +05:30 [INF] Executed DbCommand (1ms) [Parameters=[@__get_Item_0='?' (DbType = Guid)], CommandType='"Text"', CommandTimeout='30']
SELECT `r`.`Id`, `r`.`ActualReturnDate`, `r`.`CarId`, `r`.`CreatedAt`, `r`.`CreatedBy`, `r`.`CustomerId`, `r`.`DailyRate`, `r`.`DamageCharges`, `r`.`DepositAmount`, `r`.`DepositReturned`, `r`.`EndDate`, `r`.`LateFee`, `r`.`Notes`, `r`.`OdometerAtPickup`, `r`.`OdometerAtReturn`, `r`.`PickupLocation`, `r`.`ReturnLocation`, `r`.`StartDate`, `r`.`Status`, `r`.`TotalCost`, `r`.`UpdatedAt`, `r`.`UpdatedBy`
FROM `Rentals` AS `r`
WHERE `r`.`Id` = @__get_Item_0
LIMIT 1
2026-02-01 14:42:13.629 +05:30 [INF] Executed DbCommand (1ms) [Parameters=[@p0='?' (DbType = Guid), @p1='?' (DbType = Decimal), @p2='?' (DbType = DateTime), @p3='?' (Size = 4000), @p4='?' (Size = 4000), @p5='?' (Size = 4000), @p6='?' (DbType = DateTime), @p7='?' (DbType = Int32), @p8='?' (DbType = Guid), @p9='?' (DbType = Int32), @p10='?' (Size = 4000), @p11='?' (DbType = DateTime), @p12='?' (Size = 4000)], CommandType='"Text"', CommandTimeout='30']
SET AUTOCOMMIT = 1;
INSERT INTO `Payments` (`Id`, `Amount`, `CreatedAt`, `CreatedBy`, `Description`, `FailureReason`, `PaymentDate`, `PaymentMethod`, `RentalId`, `Status`, `TransactionId`, `UpdatedAt`, `UpdatedBy`)
VALUES (@p0, @p1, @p2, @p3, @p4, @p5, @p6, @p7, @p8, @p9, @p10, @p11, @p12);
2026-02-01 14:42:13.629 +05:30 [INF] Executing OkObjectResult, writing value of type 'CarRental.API.Controllers.ApiResponse`1[[CarRental.Application.DTOs.Payment.PaymentDto, CarRental.Application, Version=1.0.0.0, Culture=neutral, PublicKeyToken=null]]'.
2026-02-01 14:42:13.630 +05:30 [INF] Executed action CarRental.API.Controllers.PaymentsController.Create (CarRental.API) in 8.7632ms
2026-02-01 14:42:13.630 +05:30 [INF] Executed endpoint 'CarRental.API.Controllers.PaymentsController.Create (CarRental.API)'
2026-02-01 14:42:13.630 +05:30 [INF] Request finished HTTP/1.1 POST http://localhost:5000/api/Payments - 200 null application/json; charset=utf-8 10.9749ms
2026-02-01 14:42:13.638 +05:30 [INF] Request starting HTTP/1.1 POST http://localhost:5000/api/Payments/666f4c3b-558e-4ca2-b59e-546537b67ca4/process - null 0
2026-02-01 14:42:13.638 +05:30 [INF] CORS policy execution successful.
2026-02-01 14:42:13.639 +05:30 [INF] Authorization failed. These requirements were not met:
RolesAuthorizationRequirement:User.IsInRole must be true for one of the following roles: (Admin|Manager|Staff)
2026-02-01 14:42:13.639 +05:30 [INF] AuthenticationScheme: Bearer was forbidden.
2026-02-01 14:42:13.640 +05:30 [INF] Request finished HTTP/1.1 POST http://localhost:5000/api/Payments/666f4c3b-558e-4ca2-b59e-546537b67ca4/process - 403 0 null 1.496ms
2026-02-01 14:42:14.335 +05:30 [INF] Request starting HTTP/1.1 POST http://localhost:5000/api/Payments - application/json 128
2026-02-01 14:42:14.335 +05:30 [INF] CORS policy execution successful.
2026-02-01 14:42:14.336 +05:30 [INF] Executing endpoint 'CarRental.API.Controllers.PaymentsController.Create (CarRental.API)'
2026-02-01 14:42:14.336 +05:30 [INF] Route matched with {action = "Create", controller = "Payments"}. Executing controller action with signature System.Threading.Tasks.Task`1[Microsoft.AspNetCore.Mvc.IActionResult] Create(CarRental.Application.DTOs.Payment.CreatePaymentRequest, System.Threading.CancellationToken) on controller CarRental.API.Controllers.PaymentsController (CarRental.API).
2026-02-01 14:42:14.338 +05:30 [INF] Creating new payment for rental: "d60ad30c-4cf1-4266-9323-704aa65d4457"
2026-02-01 14:42:14.340 +05:30 [INF] Executed DbCommand (0ms) [Parameters=[@__get_Item_0='?' (DbType = Guid)], CommandType='"Text"', CommandTimeout='30']
SELECT `r`.`Id`, `r`.`ActualReturnDate`, `r`.`CarId`, `r`.`CreatedAt`, `r`.`CreatedBy`, `r`.`CustomerId`, `r`.`DailyRate`, `r`.`DamageCharges`, `r`.`DepositAmount`, `r`.`DepositReturned`, `r`.`EndDate`, `r`.`LateFee`, `r`.`Notes`, `r`.`OdometerAtPickup`, `r`.`OdometerAtReturn`, `r`.`PickupLocation`, `r`.`ReturnLocation`, `r`.`StartDate`, `r`.`Status`, `r`.`TotalCost`, `r`.`UpdatedAt`, `r`.`UpdatedBy`
FROM `Rentals` AS `r`
WHERE `r`.`Id` = @__get_Item_0
LIMIT 1
2026-02-01 14:42:14.343 +05:30 [INF] Executed DbCommand (2ms) [Parameters=[@p0='?' (DbType = Guid), @p1='?' (DbType = Decimal), @p2='?' (DbType = DateTime), @p3='?' (Size = 4000), @p4='?' (Size = 4000), @p5='?' (Size = 4000), @p6='?' (DbType = DateTime), @p7='?' (DbType = Int32), @p8='?' (DbType = Guid), @p9='?' (DbType = Int32), @p10='?' (Size = 4000), @p11='?' (DbType = DateTime), @p12='?' (Size = 4000)], CommandType='"Text"', CommandTimeout='30']
SET AUTOCOMMIT = 1;
INSERT INTO `Payments` (`Id`, `Amount`, `CreatedAt`, `CreatedBy`, `Description`, `FailureReason`, `PaymentDate`, `PaymentMethod`, `RentalId`, `Status`, `TransactionId`, `UpdatedAt`, `UpdatedBy`)
VALUES (@p0, @p1, @p2, @p3, @p4, @p5, @p6, @p7, @p8, @p9, @p10, @p11, @p12);
2026-02-01 14:42:14.344 +05:30 [INF] Executing OkObjectResult, writing value of type 'CarRental.API.Controllers.ApiResponse`1[[CarRental.Application.DTOs.Payment.PaymentDto, CarRental.Application, Version=1.0.0.0, Culture=neutral, PublicKeyToken=null]]'.
2026-02-01 14:42:14.344 +05:30 [INF] Executed action CarRental.API.Controllers.PaymentsController.Create (CarRental.API) in 7.6203ms
2026-02-01 14:42:14.344 +05:30 [INF] Executed endpoint 'CarRental.API.Controllers.PaymentsController.Create (CarRental.API)'
2026-02-01 14:42:14.344 +05:30 [INF] Request finished HTTP/1.1 POST http://localhost:5000/api/Payments - 200 null application/json; charset=utf-8 9.3794ms
2026-02-01 14:42:14.349 +05:30 [INF] Request starting HTTP/1.1 POST http://localhost:5000/api/Payments/36620faa-12b1-41e1-9677-19ae47fafc89/process - null 0
2026-02-01 14:42:14.350 +05:30 [INF] CORS policy execution successful.
2026-02-01 14:42:14.350 +05:30 [INF] Authorization failed. These requirements were not met:
RolesAuthorizationRequirement:User.IsInRole must be true for one of the following roles: (Admin|Manager|Staff)
2026-02-01 14:42:14.350 +05:30 [INF] AuthenticationScheme: Bearer was forbidden.
2026-02-01 14:42:14.350 +05:30 [INF] Request finished HTTP/1.1 POST http://localhost:5000/api/Payments/36620faa-12b1-41e1-9677-19ae47fafc89/process - 403 0 null 1.2211ms
2026-02-01 14:42:14.634 +05:30 [INF] Request starting HTTP/1.1 POST http://localhost:5000/api/Payments - application/json 128
2026-02-01 14:42:14.634 +05:30 [INF] CORS policy execution successful.
2026-02-01 14:42:14.635 +05:30 [INF] Executing endpoint 'CarRental.API.Controllers.PaymentsController.Create (CarRental.API)'
2026-02-01 14:42:14.635 +05:30 [INF] Route matched with {action = "Create", controller = "Payments"}. Executing controller action with signature System.Threading.Tasks.Task`1[Microsoft.AspNetCore.Mvc.IActionResult] Create(CarRental.Application.DTOs.Payment.CreatePaymentRequest, System.Threading.CancellationToken) on controller CarRental.API.Controllers.PaymentsController (CarRental.API).
2026-02-01 14:42:14.637 +05:30 [INF] Creating new payment for rental: "d60ad30c-4cf1-4266-9323-704aa65d4457"
2026-02-01 14:42:14.639 +05:30 [INF] Executed DbCommand (1ms) [Parameters=[@__get_Item_0='?' (DbType = Guid)], CommandType='"Text"', CommandTimeout='30']
SELECT `r`.`Id`, `r`.`ActualReturnDate`, `r`.`CarId`, `r`.`CreatedAt`, `r`.`CreatedBy`, `r`.`CustomerId`, `r`.`DailyRate`, `r`.`DamageCharges`, `r`.`DepositAmount`, `r`.`DepositReturned`, `r`.`EndDate`, `r`.`LateFee`, `r`.`Notes`, `r`.`OdometerAtPickup`, `r`.`OdometerAtReturn`, `r`.`PickupLocation`, `r`.`ReturnLocation`, `r`.`StartDate`, `r`.`Status`, `r`.`TotalCost`, `r`.`UpdatedAt`, `r`.`UpdatedBy`
FROM `Rentals` AS `r`
WHERE `r`.`Id` = @__get_Item_0
LIMIT 1
2026-02-01 14:42:14.642 +05:30 [INF] Executed DbCommand (1ms) [Parameters=[@p0='?' (DbType = Guid), @p1='?' (DbType = Decimal), @p2='?' (DbType = DateTime), @p3='?' (Size = 4000), @p4='?' (Size = 4000), @p5='?' (Size = 4000), @p6='?' (DbType = DateTime), @p7='?' (DbType = Int32), @p8='?' (DbType = Guid), @p9='?' (DbType = Int32), @p10='?' (Size = 4000), @p11='?' (DbType = DateTime), @p12='?' (Size = 4000)], CommandType='"Text"', CommandTimeout='30']
SET AUTOCOMMIT = 1;
INSERT INTO `Payments` (`Id`, `Amount`, `CreatedAt`, `CreatedBy`, `Description`, `FailureReason`, `PaymentDate`, `PaymentMethod`, `RentalId`, `Status`, `TransactionId`, `UpdatedAt`, `UpdatedBy`)
VALUES (@p0, @p1, @p2, @p3, @p4, @p5, @p6, @p7, @p8, @p9, @p10, @p11, @p12);
2026-02-01 14:42:14.643 +05:30 [INF] Executing OkObjectResult, writing value of type 'CarRental.API.Controllers.ApiResponse`1[[CarRental.Application.DTOs.Payment.PaymentDto, CarRental.Application, Version=1.0.0.0, Culture=neutral, PublicKeyToken=null]]'.
2026-02-01 14:42:14.643 +05:30 [INF] Executed action CarRental.API.Controllers.PaymentsController.Create (CarRental.API) in 7.6642ms
2026-02-01 14:42:14.643 +05:30 [INF] Executed endpoint 'CarRental.API.Controllers.PaymentsController.Create (CarRental.API)'
2026-02-01 14:42:14.643 +05:30 [INF] Request finished HTTP/1.1 POST http://localhost:5000/api/Payments - 200 null application/json; charset=utf-8 9.6261ms
2026-02-01 14:42:14.649 +05:30 [INF] Request starting HTTP/1.1 POST http://localhost:5000/api/Payments/97da518c-0eaa-4786-9191-36ec8e14d813/process - null 0
2026-02-01 14:42:14.649 +05:30 [INF] CORS policy execution successful.
2026-02-01 14:42:14.650 +05:30 [INF] Authorization failed. These requirements were not met:
RolesAuthorizationRequirement:User.IsInRole must be true for one of the following roles: (Admin|Manager|Staff)
2026-02-01 14:42:14.650 +05:30 [INF] AuthenticationScheme: Bearer was forbidden.
2026-02-01 14:42:14.650 +05:30 [INF] Request finished HTTP/1.1 POST http://localhost:5000/api/Payments/97da518c-0eaa-4786-9191-36ec8e14d813/process - 403 0 null 1.2292ms
2026-02-01 14:42:15.534 +05:30 [INF] Request starting HTTP/1.1 POST http://localhost:5000/api/Payments - application/json 128
2026-02-01 14:42:15.534 +05:30 [INF] CORS policy execution successful.
2026-02-01 14:42:15.535 +05:30 [INF] Executing endpoint 'CarRental.API.Controllers.PaymentsController.Create (CarRental.API)'
2026-02-01 14:42:15.535 +05:30 [INF] Route matched with {action = "Create", controller = "Payments"}. Executing controller action with signature System.Threading.Tasks.Task`1[Microsoft.AspNetCore.Mvc.IActionResult] Create(CarRental.Application.DTOs.Payment.CreatePaymentRequest, System.Threading.CancellationToken) on controller CarRental.API.Controllers.PaymentsController (CarRental.API).
2026-02-01 14:42:15.537 +05:30 [INF] Creating new payment for rental: "d60ad30c-4cf1-4266-9323-704aa65d4457"
2026-02-01 14:42:15.539 +05:30 [INF] Executed DbCommand (1ms) [Parameters=[@__get_Item_0='?' (DbType = Guid)], CommandType='"Text"', CommandTimeout='30']
SELECT `r`.`Id`, `r`.`ActualReturnDate`, `r`.`CarId`, `r`.`CreatedAt`, `r`.`CreatedBy`, `r`.`CustomerId`, `r`.`DailyRate`, `r`.`DamageCharges`, `r`.`DepositAmount`, `r`.`DepositReturned`, `r`.`EndDate`, `r`.`LateFee`, `r`.`Notes`, `r`.`OdometerAtPickup`, `r`.`OdometerAtReturn`, `r`.`PickupLocation`, `r`.`ReturnLocation`, `r`.`StartDate`, `r`.`Status`, `r`.`TotalCost`, `r`.`UpdatedAt`, `r`.`UpdatedBy`
FROM `Rentals` AS `r`
WHERE `r`.`Id` = @__get_Item_0
LIMIT 1
2026-02-01 14:42:15.542 +05:30 [INF] Executed DbCommand (1ms) [Parameters=[@p0='?' (DbType = Guid), @p1='?' (DbType = Decimal), @p2='?' (DbType = DateTime), @p3='?' (Size = 4000), @p4='?' (Size = 4000), @p5='?' (Size = 4000), @p6='?' (DbType = DateTime), @p7='?' (DbType = Int32), @p8='?' (DbType = Guid), @p9='?' (DbType = Int32), @p10='?' (Size = 4000), @p11='?' (DbType = DateTime), @p12='?' (Size = 4000)], CommandType='"Text"', CommandTimeout='30']
SET AUTOCOMMIT = 1;
INSERT INTO `Payments` (`Id`, `Amount`, `CreatedAt`, `CreatedBy`, `Description`, `FailureReason`, `PaymentDate`, `PaymentMethod`, `RentalId`, `Status`, `TransactionId`, `UpdatedAt`, `UpdatedBy`)
VALUES (@p0, @p1, @p2, @p3, @p4, @p5, @p6, @p7, @p8, @p9, @p10, @p11, @p12);
2026-02-01 14:42:15.543 +05:30 [INF] Executing OkObjectResult, writing value of type 'CarRental.API.Controllers.ApiResponse`1[[CarRental.Application.DTOs.Payment.PaymentDto, CarRental.Application, Version=1.0.0.0, Culture=neutral, PublicKeyToken=null]]'.
2026-02-01 14:42:15.543 +05:30 [INF] Executed action CarRental.API.Controllers.PaymentsController.Create (CarRental.API) in 8.0578ms
2026-02-01 14:42:15.543 +05:30 [INF] Executed endpoint 'CarRental.API.Controllers.PaymentsController.Create (CarRental.API)'
2026-02-01 14:42:15.543 +05:30 [INF] Request finished HTTP/1.1 POST http://localhost:5000/api/Payments - 200 null application/json; charset=utf-8 9.635ms
2026-02-01 14:42:15.550 +05:30 [INF] Request starting HTTP/1.1 POST http://localhost:5000/api/Payments/0959c2de-7896-4f61-8aae-707c14ab2cdb/process - null 0
2026-02-01 14:42:15.551 +05:30 [INF] CORS policy execution successful.
2026-02-01 14:42:15.551 +05:30 [INF] Authorization failed. These requirements were not met:
RolesAuthorizationRequirement:User.IsInRole must be true for one of the following roles: (Admin|Manager|Staff)
2026-02-01 14:42:15.552 +05:30 [INF] AuthenticationScheme: Bearer was forbidden.
2026-02-01 14:42:15.552 +05:30 [INF] Request finished HTTP/1.1 POST http://localhost:5000/api/Payments/0959c2de-7896-4f61-8aae-707c14ab2cdb/process - 403 0 null 1.6071ms
2026-02-01 14:48:24.207 +05:30 [INF] Executed DbCommand (4ms) [Parameters=[], CommandType='"Text"', CommandTimeout='30']
SELECT CASE WHEN COUNT(*) = 0 THEN FALSE ELSE TRUE END
FROM information_schema.tables
WHERE table_type = 'BASE TABLE' AND table_schema = 'CarRentalDB'
2026-02-01 14:48:24.222 +05:30 [INF] Car Rental API is starting...
2026-02-01 14:48:24.225 +05:30 [INF] User profile is available. Using '/Users/prashantkumar/.aspnet/DataProtection-Keys' as key repository; keys will not be encrypted at rest.
2026-02-01 14:48:24.238 +05:30 [INF] Now listening on: http://localhost:5000
2026-02-01 14:48:24.239 +05:30 [INF] Application started. Press Ctrl+C to shut down.
2026-02-01 14:48:24.239 +05:30 [INF] Hosting environment: Production
2026-02-01 14:48:24.239 +05:30 [INF] Content root path: /Users/prashantkumar/Desktop/CarRental-backend/backend/src/CarRental.API
2026-02-01 14:49:29.463 +05:30 [INF] Request starting HTTP/1.1 GET http://localhost:5000/api/Rentals/d60ad30c-4cf1-4266-9323-704aa65d4457 - null null
2026-02-01 14:49:29.484 +05:30 [WRN] Failed to determine the https port for redirect.
2026-02-01 14:49:29.512 +05:30 [INF] Executing endpoint 'CarRental.API.Controllers.RentalsController.GetById (CarRental.API)'
2026-02-01 14:49:29.518 +05:30 [INF] Route matched with {action = "GetById", controller = "Rentals"}. Executing controller action with signature System.Threading.Tasks.Task`1[Microsoft.AspNetCore.Mvc.IActionResult] GetById(System.Guid, System.Threading.CancellationToken) on controller CarRental.API.Controllers.RentalsController (CarRental.API).
2026-02-01 14:49:29.530 +05:30 [INF] Getting rental with ID: "d60ad30c-4cf1-4266-9323-704aa65d4457"
2026-02-01 14:49:29.647 +05:30 [INF] Executed DbCommand (10ms) [Parameters=[@__rentalId_0='?' (DbType = Guid)], CommandType='"Text"', CommandTimeout='30']
SELECT `t`.`Id`, `t`.`ActualReturnDate`, `t`.`CarId`, `t`.`CreatedAt`, `t`.`CreatedBy`, `t`.`CustomerId`, `t`.`DailyRate`, `t`.`DamageCharges`, `t`.`DepositAmount`, `t`.`DepositReturned`, `t`.`EndDate`, `t`.`LateFee`, `t`.`Notes`, `t`.`OdometerAtPickup`, `t`.`OdometerAtReturn`, `t`.`PickupLocation`, `t`.`ReturnLocation`, `t`.`StartDate`, `t`.`Status`, `t`.`TotalCost`, `t`.`UpdatedAt`, `t`.`UpdatedBy`, `t`.`Id0`, `t`.`Category`, `t`.`Color`, `t`.`CreatedAt0`, `t`.`CreatedBy0`, `t`.`DailyRate0`, `t`.`Description`, `t`.`FuelType`, `t`.`HasAirConditioning`, `t`.`HasGPS`, `t`.`ImageUrl`, `t`.`LastMaintenanceDate`, `t`.`LicensePlate`, `t`.`Make`, `t`.`Mileage`, `t`.`Model`, `t`.`NextMaintenanceDate`, `t`.`SeatingCapacity`, `t`.`Status0`, `t`.`Transmission`, `t`.`UpdatedAt0`, `t`.`UpdatedBy0`, `t`.`Year`, `t`.`Id1`, `t`.`City`, `t`.`Country`, `t`.`CreatedAt1`, `t`.`CreatedBy1`, `t`.`DateOfBirth`, `t`.`DriversLicenseExpiry`, `t`.`DriversLicenseNumber`, `t`.`Email`, `t`.`FirstName`, `t`.`IsActive`, `t`.`LastLoginAt`, `t`.`LastName`, `t`.`PasswordHash`, `t`.`PhoneNumber`, `t`.`PostalCode`, `t`.`Role`, `t`.`State`, `t`.`Street`, `t`.`UpdatedAt1`, `t`.`UpdatedBy1`, `p`.`Id`, `p`.`Amount`, `p`.`CreatedAt`, `p`.`CreatedBy`, `p`.`Description`, `p`.`FailureReason`, `p`.`PaymentDate`, `p`.`PaymentMethod`, `p`.`RentalId`, `p`.`Status`, `p`.`TransactionId`, `p`.`UpdatedAt`, `p`.`UpdatedBy`
FROM (
    SELECT `r`.`Id`, `r`.`ActualReturnDate`, `r`.`CarId`, `r`.`CreatedAt`, `r`.`CreatedBy`, `r`.`CustomerId`, `r`.`DailyRate`, `r`.`DamageCharges`, `r`.`DepositAmount`, `r`.`DepositReturned`, `r`.`EndDate`, `r`.`LateFee`, `r`.`Notes`, `r`.`OdometerAtPickup`, `r`.`OdometerAtReturn`, `r`.`PickupLocation`, `r`.`ReturnLocation`, `r`.`StartDate`, `r`.`Status`, `r`.`TotalCost`, `r`.`UpdatedAt`, `r`.`UpdatedBy`, `c`.`Id` AS `Id0`, `c`.`Category`, `c`.`Color`, `c`.`CreatedAt` AS `CreatedAt0`, `c`.`CreatedBy` AS `CreatedBy0`, `c`.`DailyRate` AS `DailyRate0`, `c`.`Description`, `c`.`FuelType`, `c`.`HasAirConditioning`, `c`.`HasGPS`, `c`.`ImageUrl`, `c`.`LastMaintenanceDate`, `c`.`LicensePlate`, `c`.`Make`, `c`.`Mileage`, `c`.`Model`, `c`.`NextMaintenanceDate`, `c`.`SeatingCapacity`, `c`.`Status` AS `Status0`, `c`.`Transmission`, `c`.`UpdatedAt` AS `UpdatedAt0`, `c`.`UpdatedBy` AS `UpdatedBy0`, `c`.`Year`, `u`.`Id` AS `Id1`, `u`.`City`, `u`.`Country`, `u`.`CreatedAt` AS `CreatedAt1`, `u`.`CreatedBy` AS `CreatedBy1`, `u`.`DateOfBirth`, `u`.`DriversLicenseExpiry`, `u`.`DriversLicenseNumber`, `u`.`Email`, `u`.`FirstName`, `u`.`IsActive`, `u`.`LastLoginAt`, `u`.`LastName`, `u`.`PasswordHash`, `u`.`PhoneNumber`, `u`.`PostalCode`, `u`.`Role`, `u`.`State`, `u`.`Street`, `u`.`UpdatedAt` AS `UpdatedAt1`, `u`.`UpdatedBy` AS `UpdatedBy1`
    FROM `Rentals` AS `r`
    INNER JOIN `Cars` AS `c` ON `r`.`CarId` = `c`.`Id`
    INNER JOIN `Users` AS `u` ON `r`.`CustomerId` = `u`.`Id`
    WHERE `r`.`Id` = @__rentalId_0
    LIMIT 1
) AS `t`
LEFT JOIN `Payments` AS `p` ON `t`.`Id` = `p`.`RentalId`
ORDER BY `t`.`Id`, `t`.`Id0`, `t`.`Id1`
2026-02-01 14:49:29.699 +05:30 [INF] Executing OkObjectResult, writing value of type 'CarRental.API.Controllers.ApiResponse`1[[CarRental.Application.DTOs.Rental.RentalDto, CarRental.Application, Version=1.0.0.0, Culture=neutral, PublicKeyToken=null]]'.
2026-02-01 14:49:29.713 +05:30 [INF] Executed action CarRental.API.Controllers.RentalsController.GetById (CarRental.API) in 193.899ms
2026-02-01 14:49:29.713 +05:30 [INF] Executed endpoint 'CarRental.API.Controllers.RentalsController.GetById (CarRental.API)'
2026-02-01 14:49:29.713 +05:30 [INF] Request starting HTTP/1.1 GET http://localhost:5000/api/Rentals/d60ad30c-4cf1-4266-9323-704aa65d4457 - null null
2026-02-01 14:49:29.714 +05:30 [INF] Request finished HTTP/1.1 GET http://localhost:5000/api/Rentals/d60ad30c-4cf1-4266-9323-704aa65d4457 - 200 null application/json; charset=utf-8 251.8326ms
2026-02-01 14:49:29.715 +05:30 [INF] Executing endpoint 'CarRental.API.Controllers.RentalsController.GetById (CarRental.API)'
2026-02-01 14:49:29.715 +05:30 [INF] Route matched with {action = "GetById", controller = "Rentals"}. Executing controller action with signature System.Threading.Tasks.Task`1[Microsoft.AspNetCore.Mvc.IActionResult] GetById(System.Guid, System.Threading.CancellationToken) on controller CarRental.API.Controllers.RentalsController (CarRental.API).
2026-02-01 14:49:29.716 +05:30 [INF] Getting rental with ID: "d60ad30c-4cf1-4266-9323-704aa65d4457"
2026-02-01 14:49:29.733 +05:30 [INF] Executed DbCommand (1ms) [Parameters=[@__rentalId_0='?' (DbType = Guid)], CommandType='"Text"', CommandTimeout='30']
SELECT `t`.`Id`, `t`.`ActualReturnDate`, `t`.`CarId`, `t`.`CreatedAt`, `t`.`CreatedBy`, `t`.`CustomerId`, `t`.`DailyRate`, `t`.`DamageCharges`, `t`.`DepositAmount`, `t`.`DepositReturned`, `t`.`EndDate`, `t`.`LateFee`, `t`.`Notes`, `t`.`OdometerAtPickup`, `t`.`OdometerAtReturn`, `t`.`PickupLocation`, `t`.`ReturnLocation`, `t`.`StartDate`, `t`.`Status`, `t`.`TotalCost`, `t`.`UpdatedAt`, `t`.`UpdatedBy`, `t`.`Id0`, `t`.`Category`, `t`.`Color`, `t`.`CreatedAt0`, `t`.`CreatedBy0`, `t`.`DailyRate0`, `t`.`Description`, `t`.`FuelType`, `t`.`HasAirConditioning`, `t`.`HasGPS`, `t`.`ImageUrl`, `t`.`LastMaintenanceDate`, `t`.`LicensePlate`, `t`.`Make`, `t`.`Mileage`, `t`.`Model`, `t`.`NextMaintenanceDate`, `t`.`SeatingCapacity`, `t`.`Status0`, `t`.`Transmission`, `t`.`UpdatedAt0`, `t`.`UpdatedBy0`, `t`.`Year`, `t`.`Id1`, `t`.`City`, `t`.`Country`, `t`.`CreatedAt1`, `t`.`CreatedBy1`, `t`.`DateOfBirth`, `t`.`DriversLicenseExpiry`, `t`.`DriversLicenseNumber`, `t`.`Email`, `t`.`FirstName`, `t`.`IsActive`, `t`.`LastLoginAt`, `t`.`LastName`, `t`.`PasswordHash`, `t`.`PhoneNumber`, `t`.`PostalCode`, `t`.`Role`, `t`.`State`, `t`.`Street`, `t`.`UpdatedAt1`, `t`.`UpdatedBy1`, `p`.`Id`, `p`.`Amount`, `p`.`CreatedAt`, `p`.`CreatedBy`, `p`.`Description`, `p`.`FailureReason`, `p`.`PaymentDate`, `p`.`PaymentMethod`, `p`.`RentalId`, `p`.`Status`, `p`.`TransactionId`, `p`.`UpdatedAt`, `p`.`UpdatedBy`
FROM (
    SELECT `r`.`Id`, `r`.`ActualReturnDate`, `r`.`CarId`, `r`.`CreatedAt`, `r`.`CreatedBy`, `r`.`CustomerId`, `r`.`DailyRate`, `r`.`DamageCharges`, `r`.`DepositAmount`, `r`.`DepositReturned`, `r`.`EndDate`, `r`.`LateFee`, `r`.`Notes`, `r`.`OdometerAtPickup`, `r`.`OdometerAtReturn`, `r`.`PickupLocation`, `r`.`ReturnLocation`, `r`.`StartDate`, `r`.`Status`, `r`.`TotalCost`, `r`.`UpdatedAt`, `r`.`UpdatedBy`, `c`.`Id` AS `Id0`, `c`.`Category`, `c`.`Color`, `c`.`CreatedAt` AS `CreatedAt0`, `c`.`CreatedBy` AS `CreatedBy0`, `c`.`DailyRate` AS `DailyRate0`, `c`.`Description`, `c`.`FuelType`, `c`.`HasAirConditioning`, `c`.`HasGPS`, `c`.`ImageUrl`, `c`.`LastMaintenanceDate`, `c`.`LicensePlate`, `c`.`Make`, `c`.`Mileage`, `c`.`Model`, `c`.`NextMaintenanceDate`, `c`.`SeatingCapacity`, `c`.`Status` AS `Status0`, `c`.`Transmission`, `c`.`UpdatedAt` AS `UpdatedAt0`, `c`.`UpdatedBy` AS `UpdatedBy0`, `c`.`Year`, `u`.`Id` AS `Id1`, `u`.`City`, `u`.`Country`, `u`.`CreatedAt` AS `CreatedAt1`, `u`.`CreatedBy` AS `CreatedBy1`, `u`.`DateOfBirth`, `u`.`DriversLicenseExpiry`, `u`.`DriversLicenseNumber`, `u`.`Email`, `u`.`FirstName`, `u`.`IsActive`, `u`.`LastLoginAt`, `u`.`LastName`, `u`.`PasswordHash`, `u`.`PhoneNumber`, `u`.`PostalCode`, `u`.`Role`, `u`.`State`, `u`.`Street`, `u`.`UpdatedAt` AS `UpdatedAt1`, `u`.`UpdatedBy` AS `UpdatedBy1`
    FROM `Rentals` AS `r`
    INNER JOIN `Cars` AS `c` ON `r`.`CarId` = `c`.`Id`
    INNER JOIN `Users` AS `u` ON `r`.`CustomerId` = `u`.`Id`
    WHERE `r`.`Id` = @__rentalId_0
    LIMIT 1
) AS `t`
LEFT JOIN `Payments` AS `p` ON `t`.`Id` = `p`.`RentalId`
ORDER BY `t`.`Id`, `t`.`Id0`, `t`.`Id1`
2026-02-01 14:49:29.733 +05:30 [INF] Executing OkObjectResult, writing value of type 'CarRental.API.Controllers.ApiResponse`1[[CarRental.Application.DTOs.Rental.RentalDto, CarRental.Application, Version=1.0.0.0, Culture=neutral, PublicKeyToken=null]]'.
2026-02-01 14:49:29.733 +05:30 [INF] Executed action CarRental.API.Controllers.RentalsController.GetById (CarRental.API) in 18.0917ms
2026-02-01 14:49:29.734 +05:30 [INF] Executed endpoint 'CarRental.API.Controllers.RentalsController.GetById (CarRental.API)'
2026-02-01 14:49:29.734 +05:30 [INF] Request finished HTTP/1.1 GET http://localhost:5000/api/Rentals/d60ad30c-4cf1-4266-9323-704aa65d4457 - 200 null application/json; charset=utf-8 20.203ms
2026-02-01 14:55:03.701 +05:30 [INF] Request starting HTTP/1.1 POST http://localhost:5000/api/Payments - application/json 128
2026-02-01 14:55:03.704 +05:30 [INF] CORS policy execution successful.
2026-02-01 14:55:03.709 +05:30 [INF] Executing endpoint 'CarRental.API.Controllers.PaymentsController.Create (CarRental.API)'
2026-02-01 14:55:03.713 +05:30 [INF] Route matched with {action = "Create", controller = "Payments"}. Executing controller action with signature System.Threading.Tasks.Task`1[Microsoft.AspNetCore.Mvc.IActionResult] Create(CarRental.Application.DTOs.Payment.CreatePaymentRequest, System.Threading.CancellationToken) on controller CarRental.API.Controllers.PaymentsController (CarRental.API).
2026-02-01 14:55:03.752 +05:30 [INF] Creating new payment for rental: "d60ad30c-4cf1-4266-9323-704aa65d4457"
2026-02-01 14:55:03.770 +05:30 [INF] Executed DbCommand (1ms) [Parameters=[@__get_Item_0='?' (DbType = Guid)], CommandType='"Text"', CommandTimeout='30']
SELECT `r`.`Id`, `r`.`ActualReturnDate`, `r`.`CarId`, `r`.`CreatedAt`, `r`.`CreatedBy`, `r`.`CustomerId`, `r`.`DailyRate`, `r`.`DamageCharges`, `r`.`DepositAmount`, `r`.`DepositReturned`, `r`.`EndDate`, `r`.`LateFee`, `r`.`Notes`, `r`.`OdometerAtPickup`, `r`.`OdometerAtReturn`, `r`.`PickupLocation`, `r`.`ReturnLocation`, `r`.`StartDate`, `r`.`Status`, `r`.`TotalCost`, `r`.`UpdatedAt`, `r`.`UpdatedBy`
FROM `Rentals` AS `r`
WHERE `r`.`Id` = @__get_Item_0
LIMIT 1
2026-02-01 14:55:03.817 +05:30 [INF] Executed DbCommand (2ms) [Parameters=[@p0='?' (DbType = Guid), @p1='?' (DbType = Decimal), @p2='?' (DbType = DateTime), @p3='?' (Size = 4000), @p4='?' (Size = 4000), @p5='?' (Size = 4000), @p6='?' (DbType = DateTime), @p7='?' (DbType = Int32), @p8='?' (DbType = Guid), @p9='?' (DbType = Int32), @p10='?' (Size = 4000), @p11='?' (DbType = DateTime), @p12='?' (Size = 4000)], CommandType='"Text"', CommandTimeout='30']
SET AUTOCOMMIT = 1;
INSERT INTO `Payments` (`Id`, `Amount`, `CreatedAt`, `CreatedBy`, `Description`, `FailureReason`, `PaymentDate`, `PaymentMethod`, `RentalId`, `Status`, `TransactionId`, `UpdatedAt`, `UpdatedBy`)
VALUES (@p0, @p1, @p2, @p3, @p4, @p5, @p6, @p7, @p8, @p9, @p10, @p11, @p12);
2026-02-01 14:55:03.820 +05:30 [INF] Executing OkObjectResult, writing value of type 'CarRental.API.Controllers.ApiResponse`1[[CarRental.Application.DTOs.Payment.PaymentDto, CarRental.Application, Version=1.0.0.0, Culture=neutral, PublicKeyToken=null]]'.
2026-02-01 14:55:03.821 +05:30 [INF] Executed action CarRental.API.Controllers.PaymentsController.Create (CarRental.API) in 108.368ms
2026-02-01 14:55:03.821 +05:30 [INF] Executed endpoint 'CarRental.API.Controllers.PaymentsController.Create (CarRental.API)'
2026-02-01 14:55:03.821 +05:30 [INF] Request finished HTTP/1.1 POST http://localhost:5000/api/Payments - 200 null application/json; charset=utf-8 120.1774ms
2026-02-01 14:55:03.824 +05:30 [INF] Request starting HTTP/1.1 POST http://localhost:5000/api/Payments/0afa2c35-a592-4f6a-a46e-2043472c5fa3/process - null 0
2026-02-01 14:55:03.824 +05:30 [INF] CORS policy execution successful.
2026-02-01 14:55:03.824 +05:30 [INF] Executing endpoint 'CarRental.API.Controllers.PaymentsController.Process (CarRental.API)'
2026-02-01 14:55:03.825 +05:30 [INF] Route matched with {action = "Process", controller = "Payments"}. Executing controller action with signature System.Threading.Tasks.Task`1[Microsoft.AspNetCore.Mvc.IActionResult] Process(System.Guid, System.Threading.CancellationToken) on controller CarRental.API.Controllers.PaymentsController (CarRental.API).
2026-02-01 14:55:03.826 +05:30 [INF] Processing payment: "0afa2c35-a592-4f6a-a46e-2043472c5fa3"
2026-02-01 14:55:03.829 +05:30 [INF] Executed DbCommand (0ms) [Parameters=[@__get_Item_0='?' (DbType = Guid)], CommandType='"Text"', CommandTimeout='30']
SELECT `p`.`Id`, `p`.`Amount`, `p`.`CreatedAt`, `p`.`CreatedBy`, `p`.`Description`, `p`.`FailureReason`, `p`.`PaymentDate`, `p`.`PaymentMethod`, `p`.`RentalId`, `p`.`Status`, `p`.`TransactionId`, `p`.`UpdatedAt`, `p`.`UpdatedBy`
FROM `Payments` AS `p`
WHERE `p`.`Id` = @__get_Item_0
LIMIT 1
2026-02-01 14:55:03.832 +05:30 [INF] Executed DbCommand (1ms) [Parameters=[@p12='?' (DbType = Guid), @p0='?' (DbType = Decimal), @p1='?' (DbType = DateTime), @p2='?' (Size = 4000), @p3='?' (Size = 4000), @p4='?' (Size = 4000), @p5='?' (DbType = DateTime), @p6='?' (DbType = Int32), @p7='?' (DbType = Guid), @p8='?' (DbType = Int32), @p9='?' (Size = 4000), @p10='?' (DbType = DateTime), @p11='?' (Size = 4000)], CommandType='"Text"', CommandTimeout='30']
SET AUTOCOMMIT = 1;
UPDATE `Payments` SET `Amount` = @p0, `CreatedAt` = @p1, `CreatedBy` = @p2, `Description` = @p3, `FailureReason` = @p4, `PaymentDate` = @p5, `PaymentMethod` = @p6, `RentalId` = @p7, `Status` = @p8, `TransactionId` = @p9, `UpdatedAt` = @p10, `UpdatedBy` = @p11
WHERE `Id` = @p12;
SELECT ROW_COUNT();
2026-02-01 14:55:03.834 +05:30 [INF] Executed DbCommand (0ms) [Parameters=[@p12='?' (DbType = Guid), @p0='?' (DbType = Decimal), @p1='?' (DbType = DateTime), @p2='?' (Size = 4000), @p3='?' (Size = 4000), @p4='?' (Size = 4000), @p5='?' (DbType = DateTime), @p6='?' (DbType = Int32), @p7='?' (DbType = Guid), @p8='?' (DbType = Int32), @p9='?' (Size = 4000), @p10='?' (DbType = DateTime), @p11='?' (Size = 4000)], CommandType='"Text"', CommandTimeout='30']
SET AUTOCOMMIT = 1;
UPDATE `Payments` SET `Amount` = @p0, `CreatedAt` = @p1, `CreatedBy` = @p2, `Description` = @p3, `FailureReason` = @p4, `PaymentDate` = @p5, `PaymentMethod` = @p6, `RentalId` = @p7, `Status` = @p8, `TransactionId` = @p9, `UpdatedAt` = @p10, `UpdatedBy` = @p11
WHERE `Id` = @p12;
SELECT ROW_COUNT();
2026-02-01 14:55:03.835 +05:30 [INF] Executing OkObjectResult, writing value of type 'CarRental.API.Controllers.ApiResponse`1[[CarRental.Application.DTOs.Payment.PaymentDto, CarRental.Application, Version=1.0.0.0, Culture=neutral, PublicKeyToken=null]]'.
2026-02-01 14:55:03.835 +05:30 [INF] Executed action CarRental.API.Controllers.PaymentsController.Process (CarRental.API) in 9.4051ms
2026-02-01 14:55:03.835 +05:30 [INF] Executed endpoint 'CarRental.API.Controllers.PaymentsController.Process (CarRental.API)'
2026-02-01 14:55:03.835 +05:30 [INF] Request finished HTTP/1.1 POST http://localhost:5000/api/Payments/0afa2c35-a592-4f6a-a46e-2043472c5fa3/process - 200 null application/json; charset=utf-8 11.0248ms
2026-02-01 14:55:03.837 +05:30 [INF] Request starting HTTP/1.1 POST http://localhost:5000/api/Rentals/d60ad30c-4cf1-4266-9323-704aa65d4457/confirm - null 0
2026-02-01 14:55:03.837 +05:30 [INF] CORS policy execution successful.
2026-02-01 14:55:03.837 +05:30 [INF] Executing endpoint 'CarRental.API.Controllers.RentalsController.Confirm (CarRental.API)'
2026-02-01 14:55:03.838 +05:30 [INF] Route matched with {action = "Confirm", controller = "Rentals"}. Executing controller action with signature System.Threading.Tasks.Task`1[Microsoft.AspNetCore.Mvc.IActionResult] Confirm(System.Guid, System.Threading.CancellationToken) on controller CarRental.API.Controllers.RentalsController (CarRental.API).
2026-02-01 14:55:03.840 +05:30 [INF] Confirming rental: "d60ad30c-4cf1-4266-9323-704aa65d4457"
2026-02-01 14:55:03.841 +05:30 [INF] Executed DbCommand (1ms) [Parameters=[@__rentalId_0='?' (DbType = Guid)], CommandType='"Text"', CommandTimeout='30']
SELECT `t`.`Id`, `t`.`ActualReturnDate`, `t`.`CarId`, `t`.`CreatedAt`, `t`.`CreatedBy`, `t`.`CustomerId`, `t`.`DailyRate`, `t`.`DamageCharges`, `t`.`DepositAmount`, `t`.`DepositReturned`, `t`.`EndDate`, `t`.`LateFee`, `t`.`Notes`, `t`.`OdometerAtPickup`, `t`.`OdometerAtReturn`, `t`.`PickupLocation`, `t`.`ReturnLocation`, `t`.`StartDate`, `t`.`Status`, `t`.`TotalCost`, `t`.`UpdatedAt`, `t`.`UpdatedBy`, `t`.`Id0`, `t`.`Category`, `t`.`Color`, `t`.`CreatedAt0`, `t`.`CreatedBy0`, `t`.`DailyRate0`, `t`.`Description`, `t`.`FuelType`, `t`.`HasAirConditioning`, `t`.`HasGPS`, `t`.`ImageUrl`, `t`.`LastMaintenanceDate`, `t`.`LicensePlate`, `t`.`Make`, `t`.`Mileage`, `t`.`Model`, `t`.`NextMaintenanceDate`, `t`.`SeatingCapacity`, `t`.`Status0`, `t`.`Transmission`, `t`.`UpdatedAt0`, `t`.`UpdatedBy0`, `t`.`Year`, `t`.`Id1`, `t`.`City`, `t`.`Country`, `t`.`CreatedAt1`, `t`.`CreatedBy1`, `t`.`DateOfBirth`, `t`.`DriversLicenseExpiry`, `t`.`DriversLicenseNumber`, `t`.`Email`, `t`.`FirstName`, `t`.`IsActive`, `t`.`LastLoginAt`, `t`.`LastName`, `t`.`PasswordHash`, `t`.`PhoneNumber`, `t`.`PostalCode`, `t`.`Role`, `t`.`State`, `t`.`Street`, `t`.`UpdatedAt1`, `t`.`UpdatedBy1`, `p`.`Id`, `p`.`Amount`, `p`.`CreatedAt`, `p`.`CreatedBy`, `p`.`Description`, `p`.`FailureReason`, `p`.`PaymentDate`, `p`.`PaymentMethod`, `p`.`RentalId`, `p`.`Status`, `p`.`TransactionId`, `p`.`UpdatedAt`, `p`.`UpdatedBy`
FROM (
    SELECT `r`.`Id`, `r`.`ActualReturnDate`, `r`.`CarId`, `r`.`CreatedAt`, `r`.`CreatedBy`, `r`.`CustomerId`, `r`.`DailyRate`, `r`.`DamageCharges`, `r`.`DepositAmount`, `r`.`DepositReturned`, `r`.`EndDate`, `r`.`LateFee`, `r`.`Notes`, `r`.`OdometerAtPickup`, `r`.`OdometerAtReturn`, `r`.`PickupLocation`, `r`.`ReturnLocation`, `r`.`StartDate`, `r`.`Status`, `r`.`TotalCost`, `r`.`UpdatedAt`, `r`.`UpdatedBy`, `c`.`Id` AS `Id0`, `c`.`Category`, `c`.`Color`, `c`.`CreatedAt` AS `CreatedAt0`, `c`.`CreatedBy` AS `CreatedBy0`, `c`.`DailyRate` AS `DailyRate0`, `c`.`Description`, `c`.`FuelType`, `c`.`HasAirConditioning`, `c`.`HasGPS`, `c`.`ImageUrl`, `c`.`LastMaintenanceDate`, `c`.`LicensePlate`, `c`.`Make`, `c`.`Mileage`, `c`.`Model`, `c`.`NextMaintenanceDate`, `c`.`SeatingCapacity`, `c`.`Status` AS `Status0`, `c`.`Transmission`, `c`.`UpdatedAt` AS `UpdatedAt0`, `c`.`UpdatedBy` AS `UpdatedBy0`, `c`.`Year`, `u`.`Id` AS `Id1`, `u`.`City`, `u`.`Country`, `u`.`CreatedAt` AS `CreatedAt1`, `u`.`CreatedBy` AS `CreatedBy1`, `u`.`DateOfBirth`, `u`.`DriversLicenseExpiry`, `u`.`DriversLicenseNumber`, `u`.`Email`, `u`.`FirstName`, `u`.`IsActive`, `u`.`LastLoginAt`, `u`.`LastName`, `u`.`PasswordHash`, `u`.`PhoneNumber`, `u`.`PostalCode`, `u`.`Role`, `u`.`State`, `u`.`Street`, `u`.`UpdatedAt` AS `UpdatedAt1`, `u`.`UpdatedBy` AS `UpdatedBy1`
    FROM `Rentals` AS `r`
    INNER JOIN `Cars` AS `c` ON `r`.`CarId` = `c`.`Id`
    INNER JOIN `Users` AS `u` ON `r`.`CustomerId` = `u`.`Id`
    WHERE `r`.`Id` = @__rentalId_0
    LIMIT 1
) AS `t`
LEFT JOIN `Payments` AS `p` ON `t`.`Id` = `p`.`RentalId`
ORDER BY `t`.`Id`, `t`.`Id0`, `t`.`Id1`
2026-02-01 14:55:03.852 +05:30 [INF] Executed DbCommand (1ms) [Parameters=[@p21='?' (DbType = Guid), @p0='?' (DbType = DateTime), @p1='?' (DbType = Guid), @p2='?' (DbType = DateTime), @p3='?' (Size = 4000), @p4='?' (DbType = Guid), @p5='?' (DbType = Decimal), @p6='?', @p7='?' (DbType = Decimal), @p8='?' (DbType = Boolean), @p9='?' (DbType = DateTime), @p10='?', @p11='?' (Size = 4000), @p12='?' (DbType = Int32), @p13='?' (DbType = Int32), @p14='?' (Size = 500), @p15='?' (Size = 500), @p16='?' (DbType = DateTime), @p17='?' (DbType = Int32), @p18='?' (DbType = Decimal), @p19='?' (DbType = DateTime), @p20='?' (Size = 4000)], CommandType='"Text"', CommandTimeout='30']
SET AUTOCOMMIT = 1;
UPDATE `Rentals` SET `ActualReturnDate` = @p0, `CarId` = @p1, `CreatedAt` = @p2, `CreatedBy` = @p3, `CustomerId` = @p4, `DailyRate` = @p5, `DamageCharges` = @p6, `DepositAmount` = @p7, `DepositReturned` = @p8, `EndDate` = @p9, `LateFee` = @p10, `Notes` = @p11, `OdometerAtPickup` = @p12, `OdometerAtReturn` = @p13, `PickupLocation` = @p14, `ReturnLocation` = @p15, `StartDate` = @p16, `Status` = @p17, `TotalCost` = @p18, `UpdatedAt` = @p19, `UpdatedBy` = @p20
WHERE `Id` = @p21;
SELECT ROW_COUNT();
2026-02-01 14:55:03.852 +05:30 [INF] Executing OkObjectResult, writing value of type 'CarRental.API.Controllers.ApiResponse`1[[CarRental.Application.DTOs.Rental.RentalDto, CarRental.Application, Version=1.0.0.0, Culture=neutral, PublicKeyToken=null]]'.
2026-02-01 14:55:03.853 +05:30 [INF] Executed action CarRental.API.Controllers.RentalsController.Confirm (CarRental.API) in 14.1797ms
2026-02-01 14:55:03.853 +05:30 [INF] Executed endpoint 'CarRental.API.Controllers.RentalsController.Confirm (CarRental.API)'
2026-02-01 14:55:03.853 +05:30 [INF] Request finished HTTP/1.1 POST http://localhost:5000/api/Rentals/d60ad30c-4cf1-4266-9323-704aa65d4457/confirm - 200 null application/json; charset=utf-8 15.9238ms
2026-02-01 14:55:03.870 +05:30 [INF] Request starting HTTP/1.1 GET http://localhost:5000/api/Rentals/customer/22222222-2222-2222-2222-222222222222 - null null
2026-02-01 14:55:03.870 +05:30 [INF] Executing endpoint 'CarRental.API.Controllers.RentalsController.GetByCustomer (CarRental.API)'
2026-02-01 14:55:03.872 +05:30 [INF] Route matched with {action = "GetByCustomer", controller = "Rentals"}. Executing controller action with signature System.Threading.Tasks.Task`1[Microsoft.AspNetCore.Mvc.IActionResult] GetByCustomer(System.Guid, System.Threading.CancellationToken) on controller CarRental.API.Controllers.RentalsController (CarRental.API).
2026-02-01 14:55:03.873 +05:30 [INF] Getting rentals for customer: "22222222-2222-2222-2222-222222222222"
2026-02-01 14:55:03.886 +05:30 [INF] Executed DbCommand (4ms) [Parameters=[@__customerId_0='?' (DbType = Guid)], CommandType='"Text"', CommandTimeout='30']
SELECT `r`.`Id`, `r`.`ActualReturnDate`, `r`.`CarId`, `r`.`CreatedAt`, `r`.`CreatedBy`, `r`.`CustomerId`, `r`.`DailyRate`, `r`.`DamageCharges`, `r`.`DepositAmount`, `r`.`DepositReturned`, `r`.`EndDate`, `r`.`LateFee`, `r`.`Notes`, `r`.`OdometerAtPickup`, `r`.`OdometerAtReturn`, `r`.`PickupLocation`, `r`.`ReturnLocation`, `r`.`StartDate`, `r`.`Status`, `r`.`TotalCost`, `r`.`UpdatedAt`, `r`.`UpdatedBy`, `c`.`Id`, `c`.`Category`, `c`.`Color`, `c`.`CreatedAt`, `c`.`CreatedBy`, `c`.`DailyRate`, `c`.`Description`, `c`.`FuelType`, `c`.`HasAirConditioning`, `c`.`HasGPS`, `c`.`ImageUrl`, `c`.`LastMaintenanceDate`, `c`.`LicensePlate`, `c`.`Make`, `c`.`Mileage`, `c`.`Model`, `c`.`NextMaintenanceDate`, `c`.`SeatingCapacity`, `c`.`Status`, `c`.`Transmission`, `c`.`UpdatedAt`, `c`.`UpdatedBy`, `c`.`Year`, `u`.`Id`, `u`.`City`, `u`.`Country`, `u`.`CreatedAt`, `u`.`CreatedBy`, `u`.`DateOfBirth`, `u`.`DriversLicenseExpiry`, `u`.`DriversLicenseNumber`, `u`.`Email`, `u`.`FirstName`, `u`.`IsActive`, `u`.`LastLoginAt`, `u`.`LastName`, `u`.`PasswordHash`, `u`.`PhoneNumber`, `u`.`PostalCode`, `u`.`Role`, `u`.`State`, `u`.`Street`, `u`.`UpdatedAt`, `u`.`UpdatedBy`
FROM `Rentals` AS `r`
INNER JOIN `Cars` AS `c` ON `r`.`CarId` = `c`.`Id`
INNER JOIN `Users` AS `u` ON `r`.`CustomerId` = `u`.`Id`
WHERE `r`.`CustomerId` = @__customerId_0
ORDER BY `r`.`CreatedAt` DESC
2026-02-01 14:55:03.889 +05:30 [INF] Executing OkObjectResult, writing value of type 'CarRental.API.Controllers.ApiResponse`1[[System.Collections.Generic.IEnumerable`1[[CarRental.Application.DTOs.Rental.RentalDto, CarRental.Application, Version=1.0.0.0, Culture=neutral, PublicKeyToken=null]], System.Private.CoreLib, Version=8.0.0.0, Culture=neutral, PublicKeyToken=7cec85d7bea7798e]]'.
2026-02-01 14:55:03.890 +05:30 [INF] Executed action CarRental.API.Controllers.RentalsController.GetByCustomer (CarRental.API) in 17.2155ms
2026-02-01 14:55:03.890 +05:30 [INF] Executed endpoint 'CarRental.API.Controllers.RentalsController.GetByCustomer (CarRental.API)'
2026-02-01 14:55:03.890 +05:30 [INF] Request finished HTTP/1.1 GET http://localhost:5000/api/Rentals/customer/22222222-2222-2222-2222-222222222222 - 200 null application/json; charset=utf-8 20.236ms
2026-02-01 14:55:03.892 +05:30 [INF] Request starting HTTP/1.1 GET http://localhost:5000/api/Rentals/customer/22222222-2222-2222-2222-222222222222 - null null
2026-02-01 14:55:03.893 +05:30 [INF] Executing endpoint 'CarRental.API.Controllers.RentalsController.GetByCustomer (CarRental.API)'
2026-02-01 14:55:03.894 +05:30 [INF] Route matched with {action = "GetByCustomer", controller = "Rentals"}. Executing controller action with signature System.Threading.Tasks.Task`1[Microsoft.AspNetCore.Mvc.IActionResult] GetByCustomer(System.Guid, System.Threading.CancellationToken) on controller CarRental.API.Controllers.RentalsController (CarRental.API).
2026-02-01 14:55:03.897 +05:30 [INF] Getting rentals for customer: "22222222-2222-2222-2222-222222222222"
2026-02-01 14:55:03.900 +05:30 [INF] Executed DbCommand (1ms) [Parameters=[@__customerId_0='?' (DbType = Guid)], CommandType='"Text"', CommandTimeout='30']
SELECT `r`.`Id`, `r`.`ActualReturnDate`, `r`.`CarId`, `r`.`CreatedAt`, `r`.`CreatedBy`, `r`.`CustomerId`, `r`.`DailyRate`, `r`.`DamageCharges`, `r`.`DepositAmount`, `r`.`DepositReturned`, `r`.`EndDate`, `r`.`LateFee`, `r`.`Notes`, `r`.`OdometerAtPickup`, `r`.`OdometerAtReturn`, `r`.`PickupLocation`, `r`.`ReturnLocation`, `r`.`StartDate`, `r`.`Status`, `r`.`TotalCost`, `r`.`UpdatedAt`, `r`.`UpdatedBy`, `c`.`Id`, `c`.`Category`, `c`.`Color`, `c`.`CreatedAt`, `c`.`CreatedBy`, `c`.`DailyRate`, `c`.`Description`, `c`.`FuelType`, `c`.`HasAirConditioning`, `c`.`HasGPS`, `c`.`ImageUrl`, `c`.`LastMaintenanceDate`, `c`.`LicensePlate`, `c`.`Make`, `c`.`Mileage`, `c`.`Model`, `c`.`NextMaintenanceDate`, `c`.`SeatingCapacity`, `c`.`Status`, `c`.`Transmission`, `c`.`UpdatedAt`, `c`.`UpdatedBy`, `c`.`Year`, `u`.`Id`, `u`.`City`, `u`.`Country`, `u`.`CreatedAt`, `u`.`CreatedBy`, `u`.`DateOfBirth`, `u`.`DriversLicenseExpiry`, `u`.`DriversLicenseNumber`, `u`.`Email`, `u`.`FirstName`, `u`.`IsActive`, `u`.`LastLoginAt`, `u`.`LastName`, `u`.`PasswordHash`, `u`.`PhoneNumber`, `u`.`PostalCode`, `u`.`Role`, `u`.`State`, `u`.`Street`, `u`.`UpdatedAt`, `u`.`UpdatedBy`
FROM `Rentals` AS `r`
INNER JOIN `Cars` AS `c` ON `r`.`CarId` = `c`.`Id`
INNER JOIN `Users` AS `u` ON `r`.`CustomerId` = `u`.`Id`
WHERE `r`.`CustomerId` = @__customerId_0
ORDER BY `r`.`CreatedAt` DESC
2026-02-01 14:55:03.901 +05:30 [INF] Executing OkObjectResult, writing value of type 'CarRental.API.Controllers.ApiResponse`1[[System.Collections.Generic.IEnumerable`1[[CarRental.Application.DTOs.Rental.RentalDto, CarRental.Application, Version=1.0.0.0, Culture=neutral, PublicKeyToken=null]], System.Private.CoreLib, Version=8.0.0.0, Culture=neutral, PublicKeyToken=7cec85d7bea7798e]]'.
2026-02-01 14:55:03.902 +05:30 [INF] Executed action CarRental.API.Controllers.RentalsController.GetByCustomer (CarRental.API) in 7.3863ms
2026-02-01 14:55:03.902 +05:30 [INF] Executed endpoint 'CarRental.API.Controllers.RentalsController.GetByCustomer (CarRental.API)'
2026-02-01 14:55:03.902 +05:30 [INF] Request finished HTTP/1.1 GET http://localhost:5000/api/Rentals/customer/22222222-2222-2222-2222-222222222222 - 200 null application/json; charset=utf-8 9.7885ms
2026-02-01 15:00:44.766 +05:30 [INF] Request starting HTTP/1.1 GET http://localhost:5000/api/Cars - null null
2026-02-01 15:00:44.767 +05:30 [INF] Executing endpoint 'CarRental.API.Controllers.CarsController.GetAll (CarRental.API)'
2026-02-01 15:00:44.770 +05:30 [INF] Route matched with {action = "GetAll", controller = "Cars"}. Executing controller action with signature System.Threading.Tasks.Task`1[Microsoft.AspNetCore.Mvc.IActionResult] GetAll(System.Threading.CancellationToken) on controller CarRental.API.Controllers.CarsController (CarRental.API).
2026-02-01 15:00:44.781 +05:30 [INF] Getting all cars
2026-02-01 15:00:44.799 +05:30 [INF] Executed DbCommand (0ms) [Parameters=[], CommandType='"Text"', CommandTimeout='30']
SELECT `c`.`Id`, `c`.`Category`, `c`.`Color`, `c`.`CreatedAt`, `c`.`CreatedBy`, `c`.`DailyRate`, `c`.`Description`, `c`.`FuelType`, `c`.`HasAirConditioning`, `c`.`HasGPS`, `c`.`ImageUrl`, `c`.`LastMaintenanceDate`, `c`.`LicensePlate`, `c`.`Make`, `c`.`Mileage`, `c`.`Model`, `c`.`NextMaintenanceDate`, `c`.`SeatingCapacity`, `c`.`Status`, `c`.`Transmission`, `c`.`UpdatedAt`, `c`.`UpdatedBy`, `c`.`Year`
FROM `Cars` AS `c`
2026-02-01 15:00:44.799 +05:30 [INF] Executing OkObjectResult, writing value of type 'CarRental.API.Controllers.ApiResponse`1[[System.Collections.Generic.IEnumerable`1[[CarRental.Application.DTOs.Car.CarDto, CarRental.Application, Version=1.0.0.0, Culture=neutral, PublicKeyToken=null]], System.Private.CoreLib, Version=8.0.0.0, Culture=neutral, PublicKeyToken=7cec85d7bea7798e]]'.
2026-02-01 15:00:44.802 +05:30 [INF] Executed action CarRental.API.Controllers.CarsController.GetAll (CarRental.API) in 31.8501ms
2026-02-01 15:00:44.802 +05:30 [INF] Executed endpoint 'CarRental.API.Controllers.CarsController.GetAll (CarRental.API)'
2026-02-01 15:00:44.802 +05:30 [INF] Request finished HTTP/1.1 GET http://localhost:5000/api/Cars - 200 null application/json; charset=utf-8 36.8715ms
2026-02-01 15:00:44.804 +05:30 [INF] Request starting HTTP/1.1 GET http://localhost:5000/api/Cars - null null
2026-02-01 15:00:44.805 +05:30 [INF] Executing endpoint 'CarRental.API.Controllers.CarsController.GetAll (CarRental.API)'
2026-02-01 15:00:44.805 +05:30 [INF] Route matched with {action = "GetAll", controller = "Cars"}. Executing controller action with signature System.Threading.Tasks.Task`1[Microsoft.AspNetCore.Mvc.IActionResult] GetAll(System.Threading.CancellationToken) on controller CarRental.API.Controllers.CarsController (CarRental.API).
2026-02-01 15:00:44.806 +05:30 [INF] Getting all cars
2026-02-01 15:00:44.807 +05:30 [INF] Executed DbCommand (0ms) [Parameters=[], CommandType='"Text"', CommandTimeout='30']
SELECT `c`.`Id`, `c`.`Category`, `c`.`Color`, `c`.`CreatedAt`, `c`.`CreatedBy`, `c`.`DailyRate`, `c`.`Description`, `c`.`FuelType`, `c`.`HasAirConditioning`, `c`.`HasGPS`, `c`.`ImageUrl`, `c`.`LastMaintenanceDate`, `c`.`LicensePlate`, `c`.`Make`, `c`.`Mileage`, `c`.`Model`, `c`.`NextMaintenanceDate`, `c`.`SeatingCapacity`, `c`.`Status`, `c`.`Transmission`, `c`.`UpdatedAt`, `c`.`UpdatedBy`, `c`.`Year`
FROM `Cars` AS `c`
2026-02-01 15:00:44.807 +05:30 [INF] Executing OkObjectResult, writing value of type 'CarRental.API.Controllers.ApiResponse`1[[System.Collections.Generic.IEnumerable`1[[CarRental.Application.DTOs.Car.CarDto, CarRental.Application, Version=1.0.0.0, Culture=neutral, PublicKeyToken=null]], System.Private.CoreLib, Version=8.0.0.0, Culture=neutral, PublicKeyToken=7cec85d7bea7798e]]'.
2026-02-01 15:00:44.807 +05:30 [INF] Executed action CarRental.API.Controllers.CarsController.GetAll (CarRental.API) in 2.3315ms
2026-02-01 15:00:44.807 +05:30 [INF] Executed endpoint 'CarRental.API.Controllers.CarsController.GetAll (CarRental.API)'
2026-02-01 15:00:44.807 +05:30 [INF] Request finished HTTP/1.1 GET http://localhost:5000/api/Cars - 200 null application/json; charset=utf-8 3.4084ms
2026-02-01 15:00:50.020 +05:30 [INF] Request starting HTTP/1.1 GET http://localhost:5000/api/Rentals/customer/22222222-2222-2222-2222-222222222222 - null null
2026-02-01 15:00:50.021 +05:30 [INF] Executing endpoint 'CarRental.API.Controllers.RentalsController.GetByCustomer (CarRental.API)'
2026-02-01 15:00:50.021 +05:30 [INF] Route matched with {action = "GetByCustomer", controller = "Rentals"}. Executing controller action with signature System.Threading.Tasks.Task`1[Microsoft.AspNetCore.Mvc.IActionResult] GetByCustomer(System.Guid, System.Threading.CancellationToken) on controller CarRental.API.Controllers.RentalsController (CarRental.API).
2026-02-01 15:00:50.023 +05:30 [INF] Getting rentals for customer: "22222222-2222-2222-2222-222222222222"
2026-02-01 15:00:50.026 +05:30 [INF] Executed DbCommand (1ms) [Parameters=[@__customerId_0='?' (DbType = Guid)], CommandType='"Text"', CommandTimeout='30']
SELECT `r`.`Id`, `r`.`ActualReturnDate`, `r`.`CarId`, `r`.`CreatedAt`, `r`.`CreatedBy`, `r`.`CustomerId`, `r`.`DailyRate`, `r`.`DamageCharges`, `r`.`DepositAmount`, `r`.`DepositReturned`, `r`.`EndDate`, `r`.`LateFee`, `r`.`Notes`, `r`.`OdometerAtPickup`, `r`.`OdometerAtReturn`, `r`.`PickupLocation`, `r`.`ReturnLocation`, `r`.`StartDate`, `r`.`Status`, `r`.`TotalCost`, `r`.`UpdatedAt`, `r`.`UpdatedBy`, `c`.`Id`, `c`.`Category`, `c`.`Color`, `c`.`CreatedAt`, `c`.`CreatedBy`, `c`.`DailyRate`, `c`.`Description`, `c`.`FuelType`, `c`.`HasAirConditioning`, `c`.`HasGPS`, `c`.`ImageUrl`, `c`.`LastMaintenanceDate`, `c`.`LicensePlate`, `c`.`Make`, `c`.`Mileage`, `c`.`Model`, `c`.`NextMaintenanceDate`, `c`.`SeatingCapacity`, `c`.`Status`, `c`.`Transmission`, `c`.`UpdatedAt`, `c`.`UpdatedBy`, `c`.`Year`, `u`.`Id`, `u`.`City`, `u`.`Country`, `u`.`CreatedAt`, `u`.`CreatedBy`, `u`.`DateOfBirth`, `u`.`DriversLicenseExpiry`, `u`.`DriversLicenseNumber`, `u`.`Email`, `u`.`FirstName`, `u`.`IsActive`, `u`.`LastLoginAt`, `u`.`LastName`, `u`.`PasswordHash`, `u`.`PhoneNumber`, `u`.`PostalCode`, `u`.`Role`, `u`.`State`, `u`.`Street`, `u`.`UpdatedAt`, `u`.`UpdatedBy`
FROM `Rentals` AS `r`
INNER JOIN `Cars` AS `c` ON `r`.`CarId` = `c`.`Id`
INNER JOIN `Users` AS `u` ON `r`.`CustomerId` = `u`.`Id`
WHERE `r`.`CustomerId` = @__customerId_0
ORDER BY `r`.`CreatedAt` DESC
2026-02-01 15:00:50.027 +05:30 [INF] Executing OkObjectResult, writing value of type 'CarRental.API.Controllers.ApiResponse`1[[System.Collections.Generic.IEnumerable`1[[CarRental.Application.DTOs.Rental.RentalDto, CarRental.Application, Version=1.0.0.0, Culture=neutral, PublicKeyToken=null]], System.Private.CoreLib, Version=8.0.0.0, Culture=neutral, PublicKeyToken=7cec85d7bea7798e]]'.
2026-02-01 15:00:50.028 +05:30 [INF] Executed action CarRental.API.Controllers.RentalsController.GetByCustomer (CarRental.API) in 6.2903ms
2026-02-01 15:00:50.028 +05:30 [INF] Executed endpoint 'CarRental.API.Controllers.RentalsController.GetByCustomer (CarRental.API)'
2026-02-01 15:00:50.028 +05:30 [INF] Request finished HTTP/1.1 GET http://localhost:5000/api/Rentals/customer/22222222-2222-2222-2222-222222222222 - 200 null application/json; charset=utf-8 8.2299ms
2026-02-01 15:00:50.031 +05:30 [INF] Request starting HTTP/1.1 GET http://localhost:5000/api/Rentals/customer/22222222-2222-2222-2222-222222222222 - null null
2026-02-01 15:00:50.032 +05:30 [INF] Executing endpoint 'CarRental.API.Controllers.RentalsController.GetByCustomer (CarRental.API)'
2026-02-01 15:00:50.032 +05:30 [INF] Route matched with {action = "GetByCustomer", controller = "Rentals"}. Executing controller action with signature System.Threading.Tasks.Task`1[Microsoft.AspNetCore.Mvc.IActionResult] GetByCustomer(System.Guid, System.Threading.CancellationToken) on controller CarRental.API.Controllers.RentalsController (CarRental.API).
2026-02-01 15:00:50.033 +05:30 [INF] Getting rentals for customer: "22222222-2222-2222-2222-222222222222"
2026-02-01 15:00:50.036 +05:30 [INF] Executed DbCommand (1ms) [Parameters=[@__customerId_0='?' (DbType = Guid)], CommandType='"Text"', CommandTimeout='30']
SELECT `r`.`Id`, `r`.`ActualReturnDate`, `r`.`CarId`, `r`.`CreatedAt`, `r`.`CreatedBy`, `r`.`CustomerId`, `r`.`DailyRate`, `r`.`DamageCharges`, `r`.`DepositAmount`, `r`.`DepositReturned`, `r`.`EndDate`, `r`.`LateFee`, `r`.`Notes`, `r`.`OdometerAtPickup`, `r`.`OdometerAtReturn`, `r`.`PickupLocation`, `r`.`ReturnLocation`, `r`.`StartDate`, `r`.`Status`, `r`.`TotalCost`, `r`.`UpdatedAt`, `r`.`UpdatedBy`, `c`.`Id`, `c`.`Category`, `c`.`Color`, `c`.`CreatedAt`, `c`.`CreatedBy`, `c`.`DailyRate`, `c`.`Description`, `c`.`FuelType`, `c`.`HasAirConditioning`, `c`.`HasGPS`, `c`.`ImageUrl`, `c`.`LastMaintenanceDate`, `c`.`LicensePlate`, `c`.`Make`, `c`.`Mileage`, `c`.`Model`, `c`.`NextMaintenanceDate`, `c`.`SeatingCapacity`, `c`.`Status`, `c`.`Transmission`, `c`.`UpdatedAt`, `c`.`UpdatedBy`, `c`.`Year`, `u`.`Id`, `u`.`City`, `u`.`Country`, `u`.`CreatedAt`, `u`.`CreatedBy`, `u`.`DateOfBirth`, `u`.`DriversLicenseExpiry`, `u`.`DriversLicenseNumber`, `u`.`Email`, `u`.`FirstName`, `u`.`IsActive`, `u`.`LastLoginAt`, `u`.`LastName`, `u`.`PasswordHash`, `u`.`PhoneNumber`, `u`.`PostalCode`, `u`.`Role`, `u`.`State`, `u`.`Street`, `u`.`UpdatedAt`, `u`.`UpdatedBy`
FROM `Rentals` AS `r`
INNER JOIN `Cars` AS `c` ON `r`.`CarId` = `c`.`Id`
INNER JOIN `Users` AS `u` ON `r`.`CustomerId` = `u`.`Id`
WHERE `r`.`CustomerId` = @__customerId_0
ORDER BY `r`.`CreatedAt` DESC
2026-02-01 15:00:50.037 +05:30 [INF] Executing OkObjectResult, writing value of type 'CarRental.API.Controllers.ApiResponse`1[[System.Collections.Generic.IEnumerable`1[[CarRental.Application.DTOs.Rental.RentalDto, CarRental.Application, Version=1.0.0.0, Culture=neutral, PublicKeyToken=null]], System.Private.CoreLib, Version=8.0.0.0, Culture=neutral, PublicKeyToken=7cec85d7bea7798e]]'.
2026-02-01 15:00:50.038 +05:30 [INF] Executed action CarRental.API.Controllers.RentalsController.GetByCustomer (CarRental.API) in 5.4278ms
2026-02-01 15:00:50.038 +05:30 [INF] Executed endpoint 'CarRental.API.Controllers.RentalsController.GetByCustomer (CarRental.API)'
2026-02-01 15:00:50.038 +05:30 [INF] Request finished HTTP/1.1 GET http://localhost:5000/api/Rentals/customer/22222222-2222-2222-2222-222222222222 - 200 null application/json; charset=utf-8 7.0796ms
2026-02-01 15:31:44.686 +05:30 [INF] Request starting HTTP/1.1 GET http://localhost:5000/api/Cars - null null
2026-02-01 15:31:44.687 +05:30 [INF] Executing endpoint 'CarRental.API.Controllers.CarsController.GetAll (CarRental.API)'
2026-02-01 15:31:44.687 +05:30 [INF] Route matched with {action = "GetAll", controller = "Cars"}. Executing controller action with signature System.Threading.Tasks.Task`1[Microsoft.AspNetCore.Mvc.IActionResult] GetAll(System.Threading.CancellationToken) on controller CarRental.API.Controllers.CarsController (CarRental.API).
2026-02-01 15:31:44.698 +05:30 [INF] Getting all cars
2026-02-01 15:31:44.708 +05:30 [INF] Executed DbCommand (0ms) [Parameters=[], CommandType='"Text"', CommandTimeout='30']
SELECT `c`.`Id`, `c`.`Category`, `c`.`Color`, `c`.`CreatedAt`, `c`.`CreatedBy`, `c`.`DailyRate`, `c`.`Description`, `c`.`FuelType`, `c`.`HasAirConditioning`, `c`.`HasGPS`, `c`.`ImageUrl`, `c`.`LastMaintenanceDate`, `c`.`LicensePlate`, `c`.`Make`, `c`.`Mileage`, `c`.`Model`, `c`.`NextMaintenanceDate`, `c`.`SeatingCapacity`, `c`.`Status`, `c`.`Transmission`, `c`.`UpdatedAt`, `c`.`UpdatedBy`, `c`.`Year`
FROM `Cars` AS `c`
2026-02-01 15:31:44.708 +05:30 [INF] Executing OkObjectResult, writing value of type 'CarRental.API.Controllers.ApiResponse`1[[System.Collections.Generic.IEnumerable`1[[CarRental.Application.DTOs.Car.CarDto, CarRental.Application, Version=1.0.0.0, Culture=neutral, PublicKeyToken=null]], System.Private.CoreLib, Version=8.0.0.0, Culture=neutral, PublicKeyToken=7cec85d7bea7798e]]'.
2026-02-01 15:31:44.708 +05:30 [INF] Executed action CarRental.API.Controllers.CarsController.GetAll (CarRental.API) in 21.1707ms
2026-02-01 15:31:44.709 +05:30 [INF] Executed endpoint 'CarRental.API.Controllers.CarsController.GetAll (CarRental.API)'
2026-02-01 15:31:44.709 +05:30 [INF] Request finished HTTP/1.1 GET http://localhost:5000/api/Cars - 200 null application/json; charset=utf-8 22.842ms
2026-02-01 15:31:44.710 +05:30 [INF] Request starting HTTP/1.1 GET http://localhost:5000/api/Cars - null null
2026-02-01 15:31:44.711 +05:30 [INF] Executing endpoint 'CarRental.API.Controllers.CarsController.GetAll (CarRental.API)'
2026-02-01 15:31:44.711 +05:30 [INF] Route matched with {action = "GetAll", controller = "Cars"}. Executing controller action with signature System.Threading.Tasks.Task`1[Microsoft.AspNetCore.Mvc.IActionResult] GetAll(System.Threading.CancellationToken) on controller CarRental.API.Controllers.CarsController (CarRental.API).
2026-02-01 15:31:44.712 +05:30 [INF] Getting all cars
2026-02-01 15:31:44.713 +05:30 [INF] Executed DbCommand (0ms) [Parameters=[], CommandType='"Text"', CommandTimeout='30']
SELECT `c`.`Id`, `c`.`Category`, `c`.`Color`, `c`.`CreatedAt`, `c`.`CreatedBy`, `c`.`DailyRate`, `c`.`Description`, `c`.`FuelType`, `c`.`HasAirConditioning`, `c`.`HasGPS`, `c`.`ImageUrl`, `c`.`LastMaintenanceDate`, `c`.`LicensePlate`, `c`.`Make`, `c`.`Mileage`, `c`.`Model`, `c`.`NextMaintenanceDate`, `c`.`SeatingCapacity`, `c`.`Status`, `c`.`Transmission`, `c`.`UpdatedAt`, `c`.`UpdatedBy`, `c`.`Year`
FROM `Cars` AS `c`
2026-02-01 15:31:44.713 +05:30 [INF] Executing OkObjectResult, writing value of type 'CarRental.API.Controllers.ApiResponse`1[[System.Collections.Generic.IEnumerable`1[[CarRental.Application.DTOs.Car.CarDto, CarRental.Application, Version=1.0.0.0, Culture=neutral, PublicKeyToken=null]], System.Private.CoreLib, Version=8.0.0.0, Culture=neutral, PublicKeyToken=7cec85d7bea7798e]]'.
2026-02-01 15:31:44.714 +05:30 [INF] Executed action CarRental.API.Controllers.CarsController.GetAll (CarRental.API) in 2.2914ms
2026-02-01 15:31:44.714 +05:30 [INF] Executed endpoint 'CarRental.API.Controllers.CarsController.GetAll (CarRental.API)'
2026-02-01 15:31:44.714 +05:30 [INF] Request finished HTTP/1.1 GET http://localhost:5000/api/Cars - 200 null application/json; charset=utf-8 3.2391ms
2026-02-01 15:31:47.222 +05:30 [INF] Request starting HTTP/1.1 GET http://localhost:5000/api/Cars/55555555-5555-5555-5555-555555555555 - null null
2026-02-01 15:31:47.222 +05:30 [INF] Executing endpoint 'CarRental.API.Controllers.CarsController.GetById (CarRental.API)'
2026-02-01 15:31:47.226 +05:30 [INF] Route matched with {action = "GetById", controller = "Cars"}. Executing controller action with signature System.Threading.Tasks.Task`1[Microsoft.AspNetCore.Mvc.IActionResult] GetById(System.Guid, System.Threading.CancellationToken) on controller CarRental.API.Controllers.CarsController (CarRental.API).
2026-02-01 15:31:47.228 +05:30 [INF] Getting car with ID: "55555555-5555-5555-5555-555555555555"
2026-02-01 15:31:47.237 +05:30 [INF] Executed DbCommand (1ms) [Parameters=[@__get_Item_0='?' (DbType = Guid)], CommandType='"Text"', CommandTimeout='30']
SELECT `c`.`Id`, `c`.`Category`, `c`.`Color`, `c`.`CreatedAt`, `c`.`CreatedBy`, `c`.`DailyRate`, `c`.`Description`, `c`.`FuelType`, `c`.`HasAirConditioning`, `c`.`HasGPS`, `c`.`ImageUrl`, `c`.`LastMaintenanceDate`, `c`.`LicensePlate`, `c`.`Make`, `c`.`Mileage`, `c`.`Model`, `c`.`NextMaintenanceDate`, `c`.`SeatingCapacity`, `c`.`Status`, `c`.`Transmission`, `c`.`UpdatedAt`, `c`.`UpdatedBy`, `c`.`Year`
FROM `Cars` AS `c`
WHERE `c`.`Id` = @__get_Item_0
LIMIT 1
2026-02-01 15:31:47.238 +05:30 [INF] Executing OkObjectResult, writing value of type 'CarRental.API.Controllers.ApiResponse`1[[CarRental.Application.DTOs.Car.CarDto, CarRental.Application, Version=1.0.0.0, Culture=neutral, PublicKeyToken=null]]'.
2026-02-01 15:31:47.240 +05:30 [INF] Executed action CarRental.API.Controllers.CarsController.GetById (CarRental.API) in 13.5109ms
2026-02-01 15:31:47.240 +05:30 [INF] Executed endpoint 'CarRental.API.Controllers.CarsController.GetById (CarRental.API)'
2026-02-01 15:31:47.240 +05:30 [INF] Request finished HTTP/1.1 GET http://localhost:5000/api/Cars/55555555-5555-5555-5555-555555555555 - 200 null application/json; charset=utf-8 18.5728ms
2026-02-01 15:31:47.242 +05:30 [INF] Request starting HTTP/1.1 GET http://localhost:5000/api/Cars/55555555-5555-5555-5555-555555555555 - null null
2026-02-01 15:31:47.243 +05:30 [INF] Executing endpoint 'CarRental.API.Controllers.CarsController.GetById (CarRental.API)'
2026-02-01 15:31:47.243 +05:30 [INF] Route matched with {action = "GetById", controller = "Cars"}. Executing controller action with signature System.Threading.Tasks.Task`1[Microsoft.AspNetCore.Mvc.IActionResult] GetById(System.Guid, System.Threading.CancellationToken) on controller CarRental.API.Controllers.CarsController (CarRental.API).
2026-02-01 15:31:47.245 +05:30 [INF] Getting car with ID: "55555555-5555-5555-5555-555555555555"
2026-02-01 15:31:47.247 +05:30 [INF] Executed DbCommand (0ms) [Parameters=[@__get_Item_0='?' (DbType = Guid)], CommandType='"Text"', CommandTimeout='30']
SELECT `c`.`Id`, `c`.`Category`, `c`.`Color`, `c`.`CreatedAt`, `c`.`CreatedBy`, `c`.`DailyRate`, `c`.`Description`, `c`.`FuelType`, `c`.`HasAirConditioning`, `c`.`HasGPS`, `c`.`ImageUrl`, `c`.`LastMaintenanceDate`, `c`.`LicensePlate`, `c`.`Make`, `c`.`Mileage`, `c`.`Model`, `c`.`NextMaintenanceDate`, `c`.`SeatingCapacity`, `c`.`Status`, `c`.`Transmission`, `c`.`UpdatedAt`, `c`.`UpdatedBy`, `c`.`Year`
FROM `Cars` AS `c`
WHERE `c`.`Id` = @__get_Item_0
LIMIT 1
2026-02-01 15:31:47.247 +05:30 [INF] Executing OkObjectResult, writing value of type 'CarRental.API.Controllers.ApiResponse`1[[CarRental.Application.DTOs.Car.CarDto, CarRental.Application, Version=1.0.0.0, Culture=neutral, PublicKeyToken=null]]'.
2026-02-01 15:31:47.248 +05:30 [INF] Executed action CarRental.API.Controllers.CarsController.GetById (CarRental.API) in 4.1289ms
2026-02-01 15:31:47.248 +05:30 [INF] Executed endpoint 'CarRental.API.Controllers.CarsController.GetById (CarRental.API)'
2026-02-01 15:31:47.248 +05:30 [INF] Request finished HTTP/1.1 GET http://localhost:5000/api/Cars/55555555-5555-5555-5555-555555555555 - 200 null application/json; charset=utf-8 5.825ms
2026-02-01 15:38:43.729 +05:30 [INF] Request starting HTTP/1.1 GET http://localhost:5000/api/Cars - null null
2026-02-01 15:38:43.730 +05:30 [INF] Executing endpoint 'CarRental.API.Controllers.CarsController.GetAll (CarRental.API)'
2026-02-01 15:38:43.730 +05:30 [INF] Route matched with {action = "GetAll", controller = "Cars"}. Executing controller action with signature System.Threading.Tasks.Task`1[Microsoft.AspNetCore.Mvc.IActionResult] GetAll(System.Threading.CancellationToken) on controller CarRental.API.Controllers.CarsController (CarRental.API).
2026-02-01 15:38:43.742 +05:30 [INF] Getting all cars
2026-02-01 15:38:43.752 +05:30 [INF] Executed DbCommand (0ms) [Parameters=[], CommandType='"Text"', CommandTimeout='30']
SELECT `c`.`Id`, `c`.`Category`, `c`.`Color`, `c`.`CreatedAt`, `c`.`CreatedBy`, `c`.`DailyRate`, `c`.`Description`, `c`.`FuelType`, `c`.`HasAirConditioning`, `c`.`HasGPS`, `c`.`ImageUrl`, `c`.`LastMaintenanceDate`, `c`.`LicensePlate`, `c`.`Make`, `c`.`Mileage`, `c`.`Model`, `c`.`NextMaintenanceDate`, `c`.`SeatingCapacity`, `c`.`Status`, `c`.`Transmission`, `c`.`UpdatedAt`, `c`.`UpdatedBy`, `c`.`Year`
FROM `Cars` AS `c`
2026-02-01 15:38:43.752 +05:30 [INF] Executing OkObjectResult, writing value of type 'CarRental.API.Controllers.ApiResponse`1[[System.Collections.Generic.IEnumerable`1[[CarRental.Application.DTOs.Car.CarDto, CarRental.Application, Version=1.0.0.0, Culture=neutral, PublicKeyToken=null]], System.Private.CoreLib, Version=8.0.0.0, Culture=neutral, PublicKeyToken=7cec85d7bea7798e]]'.
2026-02-01 15:38:43.753 +05:30 [INF] Executed action CarRental.API.Controllers.CarsController.GetAll (CarRental.API) in 22.145ms
2026-02-01 15:38:43.753 +05:30 [INF] Executed endpoint 'CarRental.API.Controllers.CarsController.GetAll (CarRental.API)'
2026-02-01 15:38:43.753 +05:30 [INF] Request finished HTTP/1.1 GET http://localhost:5000/api/Cars - 200 null application/json; charset=utf-8 23.4163ms
2026-02-01 15:38:43.754 +05:30 [INF] Request starting HTTP/1.1 GET http://localhost:5000/api/Cars - null null
2026-02-01 15:38:43.755 +05:30 [INF] Executing endpoint 'CarRental.API.Controllers.CarsController.GetAll (CarRental.API)'
2026-02-01 15:38:43.755 +05:30 [INF] Route matched with {action = "GetAll", controller = "Cars"}. Executing controller action with signature System.Threading.Tasks.Task`1[Microsoft.AspNetCore.Mvc.IActionResult] GetAll(System.Threading.CancellationToken) on controller CarRental.API.Controllers.CarsController (CarRental.API).
2026-02-01 15:38:43.757 +05:30 [INF] Getting all cars
2026-02-01 15:38:43.758 +05:30 [INF] Executed DbCommand (0ms) [Parameters=[], CommandType='"Text"', CommandTimeout='30']
SELECT `c`.`Id`, `c`.`Category`, `c`.`Color`, `c`.`CreatedAt`, `c`.`CreatedBy`, `c`.`DailyRate`, `c`.`Description`, `c`.`FuelType`, `c`.`HasAirConditioning`, `c`.`HasGPS`, `c`.`ImageUrl`, `c`.`LastMaintenanceDate`, `c`.`LicensePlate`, `c`.`Make`, `c`.`Mileage`, `c`.`Model`, `c`.`NextMaintenanceDate`, `c`.`SeatingCapacity`, `c`.`Status`, `c`.`Transmission`, `c`.`UpdatedAt`, `c`.`UpdatedBy`, `c`.`Year`
FROM `Cars` AS `c`
2026-02-01 15:38:43.759 +05:30 [INF] Executing OkObjectResult, writing value of type 'CarRental.API.Controllers.ApiResponse`1[[System.Collections.Generic.IEnumerable`1[[CarRental.Application.DTOs.Car.CarDto, CarRental.Application, Version=1.0.0.0, Culture=neutral, PublicKeyToken=null]], System.Private.CoreLib, Version=8.0.0.0, Culture=neutral, PublicKeyToken=7cec85d7bea7798e]]'.
2026-02-01 15:38:43.759 +05:30 [INF] Executed action CarRental.API.Controllers.CarsController.GetAll (CarRental.API) in 3.937ms
2026-02-01 15:38:43.759 +05:30 [INF] Executed endpoint 'CarRental.API.Controllers.CarsController.GetAll (CarRental.API)'
2026-02-01 15:38:43.759 +05:30 [INF] Request finished HTTP/1.1 GET http://localhost:5000/api/Cars - 200 null application/json; charset=utf-8 5.0185ms
2026-02-01 15:40:59.793 +05:30 [INF] Request starting HTTP/1.1 GET http://localhost:5000/api/Cars - null null
2026-02-01 15:40:59.795 +05:30 [INF] Executing endpoint 'CarRental.API.Controllers.CarsController.GetAll (CarRental.API)'
2026-02-01 15:40:59.795 +05:30 [INF] Route matched with {action = "GetAll", controller = "Cars"}. Executing controller action with signature System.Threading.Tasks.Task`1[Microsoft.AspNetCore.Mvc.IActionResult] GetAll(System.Threading.CancellationToken) on controller CarRental.API.Controllers.CarsController (CarRental.API).
2026-02-01 15:40:59.796 +05:30 [INF] Getting all cars
2026-02-01 15:40:59.797 +05:30 [INF] Executed DbCommand (1ms) [Parameters=[], CommandType='"Text"', CommandTimeout='30']
SELECT `c`.`Id`, `c`.`Category`, `c`.`Color`, `c`.`CreatedAt`, `c`.`CreatedBy`, `c`.`DailyRate`, `c`.`Description`, `c`.`FuelType`, `c`.`HasAirConditioning`, `c`.`HasGPS`, `c`.`ImageUrl`, `c`.`LastMaintenanceDate`, `c`.`LicensePlate`, `c`.`Make`, `c`.`Mileage`, `c`.`Model`, `c`.`NextMaintenanceDate`, `c`.`SeatingCapacity`, `c`.`Status`, `c`.`Transmission`, `c`.`UpdatedAt`, `c`.`UpdatedBy`, `c`.`Year`
FROM `Cars` AS `c`
2026-02-01 15:40:59.798 +05:30 [INF] Executing OkObjectResult, writing value of type 'CarRental.API.Controllers.ApiResponse`1[[System.Collections.Generic.IEnumerable`1[[CarRental.Application.DTOs.Car.CarDto, CarRental.Application, Version=1.0.0.0, Culture=neutral, PublicKeyToken=null]], System.Private.CoreLib, Version=8.0.0.0, Culture=neutral, PublicKeyToken=7cec85d7bea7798e]]'.
2026-02-01 15:40:59.798 +05:30 [INF] Executed action CarRental.API.Controllers.CarsController.GetAll (CarRental.API) in 3.2557ms
2026-02-01 15:40:59.798 +05:30 [INF] Executed endpoint 'CarRental.API.Controllers.CarsController.GetAll (CarRental.API)'
2026-02-01 15:40:59.798 +05:30 [INF] Request finished HTTP/1.1 GET http://localhost:5000/api/Cars - 200 null application/json; charset=utf-8 5.3415ms
2026-02-01 15:40:59.809 +05:30 [INF] Request starting HTTP/1.1 GET http://localhost:5000/api/Cars - null null
2026-02-01 15:40:59.810 +05:30 [INF] Executing endpoint 'CarRental.API.Controllers.CarsController.GetAll (CarRental.API)'
2026-02-01 15:40:59.810 +05:30 [INF] Route matched with {action = "GetAll", controller = "Cars"}. Executing controller action with signature System.Threading.Tasks.Task`1[Microsoft.AspNetCore.Mvc.IActionResult] GetAll(System.Threading.CancellationToken) on controller CarRental.API.Controllers.CarsController (CarRental.API).
2026-02-01 15:40:59.810 +05:30 [INF] Getting all cars
2026-02-01 15:40:59.811 +05:30 [INF] Executed DbCommand (0ms) [Parameters=[], CommandType='"Text"', CommandTimeout='30']
SELECT `c`.`Id`, `c`.`Category`, `c`.`Color`, `c`.`CreatedAt`, `c`.`CreatedBy`, `c`.`DailyRate`, `c`.`Description`, `c`.`FuelType`, `c`.`HasAirConditioning`, `c`.`HasGPS`, `c`.`ImageUrl`, `c`.`LastMaintenanceDate`, `c`.`LicensePlate`, `c`.`Make`, `c`.`Mileage`, `c`.`Model`, `c`.`NextMaintenanceDate`, `c`.`SeatingCapacity`, `c`.`Status`, `c`.`Transmission`, `c`.`UpdatedAt`, `c`.`UpdatedBy`, `c`.`Year`
FROM `Cars` AS `c`
2026-02-01 15:40:59.812 +05:30 [INF] Executing OkObjectResult, writing value of type 'CarRental.API.Controllers.ApiResponse`1[[System.Collections.Generic.IEnumerable`1[[CarRental.Application.DTOs.Car.CarDto, CarRental.Application, Version=1.0.0.0, Culture=neutral, PublicKeyToken=null]], System.Private.CoreLib, Version=8.0.0.0, Culture=neutral, PublicKeyToken=7cec85d7bea7798e]]'.
2026-02-01 15:40:59.812 +05:30 [INF] Executed action CarRental.API.Controllers.CarsController.GetAll (CarRental.API) in 1.7447ms
2026-02-01 15:40:59.812 +05:30 [INF] Executed endpoint 'CarRental.API.Controllers.CarsController.GetAll (CarRental.API)'
2026-02-01 15:40:59.812 +05:30 [INF] Request finished HTTP/1.1 GET http://localhost:5000/api/Cars - 200 null application/json; charset=utf-8 2.5206ms
2026-02-01 15:41:01.083 +05:30 [INF] Request starting HTTP/1.1 GET http://localhost:5000/api/Cars - null null
2026-02-01 15:41:01.084 +05:30 [INF] Executing endpoint 'CarRental.API.Controllers.CarsController.GetAll (CarRental.API)'
2026-02-01 15:41:01.084 +05:30 [INF] Route matched with {action = "GetAll", controller = "Cars"}. Executing controller action with signature System.Threading.Tasks.Task`1[Microsoft.AspNetCore.Mvc.IActionResult] GetAll(System.Threading.CancellationToken) on controller CarRental.API.Controllers.CarsController (CarRental.API).
2026-02-01 15:41:01.085 +05:30 [INF] Getting all cars
2026-02-01 15:41:01.088 +05:30 [INF] Executed DbCommand (1ms) [Parameters=[], CommandType='"Text"', CommandTimeout='30']
SELECT `c`.`Id`, `c`.`Category`, `c`.`Color`, `c`.`CreatedAt`, `c`.`CreatedBy`, `c`.`DailyRate`, `c`.`Description`, `c`.`FuelType`, `c`.`HasAirConditioning`, `c`.`HasGPS`, `c`.`ImageUrl`, `c`.`LastMaintenanceDate`, `c`.`LicensePlate`, `c`.`Make`, `c`.`Mileage`, `c`.`Model`, `c`.`NextMaintenanceDate`, `c`.`SeatingCapacity`, `c`.`Status`, `c`.`Transmission`, `c`.`UpdatedAt`, `c`.`UpdatedBy`, `c`.`Year`
FROM `Cars` AS `c`
2026-02-01 15:41:01.088 +05:30 [INF] Executing OkObjectResult, writing value of type 'CarRental.API.Controllers.ApiResponse`1[[System.Collections.Generic.IEnumerable`1[[CarRental.Application.DTOs.Car.CarDto, CarRental.Application, Version=1.0.0.0, Culture=neutral, PublicKeyToken=null]], System.Private.CoreLib, Version=8.0.0.0, Culture=neutral, PublicKeyToken=7cec85d7bea7798e]]'.
2026-02-01 15:41:01.089 +05:30 [INF] Executed action CarRental.API.Controllers.CarsController.GetAll (CarRental.API) in 4.221ms
2026-02-01 15:41:01.089 +05:30 [INF] Executed endpoint 'CarRental.API.Controllers.CarsController.GetAll (CarRental.API)'
2026-02-01 15:41:01.089 +05:30 [INF] Request finished HTTP/1.1 GET http://localhost:5000/api/Cars - 200 null application/json; charset=utf-8 5.6431ms
2026-02-01 15:41:01.092 +05:30 [INF] Request starting HTTP/1.1 GET http://localhost:5000/api/Cars - null null
2026-02-01 15:41:01.094 +05:30 [INF] Executing endpoint 'CarRental.API.Controllers.CarsController.GetAll (CarRental.API)'
2026-02-01 15:41:01.094 +05:30 [INF] Route matched with {action = "GetAll", controller = "Cars"}. Executing controller action with signature System.Threading.Tasks.Task`1[Microsoft.AspNetCore.Mvc.IActionResult] GetAll(System.Threading.CancellationToken) on controller CarRental.API.Controllers.CarsController (CarRental.API).
2026-02-01 15:41:01.095 +05:30 [INF] Getting all cars
2026-02-01 15:41:01.099 +05:30 [INF] Executed DbCommand (1ms) [Parameters=[], CommandType='"Text"', CommandTimeout='30']
SELECT `c`.`Id`, `c`.`Category`, `c`.`Color`, `c`.`CreatedAt`, `c`.`CreatedBy`, `c`.`DailyRate`, `c`.`Description`, `c`.`FuelType`, `c`.`HasAirConditioning`, `c`.`HasGPS`, `c`.`ImageUrl`, `c`.`LastMaintenanceDate`, `c`.`LicensePlate`, `c`.`Make`, `c`.`Mileage`, `c`.`Model`, `c`.`NextMaintenanceDate`, `c`.`SeatingCapacity`, `c`.`Status`, `c`.`Transmission`, `c`.`UpdatedAt`, `c`.`UpdatedBy`, `c`.`Year`
FROM `Cars` AS `c`
2026-02-01 15:41:01.100 +05:30 [INF] Executing OkObjectResult, writing value of type 'CarRental.API.Controllers.ApiResponse`1[[System.Collections.Generic.IEnumerable`1[[CarRental.Application.DTOs.Car.CarDto, CarRental.Application, Version=1.0.0.0, Culture=neutral, PublicKeyToken=null]], System.Private.CoreLib, Version=8.0.0.0, Culture=neutral, PublicKeyToken=7cec85d7bea7798e]]'.
2026-02-01 15:41:01.100 +05:30 [INF] Executed action CarRental.API.Controllers.CarsController.GetAll (CarRental.API) in 5.6934ms
2026-02-01 15:41:01.100 +05:30 [INF] Executed endpoint 'CarRental.API.Controllers.CarsController.GetAll (CarRental.API)'
2026-02-01 15:41:01.100 +05:30 [INF] Request finished HTTP/1.1 GET http://localhost:5000/api/Cars - 200 null application/json; charset=utf-8 7.6443ms
2026-02-01 15:41:02.747 +05:30 [INF] Request starting HTTP/1.1 GET http://localhost:5000/api/Cars - null null
2026-02-01 15:41:02.748 +05:30 [INF] Executing endpoint 'CarRental.API.Controllers.CarsController.GetAll (CarRental.API)'
2026-02-01 15:41:02.748 +05:30 [INF] Route matched with {action = "GetAll", controller = "Cars"}. Executing controller action with signature System.Threading.Tasks.Task`1[Microsoft.AspNetCore.Mvc.IActionResult] GetAll(System.Threading.CancellationToken) on controller CarRental.API.Controllers.CarsController (CarRental.API).
2026-02-01 15:41:02.749 +05:30 [INF] Getting all cars
2026-02-01 15:41:02.751 +05:30 [INF] Executed DbCommand (1ms) [Parameters=[], CommandType='"Text"', CommandTimeout='30']
SELECT `c`.`Id`, `c`.`Category`, `c`.`Color`, `c`.`CreatedAt`, `c`.`CreatedBy`, `c`.`DailyRate`, `c`.`Description`, `c`.`FuelType`, `c`.`HasAirConditioning`, `c`.`HasGPS`, `c`.`ImageUrl`, `c`.`LastMaintenanceDate`, `c`.`LicensePlate`, `c`.`Make`, `c`.`Mileage`, `c`.`Model`, `c`.`NextMaintenanceDate`, `c`.`SeatingCapacity`, `c`.`Status`, `c`.`Transmission`, `c`.`UpdatedAt`, `c`.`UpdatedBy`, `c`.`Year`
FROM `Cars` AS `c`
2026-02-01 15:41:02.752 +05:30 [INF] Executing OkObjectResult, writing value of type 'CarRental.API.Controllers.ApiResponse`1[[System.Collections.Generic.IEnumerable`1[[CarRental.Application.DTOs.Car.CarDto, CarRental.Application, Version=1.0.0.0, Culture=neutral, PublicKeyToken=null]], System.Private.CoreLib, Version=8.0.0.0, Culture=neutral, PublicKeyToken=7cec85d7bea7798e]]'.
2026-02-01 15:41:02.752 +05:30 [INF] Executed action CarRental.API.Controllers.CarsController.GetAll (CarRental.API) in 3.8819ms
2026-02-01 15:41:02.752 +05:30 [INF] Executed endpoint 'CarRental.API.Controllers.CarsController.GetAll (CarRental.API)'
2026-02-01 15:41:02.752 +05:30 [INF] Request finished HTTP/1.1 GET http://localhost:5000/api/Cars - 200 null application/json; charset=utf-8 5.6287ms
2026-02-01 15:41:02.755 +05:30 [INF] Request starting HTTP/1.1 GET http://localhost:5000/api/Cars - null null
2026-02-01 15:41:02.756 +05:30 [INF] Executing endpoint 'CarRental.API.Controllers.CarsController.GetAll (CarRental.API)'
2026-02-01 15:41:02.756 +05:30 [INF] Route matched with {action = "GetAll", controller = "Cars"}. Executing controller action with signature System.Threading.Tasks.Task`1[Microsoft.AspNetCore.Mvc.IActionResult] GetAll(System.Threading.CancellationToken) on controller CarRental.API.Controllers.CarsController (CarRental.API).
2026-02-01 15:41:02.758 +05:30 [INF] Getting all cars
2026-02-01 15:41:02.761 +05:30 [INF] Executed DbCommand (1ms) [Parameters=[], CommandType='"Text"', CommandTimeout='30']
SELECT `c`.`Id`, `c`.`Category`, `c`.`Color`, `c`.`CreatedAt`, `c`.`CreatedBy`, `c`.`DailyRate`, `c`.`Description`, `c`.`FuelType`, `c`.`HasAirConditioning`, `c`.`HasGPS`, `c`.`ImageUrl`, `c`.`LastMaintenanceDate`, `c`.`LicensePlate`, `c`.`Make`, `c`.`Mileage`, `c`.`Model`, `c`.`NextMaintenanceDate`, `c`.`SeatingCapacity`, `c`.`Status`, `c`.`Transmission`, `c`.`UpdatedAt`, `c`.`UpdatedBy`, `c`.`Year`
FROM `Cars` AS `c`
2026-02-01 15:41:02.762 +05:30 [INF] Executing OkObjectResult, writing value of type 'CarRental.API.Controllers.ApiResponse`1[[System.Collections.Generic.IEnumerable`1[[CarRental.Application.DTOs.Car.CarDto, CarRental.Application, Version=1.0.0.0, Culture=neutral, PublicKeyToken=null]], System.Private.CoreLib, Version=8.0.0.0, Culture=neutral, PublicKeyToken=7cec85d7bea7798e]]'.
2026-02-01 15:41:02.762 +05:30 [INF] Executed action CarRental.API.Controllers.CarsController.GetAll (CarRental.API) in 5.9148ms
2026-02-01 15:41:02.762 +05:30 [INF] Executed endpoint 'CarRental.API.Controllers.CarsController.GetAll (CarRental.API)'
2026-02-01 15:41:02.763 +05:30 [INF] Request finished HTTP/1.1 GET http://localhost:5000/api/Cars - 200 null application/json; charset=utf-8 7.3291ms
2026-02-01 15:41:07.183 +05:30 [INF] Request starting HTTP/1.1 GET http://localhost:5000/api/Cars/33333333-3333-3333-3333-333333333333 - null null
2026-02-01 15:41:07.184 +05:30 [INF] Executing endpoint 'CarRental.API.Controllers.CarsController.GetById (CarRental.API)'
2026-02-01 15:41:07.184 +05:30 [INF] Route matched with {action = "GetById", controller = "Cars"}. Executing controller action with signature System.Threading.Tasks.Task`1[Microsoft.AspNetCore.Mvc.IActionResult] GetById(System.Guid, System.Threading.CancellationToken) on controller CarRental.API.Controllers.CarsController (CarRental.API).
2026-02-01 15:41:07.185 +05:30 [INF] Getting car with ID: "33333333-3333-3333-3333-333333333333"
2026-02-01 15:41:07.188 +05:30 [INF] Executed DbCommand (0ms) [Parameters=[@__get_Item_0='?' (DbType = Guid)], CommandType='"Text"', CommandTimeout='30']
SELECT `c`.`Id`, `c`.`Category`, `c`.`Color`, `c`.`CreatedAt`, `c`.`CreatedBy`, `c`.`DailyRate`, `c`.`Description`, `c`.`FuelType`, `c`.`HasAirConditioning`, `c`.`HasGPS`, `c`.`ImageUrl`, `c`.`LastMaintenanceDate`, `c`.`LicensePlate`, `c`.`Make`, `c`.`Mileage`, `c`.`Model`, `c`.`NextMaintenanceDate`, `c`.`SeatingCapacity`, `c`.`Status`, `c`.`Transmission`, `c`.`UpdatedAt`, `c`.`UpdatedBy`, `c`.`Year`
FROM `Cars` AS `c`
WHERE `c`.`Id` = @__get_Item_0
LIMIT 1
2026-02-01 15:41:07.188 +05:30 [INF] Executing OkObjectResult, writing value of type 'CarRental.API.Controllers.ApiResponse`1[[CarRental.Application.DTOs.Car.CarDto, CarRental.Application, Version=1.0.0.0, Culture=neutral, PublicKeyToken=null]]'.
2026-02-01 15:41:07.188 +05:30 [INF] Executed action CarRental.API.Controllers.CarsController.GetById (CarRental.API) in 3.8694ms
2026-02-01 15:41:07.188 +05:30 [INF] Executed endpoint 'CarRental.API.Controllers.CarsController.GetById (CarRental.API)'
2026-02-01 15:41:07.188 +05:30 [INF] Request finished HTTP/1.1 GET http://localhost:5000/api/Cars/33333333-3333-3333-3333-333333333333 - 200 null application/json; charset=utf-8 5.2776ms
2026-02-01 15:41:07.190 +05:30 [INF] Request starting HTTP/1.1 GET http://localhost:5000/api/Cars/33333333-3333-3333-3333-333333333333 - null null
2026-02-01 15:41:07.190 +05:30 [INF] Executing endpoint 'CarRental.API.Controllers.CarsController.GetById (CarRental.API)'
2026-02-01 15:41:07.191 +05:30 [INF] Route matched with {action = "GetById", controller = "Cars"}. Executing controller action with signature System.Threading.Tasks.Task`1[Microsoft.AspNetCore.Mvc.IActionResult] GetById(System.Guid, System.Threading.CancellationToken) on controller CarRental.API.Controllers.CarsController (CarRental.API).
2026-02-01 15:41:07.191 +05:30 [INF] Getting car with ID: "33333333-3333-3333-3333-333333333333"
2026-02-01 15:41:07.193 +05:30 [INF] Executed DbCommand (0ms) [Parameters=[@__get_Item_0='?' (DbType = Guid)], CommandType='"Text"', CommandTimeout='30']
SELECT `c`.`Id`, `c`.`Category`, `c`.`Color`, `c`.`CreatedAt`, `c`.`CreatedBy`, `c`.`DailyRate`, `c`.`Description`, `c`.`FuelType`, `c`.`HasAirConditioning`, `c`.`HasGPS`, `c`.`ImageUrl`, `c`.`LastMaintenanceDate`, `c`.`LicensePlate`, `c`.`Make`, `c`.`Mileage`, `c`.`Model`, `c`.`NextMaintenanceDate`, `c`.`SeatingCapacity`, `c`.`Status`, `c`.`Transmission`, `c`.`UpdatedAt`, `c`.`UpdatedBy`, `c`.`Year`
FROM `Cars` AS `c`
WHERE `c`.`Id` = @__get_Item_0
LIMIT 1
2026-02-01 15:41:07.193 +05:30 [INF] Executing OkObjectResult, writing value of type 'CarRental.API.Controllers.ApiResponse`1[[CarRental.Application.DTOs.Car.CarDto, CarRental.Application, Version=1.0.0.0, Culture=neutral, PublicKeyToken=null]]'.
2026-02-01 15:41:07.193 +05:30 [INF] Executed action CarRental.API.Controllers.CarsController.GetById (CarRental.API) in 2.5741ms
2026-02-01 15:41:07.193 +05:30 [INF] Executed endpoint 'CarRental.API.Controllers.CarsController.GetById (CarRental.API)'
2026-02-01 15:41:07.193 +05:30 [INF] Request finished HTTP/1.1 GET http://localhost:5000/api/Cars/33333333-3333-3333-3333-333333333333 - 200 null application/json; charset=utf-8 3.3641ms
2026-02-01 16:07:26.982 +05:30 [INF] Request starting HTTP/1.1 GET http://localhost:5000/api/Cars/33333333-3333-3333-3333-333333333333 - null null
2026-02-01 16:07:26.984 +05:30 [INF] Executing endpoint 'CarRental.API.Controllers.CarsController.GetById (CarRental.API)'
2026-02-01 16:07:26.985 +05:30 [INF] Route matched with {action = "GetById", controller = "Cars"}. Executing controller action with signature System.Threading.Tasks.Task`1[Microsoft.AspNetCore.Mvc.IActionResult] GetById(System.Guid, System.Threading.CancellationToken) on controller CarRental.API.Controllers.CarsController (CarRental.API).
2026-02-01 16:07:26.998 +05:30 [INF] Getting car with ID: "33333333-3333-3333-3333-333333333333"
2026-02-01 16:07:27.010 +05:30 [INF] Executed DbCommand (0ms) [Parameters=[@__get_Item_0='?' (DbType = Guid)], CommandType='"Text"', CommandTimeout='30']
SELECT `c`.`Id`, `c`.`Category`, `c`.`Color`, `c`.`CreatedAt`, `c`.`CreatedBy`, `c`.`DailyRate`, `c`.`Description`, `c`.`FuelType`, `c`.`HasAirConditioning`, `c`.`HasGPS`, `c`.`ImageUrl`, `c`.`LastMaintenanceDate`, `c`.`LicensePlate`, `c`.`Make`, `c`.`Mileage`, `c`.`Model`, `c`.`NextMaintenanceDate`, `c`.`SeatingCapacity`, `c`.`Status`, `c`.`Transmission`, `c`.`UpdatedAt`, `c`.`UpdatedBy`, `c`.`Year`
FROM `Cars` AS `c`
WHERE `c`.`Id` = @__get_Item_0
LIMIT 1
2026-02-01 16:07:27.010 +05:30 [INF] Executing OkObjectResult, writing value of type 'CarRental.API.Controllers.ApiResponse`1[[CarRental.Application.DTOs.Car.CarDto, CarRental.Application, Version=1.0.0.0, Culture=neutral, PublicKeyToken=null]]'.
2026-02-01 16:07:27.010 +05:30 [INF] Executed action CarRental.API.Controllers.CarsController.GetById (CarRental.API) in 25.4854ms
2026-02-01 16:07:27.010 +05:30 [INF] Executed endpoint 'CarRental.API.Controllers.CarsController.GetById (CarRental.API)'
2026-02-01 16:07:27.010 +05:30 [INF] Request finished HTTP/1.1 GET http://localhost:5000/api/Cars/33333333-3333-3333-3333-333333333333 - 200 null application/json; charset=utf-8 28.122ms
2026-02-01 16:07:27.012 +05:30 [INF] Request starting HTTP/1.1 GET http://localhost:5000/api/Cars/33333333-3333-3333-3333-333333333333 - null null
2026-02-01 16:07:27.012 +05:30 [INF] Executing endpoint 'CarRental.API.Controllers.CarsController.GetById (CarRental.API)'
2026-02-01 16:07:27.013 +05:30 [INF] Route matched with {action = "GetById", controller = "Cars"}. Executing controller action with signature System.Threading.Tasks.Task`1[Microsoft.AspNetCore.Mvc.IActionResult] GetById(System.Guid, System.Threading.CancellationToken) on controller CarRental.API.Controllers.CarsController (CarRental.API).
2026-02-01 16:07:27.013 +05:30 [INF] Getting car with ID: "33333333-3333-3333-3333-333333333333"
2026-02-01 16:07:27.014 +05:30 [INF] Executed DbCommand (0ms) [Parameters=[@__get_Item_0='?' (DbType = Guid)], CommandType='"Text"', CommandTimeout='30']
SELECT `c`.`Id`, `c`.`Category`, `c`.`Color`, `c`.`CreatedAt`, `c`.`CreatedBy`, `c`.`DailyRate`, `c`.`Description`, `c`.`FuelType`, `c`.`HasAirConditioning`, `c`.`HasGPS`, `c`.`ImageUrl`, `c`.`LastMaintenanceDate`, `c`.`LicensePlate`, `c`.`Make`, `c`.`Mileage`, `c`.`Model`, `c`.`NextMaintenanceDate`, `c`.`SeatingCapacity`, `c`.`Status`, `c`.`Transmission`, `c`.`UpdatedAt`, `c`.`UpdatedBy`, `c`.`Year`
FROM `Cars` AS `c`
WHERE `c`.`Id` = @__get_Item_0
LIMIT 1
2026-02-01 16:07:27.015 +05:30 [INF] Executing OkObjectResult, writing value of type 'CarRental.API.Controllers.ApiResponse`1[[CarRental.Application.DTOs.Car.CarDto, CarRental.Application, Version=1.0.0.0, Culture=neutral, PublicKeyToken=null]]'.
2026-02-01 16:07:27.015 +05:30 [INF] Executed action CarRental.API.Controllers.CarsController.GetById (CarRental.API) in 2.3047ms
2026-02-01 16:07:27.015 +05:30 [INF] Executed endpoint 'CarRental.API.Controllers.CarsController.GetById (CarRental.API)'
2026-02-01 16:07:27.015 +05:30 [INF] Request finished HTTP/1.1 GET http://localhost:5000/api/Cars/33333333-3333-3333-3333-333333333333 - 200 null application/json; charset=utf-8 3.193ms
