2026-02-02 00:12:39.506 +05:30 [INF] Request starting HTTP/1.1 GET http://localhost:5000/api/Cars/33333333-3333-3333-3333-333333333333 - null null
2026-02-02 00:12:39.521 +05:30 [INF] Executing endpoint 'CarRental.API.Controllers.CarsController.GetById (CarRental.API)'
2026-02-02 00:12:39.521 +05:30 [INF] Route matched with {action = "GetById", controller = "Cars"}. Executing controller action with signature System.Threading.Tasks.Task`1[Microsoft.AspNetCore.Mvc.IActionResult] GetById(System.Guid, System.Threading.CancellationToken) on controller CarRental.API.Controllers.CarsController (CarRental.API).
2026-02-02 00:12:39.548 +05:30 [INF] Getting car with ID: "33333333-3333-3333-3333-333333333333"
2026-02-02 00:12:39.567 +05:30 [INF] Executed DbCommand (2ms) [Parameters=[@__get_Item_0='?' (DbType = Guid)], CommandType='"Text"', CommandTimeout='30']
SELECT `c`.`Id`, `c`.`Category`, `c`.`Color`, `c`.`CreatedAt`, `c`.`CreatedBy`, `c`.`DailyRate`, `c`.`Description`, `c`.`FuelType`, `c`.`HasAirConditioning`, `c`.`HasGPS`, `c`.`ImageUrl`, `c`.`LastMaintenanceDate`, `c`.`LicensePlate`, `c`.`Make`, `c`.`Mileage`, `c`.`Model`, `c`.`NextMaintenanceDate`, `c`.`SeatingCapacity`, `c`.`Status`, `c`.`Transmission`, `c`.`UpdatedAt`, `c`.`UpdatedBy`, `c`.`Year`
FROM `Cars` AS `c`
WHERE `c`.`Id` = @__get_Item_0
LIMIT 1
2026-02-02 00:12:39.569 +05:30 [INF] Executing OkObjectResult, writing value of type 'CarRental.API.Controllers.ApiResponse`1[[CarRental.Application.DTOs.Car.CarDto, CarRental.Application, Version=1.0.0.0, Culture=neutral, PublicKeyToken=null]]'.
2026-02-02 00:12:39.569 +05:30 [INF] Executed action CarRental.API.Controllers.CarsController.GetById (CarRental.API) in 47.7791ms
2026-02-02 00:12:39.569 +05:30 [INF] Executed endpoint 'CarRental.API.Controllers.CarsController.GetById (CarRental.API)'
2026-02-02 00:12:39.570 +05:30 [INF] Request finished HTTP/1.1 GET http://localhost:5000/api/Cars/33333333-3333-3333-3333-333333333333 - 200 null application/json; charset=utf-8 64.3867ms
2026-02-02 00:12:39.573 +05:30 [INF] Request starting HTTP/1.1 GET http://localhost:5000/api/Cars/33333333-3333-3333-3333-333333333333 - null null
2026-02-02 00:12:39.574 +05:30 [INF] Executing endpoint 'CarRental.API.Controllers.CarsController.GetById (CarRental.API)'
2026-02-02 00:12:39.574 +05:30 [INF] Route matched with {action = "GetById", controller = "Cars"}. Executing controller action with signature System.Threading.Tasks.Task`1[Microsoft.AspNetCore.Mvc.IActionResult] GetById(System.Guid, System.Threading.CancellationToken) on controller CarRental.API.Controllers.CarsController (CarRental.API).
2026-02-02 00:12:39.575 +05:30 [INF] Getting car with ID: "33333333-3333-3333-3333-333333333333"
2026-02-02 00:12:39.577 +05:30 [INF] Executed DbCommand (1ms) [Parameters=[@__get_Item_0='?' (DbType = Guid)], CommandType='"Text"', CommandTimeout='30']
SELECT `c`.`Id`, `c`.`Category`, `c`.`Color`, `c`.`CreatedAt`, `c`.`CreatedBy`, `c`.`DailyRate`, `c`.`Description`, `c`.`FuelType`, `c`.`HasAirConditioning`, `c`.`HasGPS`, `c`.`ImageUrl`, `c`.`LastMaintenanceDate`, `c`.`LicensePlate`, `c`.`Make`, `c`.`Mileage`, `c`.`Model`, `c`.`NextMaintenanceDate`, `c`.`SeatingCapacity`, `c`.`Status`, `c`.`Transmission`, `c`.`UpdatedAt`, `c`.`UpdatedBy`, `c`.`Year`
FROM `Cars` AS `c`
WHERE `c`.`Id` = @__get_Item_0
LIMIT 1
2026-02-02 00:12:39.577 +05:30 [INF] Executing OkObjectResult, writing value of type 'CarRental.API.Controllers.ApiResponse`1[[CarRental.Application.DTOs.Car.CarDto, CarRental.Application, Version=1.0.0.0, Culture=neutral, PublicKeyToken=null]]'.
2026-02-02 00:12:39.578 +05:30 [INF] Executed action CarRental.API.Controllers.CarsController.GetById (CarRental.API) in 3.7858ms
2026-02-02 00:12:39.578 +05:30 [INF] Executed endpoint 'CarRental.API.Controllers.CarsController.GetById (CarRental.API)'
2026-02-02 00:12:39.578 +05:30 [INF] Request finished HTTP/1.1 GET http://localhost:5000/api/Cars/33333333-3333-3333-3333-333333333333 - 200 null application/json; charset=utf-8 4.7815ms
2026-02-02 00:13:36.311 +05:30 [INF] Request starting HTTP/1.1 POST http://localhost:5000/api/Auth/login - application/json 54
2026-02-02 00:13:36.312 +05:30 [INF] CORS policy execution successful.
2026-02-02 00:13:36.312 +05:30 [INF] Executing endpoint 'CarRental.API.Controllers.AuthController.Login (CarRental.API)'
2026-02-02 00:13:36.321 +05:30 [INF] Route matched with {action = "Login", controller = "Auth"}. Executing controller action with signature System.Threading.Tasks.Task`1[Microsoft.AspNetCore.Mvc.IActionResult] Login(CarRental.Application.DTOs.Auth.LoginRequest, System.Threading.CancellationToken) on controller CarRental.API.Controllers.AuthController (CarRental.API).
2026-02-02 00:13:36.331 +05:30 [INF] Login attempt for email: admin@carrental.com
2026-02-02 00:13:36.349 +05:30 [INF] Executed DbCommand (2ms) [Parameters=[@__ToLower_0='?' (Size = 255)], CommandType='"Text"', CommandTimeout='30']
SELECT `u`.`Id`, `u`.`City`, `u`.`Country`, `u`.`CreatedAt`, `u`.`CreatedBy`, `u`.`DateOfBirth`, `u`.`DriversLicenseExpiry`, `u`.`DriversLicenseNumber`, `u`.`Email`, `u`.`FirstName`, `u`.`IsActive`, `u`.`LastLoginAt`, `u`.`LastName`, `u`.`PasswordHash`, `u`.`PhoneNumber`, `u`.`PostalCode`, `u`.`Role`, `u`.`State`, `u`.`Street`, `u`.`UpdatedAt`, `u`.`UpdatedBy`
FROM `Users` AS `u`
WHERE LOWER(`u`.`Email`) = @__ToLower_0
LIMIT 1
2026-02-02 00:13:36.473 +05:30 [INF] Executed DbCommand (4ms) [Parameters=[@p20='?' (DbType = Guid), @p0='?' (Size = 4000), @p1='?' (Size = 4000), @p2='?' (DbType = DateTime), @p3='?' (Size = 4000), @p4='?' (DbType = DateTime), @p5='?' (DbType = DateTime), @p6='?' (Size = 4000), @p7='?' (Size = 255), @p8='?' (Size = 50), @p9='?' (DbType = Boolean), @p10='?' (DbType = DateTime), @p11='?' (Size = 50), @p12='?' (Size = 4000), @p13='?' (Size = 20), @p14='?' (Size = 4000), @p15='?' (DbType = Int32), @p16='?' (Size = 4000), @p17='?' (Size = 4000), @p18='?' (DbType = DateTime), @p19='?' (Size = 4000)], CommandType='"Text"', CommandTimeout='30']
SET AUTOCOMMIT = 1;
UPDATE `Users` SET `City` = @p0, `Country` = @p1, `CreatedAt` = @p2, `CreatedBy` = @p3, `DateOfBirth` = @p4, `DriversLicenseExpiry` = @p5, `DriversLicenseNumber` = @p6, `Email` = @p7, `FirstName` = @p8, `IsActive` = @p9, `LastLoginAt` = @p10, `LastName` = @p11, `PasswordHash` = @p12, `PhoneNumber` = @p13, `PostalCode` = @p14, `Role` = @p15, `State` = @p16, `Street` = @p17, `UpdatedAt` = @p18, `UpdatedBy` = @p19
WHERE `Id` = @p20;
SELECT ROW_COUNT();
2026-02-02 00:13:36.479 +05:30 [INF] Executing OkObjectResult, writing value of type 'CarRental.API.Controllers.ApiResponse`1[[CarRental.Application.DTOs.Auth.AuthResponse, CarRental.Application, Version=1.0.0.0, Culture=neutral, PublicKeyToken=null]]'.
2026-02-02 00:13:36.480 +05:30 [INF] Executed action CarRental.API.Controllers.AuthController.Login (CarRental.API) in 159.0466ms
2026-02-02 00:13:36.480 +05:30 [INF] Executed endpoint 'CarRental.API.Controllers.AuthController.Login (CarRental.API)'
2026-02-02 00:13:36.480 +05:30 [INF] Request finished HTTP/1.1 POST http://localhost:5000/api/Auth/login - 200 null application/json; charset=utf-8 169.282ms
2026-02-02 00:13:36.512 +05:30 [INF] Request starting HTTP/1.1 GET http://localhost:5000/api/Rentals/customer/11111111-1111-1111-1111-111111111111 - null null
2026-02-02 00:13:36.512 +05:30 [INF] Executing endpoint 'CarRental.API.Controllers.RentalsController.GetByCustomer (CarRental.API)'
2026-02-02 00:13:36.513 +05:30 [INF] Route matched with {action = "GetByCustomer", controller = "Rentals"}. Executing controller action with signature System.Threading.Tasks.Task`1[Microsoft.AspNetCore.Mvc.IActionResult] GetByCustomer(System.Guid, System.Threading.CancellationToken) on controller CarRental.API.Controllers.RentalsController (CarRental.API).
2026-02-02 00:13:36.514 +05:30 [INF] Getting rentals for customer: "11111111-1111-1111-1111-111111111111"
2026-02-02 00:13:36.516 +05:30 [INF] Executed DbCommand (1ms) [Parameters=[@__customerId_0='?' (DbType = Guid)], CommandType='"Text"', CommandTimeout='30']
SELECT `r`.`Id`, `r`.`ActualReturnDate`, `r`.`CarId`, `r`.`CreatedAt`, `r`.`CreatedBy`, `r`.`CustomerId`, `r`.`DailyRate`, `r`.`DamageCharges`, `r`.`DepositAmount`, `r`.`DepositReturned`, `r`.`EndDate`, `r`.`LateFee`, `r`.`Notes`, `r`.`OdometerAtPickup`, `r`.`OdometerAtReturn`, `r`.`PickupLocation`, `r`.`ReturnLocation`, `r`.`StartDate`, `r`.`Status`, `r`.`TotalCost`, `r`.`UpdatedAt`, `r`.`UpdatedBy`, `c`.`Id`, `c`.`Category`, `c`.`Color`, `c`.`CreatedAt`, `c`.`CreatedBy`, `c`.`DailyRate`, `c`.`Description`, `c`.`FuelType`, `c`.`HasAirConditioning`, `c`.`HasGPS`, `c`.`ImageUrl`, `c`.`LastMaintenanceDate`, `c`.`LicensePlate`, `c`.`Make`, `c`.`Mileage`, `c`.`Model`, `c`.`NextMaintenanceDate`, `c`.`SeatingCapacity`, `c`.`Status`, `c`.`Transmission`, `c`.`UpdatedAt`, `c`.`UpdatedBy`, `c`.`Year`, `u`.`Id`, `u`.`City`, `u`.`Country`, `u`.`CreatedAt`, `u`.`CreatedBy`, `u`.`DateOfBirth`, `u`.`DriversLicenseExpiry`, `u`.`DriversLicenseNumber`, `u`.`Email`, `u`.`FirstName`, `u`.`IsActive`, `u`.`LastLoginAt`, `u`.`LastName`, `u`.`PasswordHash`, `u`.`PhoneNumber`, `u`.`PostalCode`, `u`.`Role`, `u`.`State`, `u`.`Street`, `u`.`UpdatedAt`, `u`.`UpdatedBy`
FROM `Rentals` AS `r`
INNER JOIN `Cars` AS `c` ON `r`.`CarId` = `c`.`Id`
INNER JOIN `Users` AS `u` ON `r`.`CustomerId` = `u`.`Id`
WHERE `r`.`CustomerId` = @__customerId_0
ORDER BY `r`.`CreatedAt` DESC
2026-02-02 00:13:36.516 +05:30 [INF] Executing OkObjectResult, writing value of type 'CarRental.API.Controllers.ApiResponse`1[[System.Collections.Generic.IEnumerable`1[[CarRental.Application.DTOs.Rental.RentalDto, CarRental.Application, Version=1.0.0.0, Culture=neutral, PublicKeyToken=null]], System.Private.CoreLib, Version=8.0.0.0, Culture=neutral, PublicKeyToken=7cec85d7bea7798e]]'.
2026-02-02 00:13:36.516 +05:30 [INF] Executed action CarRental.API.Controllers.RentalsController.GetByCustomer (CarRental.API) in 3.7411ms
2026-02-02 00:13:36.516 +05:30 [INF] Executed endpoint 'CarRental.API.Controllers.RentalsController.GetByCustomer (CarRental.API)'
2026-02-02 00:13:36.517 +05:30 [INF] Request finished HTTP/1.1 GET http://localhost:5000/api/Rentals/customer/11111111-1111-1111-1111-111111111111 - 200 null application/json; charset=utf-8 5.0152ms
2026-02-02 00:13:36.518 +05:30 [INF] Request starting HTTP/1.1 GET http://localhost:5000/api/Rentals/customer/11111111-1111-1111-1111-111111111111 - null null
2026-02-02 00:13:36.519 +05:30 [INF] Executing endpoint 'CarRental.API.Controllers.RentalsController.GetByCustomer (CarRental.API)'
2026-02-02 00:13:36.519 +05:30 [INF] Route matched with {action = "GetByCustomer", controller = "Rentals"}. Executing controller action with signature System.Threading.Tasks.Task`1[Microsoft.AspNetCore.Mvc.IActionResult] GetByCustomer(System.Guid, System.Threading.CancellationToken) on controller CarRental.API.Controllers.RentalsController (CarRental.API).
2026-02-02 00:13:36.520 +05:30 [INF] Getting rentals for customer: "11111111-1111-1111-1111-111111111111"
2026-02-02 00:13:36.521 +05:30 [INF] Executed DbCommand (0ms) [Parameters=[@__customerId_0='?' (DbType = Guid)], CommandType='"Text"', CommandTimeout='30']
SELECT `r`.`Id`, `r`.`ActualReturnDate`, `r`.`CarId`, `r`.`CreatedAt`, `r`.`CreatedBy`, `r`.`CustomerId`, `r`.`DailyRate`, `r`.`DamageCharges`, `r`.`DepositAmount`, `r`.`DepositReturned`, `r`.`EndDate`, `r`.`LateFee`, `r`.`Notes`, `r`.`OdometerAtPickup`, `r`.`OdometerAtReturn`, `r`.`PickupLocation`, `r`.`ReturnLocation`, `r`.`StartDate`, `r`.`Status`, `r`.`TotalCost`, `r`.`UpdatedAt`, `r`.`UpdatedBy`, `c`.`Id`, `c`.`Category`, `c`.`Color`, `c`.`CreatedAt`, `c`.`CreatedBy`, `c`.`DailyRate`, `c`.`Description`, `c`.`FuelType`, `c`.`HasAirConditioning`, `c`.`HasGPS`, `c`.`ImageUrl`, `c`.`LastMaintenanceDate`, `c`.`LicensePlate`, `c`.`Make`, `c`.`Mileage`, `c`.`Model`, `c`.`NextMaintenanceDate`, `c`.`SeatingCapacity`, `c`.`Status`, `c`.`Transmission`, `c`.`UpdatedAt`, `c`.`UpdatedBy`, `c`.`Year`, `u`.`Id`, `u`.`City`, `u`.`Country`, `u`.`CreatedAt`, `u`.`CreatedBy`, `u`.`DateOfBirth`, `u`.`DriversLicenseExpiry`, `u`.`DriversLicenseNumber`, `u`.`Email`, `u`.`FirstName`, `u`.`IsActive`, `u`.`LastLoginAt`, `u`.`LastName`, `u`.`PasswordHash`, `u`.`PhoneNumber`, `u`.`PostalCode`, `u`.`Role`, `u`.`State`, `u`.`Street`, `u`.`UpdatedAt`, `u`.`UpdatedBy`
FROM `Rentals` AS `r`
INNER JOIN `Cars` AS `c` ON `r`.`CarId` = `c`.`Id`
INNER JOIN `Users` AS `u` ON `r`.`CustomerId` = `u`.`Id`
WHERE `r`.`CustomerId` = @__customerId_0
ORDER BY `r`.`CreatedAt` DESC
2026-02-02 00:13:36.521 +05:30 [INF] Executing OkObjectResult, writing value of type 'CarRental.API.Controllers.ApiResponse`1[[System.Collections.Generic.IEnumerable`1[[CarRental.Application.DTOs.Rental.RentalDto, CarRental.Application, Version=1.0.0.0, Culture=neutral, PublicKeyToken=null]], System.Private.CoreLib, Version=8.0.0.0, Culture=neutral, PublicKeyToken=7cec85d7bea7798e]]'.
2026-02-02 00:13:36.521 +05:30 [INF] Executed action CarRental.API.Controllers.RentalsController.GetByCustomer (CarRental.API) in 2.286ms
2026-02-02 00:13:36.522 +05:30 [INF] Executed endpoint 'CarRental.API.Controllers.RentalsController.GetByCustomer (CarRental.API)'
2026-02-02 00:13:36.522 +05:30 [INF] Request finished HTTP/1.1 GET http://localhost:5000/api/Rentals/customer/11111111-1111-1111-1111-111111111111 - 200 null application/json; charset=utf-8 3.1858ms
2026-02-02 00:13:43.054 +05:30 [INF] Request starting HTTP/1.1 GET http://localhost:5000/api/Cars - null null
2026-02-02 00:13:43.055 +05:30 [INF] Executing endpoint 'CarRental.API.Controllers.CarsController.GetAll (CarRental.API)'
2026-02-02 00:13:43.055 +05:30 [INF] Route matched with {action = "GetAll", controller = "Cars"}. Executing controller action with signature System.Threading.Tasks.Task`1[Microsoft.AspNetCore.Mvc.IActionResult] GetAll(System.Threading.CancellationToken) on controller CarRental.API.Controllers.CarsController (CarRental.API).
2026-02-02 00:13:43.056 +05:30 [INF] Getting all cars
2026-02-02 00:13:43.057 +05:30 [INF] Executed DbCommand (0ms) [Parameters=[], CommandType='"Text"', CommandTimeout='30']
SELECT `c`.`Id`, `c`.`Category`, `c`.`Color`, `c`.`CreatedAt`, `c`.`CreatedBy`, `c`.`DailyRate`, `c`.`Description`, `c`.`FuelType`, `c`.`HasAirConditioning`, `c`.`HasGPS`, `c`.`ImageUrl`, `c`.`LastMaintenanceDate`, `c`.`LicensePlate`, `c`.`Make`, `c`.`Mileage`, `c`.`Model`, `c`.`NextMaintenanceDate`, `c`.`SeatingCapacity`, `c`.`Status`, `c`.`Transmission`, `c`.`UpdatedAt`, `c`.`UpdatedBy`, `c`.`Year`
FROM `Cars` AS `c`
2026-02-02 00:13:43.057 +05:30 [INF] Executing OkObjectResult, writing value of type 'CarRental.API.Controllers.ApiResponse`1[[System.Collections.Generic.IEnumerable`1[[CarRental.Application.DTOs.Car.CarDto, CarRental.Application, Version=1.0.0.0, Culture=neutral, PublicKeyToken=null]], System.Private.CoreLib, Version=8.0.0.0, Culture=neutral, PublicKeyToken=7cec85d7bea7798e]]'.
2026-02-02 00:13:43.058 +05:30 [INF] Executed action CarRental.API.Controllers.CarsController.GetAll (CarRental.API) in 2.6333ms
2026-02-02 00:13:43.058 +05:30 [INF] Executed endpoint 'CarRental.API.Controllers.CarsController.GetAll (CarRental.API)'
2026-02-02 00:13:43.058 +05:30 [INF] Request finished HTTP/1.1 GET http://localhost:5000/api/Cars - 200 null application/json; charset=utf-8 4.1397ms
2026-02-02 00:13:43.060 +05:30 [INF] Request starting HTTP/1.1 GET http://localhost:5000/api/Cars - null null
2026-02-02 00:13:43.061 +05:30 [INF] Executing endpoint 'CarRental.API.Controllers.CarsController.GetAll (CarRental.API)'
2026-02-02 00:13:43.061 +05:30 [INF] Route matched with {action = "GetAll", controller = "Cars"}. Executing controller action with signature System.Threading.Tasks.Task`1[Microsoft.AspNetCore.Mvc.IActionResult] GetAll(System.Threading.CancellationToken) on controller CarRental.API.Controllers.CarsController (CarRental.API).
2026-02-02 00:13:43.062 +05:30 [INF] Getting all cars
2026-02-02 00:13:43.063 +05:30 [INF] Executed DbCommand (0ms) [Parameters=[], CommandType='"Text"', CommandTimeout='30']
SELECT `c`.`Id`, `c`.`Category`, `c`.`Color`, `c`.`CreatedAt`, `c`.`CreatedBy`, `c`.`DailyRate`, `c`.`Description`, `c`.`FuelType`, `c`.`HasAirConditioning`, `c`.`HasGPS`, `c`.`ImageUrl`, `c`.`LastMaintenanceDate`, `c`.`LicensePlate`, `c`.`Make`, `c`.`Mileage`, `c`.`Model`, `c`.`NextMaintenanceDate`, `c`.`SeatingCapacity`, `c`.`Status`, `c`.`Transmission`, `c`.`UpdatedAt`, `c`.`UpdatedBy`, `c`.`Year`
FROM `Cars` AS `c`
2026-02-02 00:13:43.064 +05:30 [INF] Executing OkObjectResult, writing value of type 'CarRental.API.Controllers.ApiResponse`1[[System.Collections.Generic.IEnumerable`1[[CarRental.Application.DTOs.Car.CarDto, CarRental.Application, Version=1.0.0.0, Culture=neutral, PublicKeyToken=null]], System.Private.CoreLib, Version=8.0.0.0, Culture=neutral, PublicKeyToken=7cec85d7bea7798e]]'.
2026-02-02 00:13:43.064 +05:30 [INF] Executed action CarRental.API.Controllers.CarsController.GetAll (CarRental.API) in 2.8161ms
2026-02-02 00:13:43.064 +05:30 [INF] Executed endpoint 'CarRental.API.Controllers.CarsController.GetAll (CarRental.API)'
2026-02-02 00:13:43.064 +05:30 [INF] Request finished HTTP/1.1 GET http://localhost:5000/api/Cars - 200 null application/json; charset=utf-8 3.8133ms
2026-02-02 00:13:47.178 +05:30 [INF] Request starting HTTP/1.1 GET http://localhost:5000/api/Cars/33333333-3333-3333-3333-333333333333 - null null
2026-02-02 00:13:47.179 +05:30 [INF] Executing endpoint 'CarRental.API.Controllers.CarsController.GetById (CarRental.API)'
2026-02-02 00:13:47.180 +05:30 [INF] Route matched with {action = "GetById", controller = "Cars"}. Executing controller action with signature System.Threading.Tasks.Task`1[Microsoft.AspNetCore.Mvc.IActionResult] GetById(System.Guid, System.Threading.CancellationToken) on controller CarRental.API.Controllers.CarsController (CarRental.API).
2026-02-02 00:13:47.180 +05:30 [INF] Getting car with ID: "33333333-3333-3333-3333-333333333333"
2026-02-02 00:13:47.184 +05:30 [INF] Executed DbCommand (1ms) [Parameters=[@__get_Item_0='?' (DbType = Guid)], CommandType='"Text"', CommandTimeout='30']
SELECT `c`.`Id`, `c`.`Category`, `c`.`Color`, `c`.`CreatedAt`, `c`.`CreatedBy`, `c`.`DailyRate`, `c`.`Description`, `c`.`FuelType`, `c`.`HasAirConditioning`, `c`.`HasGPS`, `c`.`ImageUrl`, `c`.`LastMaintenanceDate`, `c`.`LicensePlate`, `c`.`Make`, `c`.`Mileage`, `c`.`Model`, `c`.`NextMaintenanceDate`, `c`.`SeatingCapacity`, `c`.`Status`, `c`.`Transmission`, `c`.`UpdatedAt`, `c`.`UpdatedBy`, `c`.`Year`
FROM `Cars` AS `c`
WHERE `c`.`Id` = @__get_Item_0
LIMIT 1
2026-02-02 00:13:47.184 +05:30 [INF] Executing OkObjectResult, writing value of type 'CarRental.API.Controllers.ApiResponse`1[[CarRental.Application.DTOs.Car.CarDto, CarRental.Application, Version=1.0.0.0, Culture=neutral, PublicKeyToken=null]]'.
2026-02-02 00:13:47.184 +05:30 [INF] Executed action CarRental.API.Controllers.CarsController.GetById (CarRental.API) in 4.8974ms
2026-02-02 00:13:47.185 +05:30 [INF] Executed endpoint 'CarRental.API.Controllers.CarsController.GetById (CarRental.API)'
2026-02-02 00:13:47.185 +05:30 [INF] Request finished HTTP/1.1 GET http://localhost:5000/api/Cars/33333333-3333-3333-3333-333333333333 - 200 null application/json; charset=utf-8 6.3142ms
2026-02-02 00:13:47.187 +05:30 [INF] Request starting HTTP/1.1 GET http://localhost:5000/api/Cars/33333333-3333-3333-3333-333333333333 - null null
2026-02-02 00:13:47.188 +05:30 [INF] Executing endpoint 'CarRental.API.Controllers.CarsController.GetById (CarRental.API)'
2026-02-02 00:13:47.188 +05:30 [INF] Route matched with {action = "GetById", controller = "Cars"}. Executing controller action with signature System.Threading.Tasks.Task`1[Microsoft.AspNetCore.Mvc.IActionResult] GetById(System.Guid, System.Threading.CancellationToken) on controller CarRental.API.Controllers.CarsController (CarRental.API).
2026-02-02 00:13:47.189 +05:30 [INF] Getting car with ID: "33333333-3333-3333-3333-333333333333"
2026-02-02 00:13:47.191 +05:30 [INF] Executed DbCommand (1ms) [Parameters=[@__get_Item_0='?' (DbType = Guid)], CommandType='"Text"', CommandTimeout='30']
SELECT `c`.`Id`, `c`.`Category`, `c`.`Color`, `c`.`CreatedAt`, `c`.`CreatedBy`, `c`.`DailyRate`, `c`.`Description`, `c`.`FuelType`, `c`.`HasAirConditioning`, `c`.`HasGPS`, `c`.`ImageUrl`, `c`.`LastMaintenanceDate`, `c`.`LicensePlate`, `c`.`Make`, `c`.`Mileage`, `c`.`Model`, `c`.`NextMaintenanceDate`, `c`.`SeatingCapacity`, `c`.`Status`, `c`.`Transmission`, `c`.`UpdatedAt`, `c`.`UpdatedBy`, `c`.`Year`
FROM `Cars` AS `c`
WHERE `c`.`Id` = @__get_Item_0
LIMIT 1
2026-02-02 00:13:47.192 +05:30 [INF] Executing OkObjectResult, writing value of type 'CarRental.API.Controllers.ApiResponse`1[[CarRental.Application.DTOs.Car.CarDto, CarRental.Application, Version=1.0.0.0, Culture=neutral, PublicKeyToken=null]]'.
2026-02-02 00:13:47.192 +05:30 [INF] Executed action CarRental.API.Controllers.CarsController.GetById (CarRental.API) in 3.7437ms
2026-02-02 00:13:47.192 +05:30 [INF] Executed endpoint 'CarRental.API.Controllers.CarsController.GetById (CarRental.API)'
2026-02-02 00:13:47.192 +05:30 [INF] Request finished HTTP/1.1 GET http://localhost:5000/api/Cars/33333333-3333-3333-3333-333333333333 - 200 null application/json; charset=utf-8 4.9751ms
2026-02-02 00:13:52.012 +05:30 [INF] Request starting HTTP/1.1 GET http://localhost:5000/api/Cars/33333333-3333-3333-3333-333333333333 - null null
2026-02-02 00:13:52.013 +05:30 [INF] Executing endpoint 'CarRental.API.Controllers.CarsController.GetById (CarRental.API)'
2026-02-02 00:13:52.013 +05:30 [INF] Route matched with {action = "GetById", controller = "Cars"}. Executing controller action with signature System.Threading.Tasks.Task`1[Microsoft.AspNetCore.Mvc.IActionResult] GetById(System.Guid, System.Threading.CancellationToken) on controller CarRental.API.Controllers.CarsController (CarRental.API).
2026-02-02 00:13:52.013 +05:30 [INF] Getting car with ID: "33333333-3333-3333-3333-333333333333"
2026-02-02 00:13:52.014 +05:30 [INF] Executed DbCommand (0ms) [Parameters=[@__get_Item_0='?' (DbType = Guid)], CommandType='"Text"', CommandTimeout='30']
SELECT `c`.`Id`, `c`.`Category`, `c`.`Color`, `c`.`CreatedAt`, `c`.`CreatedBy`, `c`.`DailyRate`, `c`.`Description`, `c`.`FuelType`, `c`.`HasAirConditioning`, `c`.`HasGPS`, `c`.`ImageUrl`, `c`.`LastMaintenanceDate`, `c`.`LicensePlate`, `c`.`Make`, `c`.`Mileage`, `c`.`Model`, `c`.`NextMaintenanceDate`, `c`.`SeatingCapacity`, `c`.`Status`, `c`.`Transmission`, `c`.`UpdatedAt`, `c`.`UpdatedBy`, `c`.`Year`
FROM `Cars` AS `c`
WHERE `c`.`Id` = @__get_Item_0
LIMIT 1
2026-02-02 00:13:52.015 +05:30 [INF] Executing OkObjectResult, writing value of type 'CarRental.API.Controllers.ApiResponse`1[[CarRental.Application.DTOs.Car.CarDto, CarRental.Application, Version=1.0.0.0, Culture=neutral, PublicKeyToken=null]]'.
2026-02-02 00:13:52.015 +05:30 [INF] Executed action CarRental.API.Controllers.CarsController.GetById (CarRental.API) in 1.7292ms
2026-02-02 00:13:52.015 +05:30 [INF] Executed endpoint 'CarRental.API.Controllers.CarsController.GetById (CarRental.API)'
2026-02-02 00:13:52.015 +05:30 [INF] Request finished HTTP/1.1 GET http://localhost:5000/api/Cars/33333333-3333-3333-3333-333333333333 - 200 null application/json; charset=utf-8 2.5081ms
2026-02-02 00:13:52.016 +05:30 [INF] Request starting HTTP/1.1 GET http://localhost:5000/api/Cars/33333333-3333-3333-3333-333333333333 - null null
2026-02-02 00:13:52.017 +05:30 [INF] Executing endpoint 'CarRental.API.Controllers.CarsController.GetById (CarRental.API)'
2026-02-02 00:13:52.017 +05:30 [INF] Route matched with {action = "GetById", controller = "Cars"}. Executing controller action with signature System.Threading.Tasks.Task`1[Microsoft.AspNetCore.Mvc.IActionResult] GetById(System.Guid, System.Threading.CancellationToken) on controller CarRental.API.Controllers.CarsController (CarRental.API).
2026-02-02 00:13:52.017 +05:30 [INF] Getting car with ID: "33333333-3333-3333-3333-333333333333"
2026-02-02 00:13:52.018 +05:30 [INF] Executed DbCommand (0ms) [Parameters=[@__get_Item_0='?' (DbType = Guid)], CommandType='"Text"', CommandTimeout='30']
SELECT `c`.`Id`, `c`.`Category`, `c`.`Color`, `c`.`CreatedAt`, `c`.`CreatedBy`, `c`.`DailyRate`, `c`.`Description`, `c`.`FuelType`, `c`.`HasAirConditioning`, `c`.`HasGPS`, `c`.`ImageUrl`, `c`.`LastMaintenanceDate`, `c`.`LicensePlate`, `c`.`Make`, `c`.`Mileage`, `c`.`Model`, `c`.`NextMaintenanceDate`, `c`.`SeatingCapacity`, `c`.`Status`, `c`.`Transmission`, `c`.`UpdatedAt`, `c`.`UpdatedBy`, `c`.`Year`
FROM `Cars` AS `c`
WHERE `c`.`Id` = @__get_Item_0
LIMIT 1
2026-02-02 00:13:52.018 +05:30 [INF] Executing OkObjectResult, writing value of type 'CarRental.API.Controllers.ApiResponse`1[[CarRental.Application.DTOs.Car.CarDto, CarRental.Application, Version=1.0.0.0, Culture=neutral, PublicKeyToken=null]]'.
2026-02-02 00:13:52.018 +05:30 [INF] Executed action CarRental.API.Controllers.CarsController.GetById (CarRental.API) in 1.5886ms
2026-02-02 00:13:52.018 +05:30 [INF] Executed endpoint 'CarRental.API.Controllers.CarsController.GetById (CarRental.API)'
2026-02-02 00:13:52.018 +05:30 [INF] Request finished HTTP/1.1 GET http://localhost:5000/api/Cars/33333333-3333-3333-3333-333333333333 - 200 null application/json; charset=utf-8 2.1125ms
2026-02-02 00:13:56.387 +05:30 [INF] Request starting HTTP/1.1 GET http://localhost:5000/api/Cars/33333333-3333-3333-3333-333333333333 - null null
2026-02-02 00:13:56.387 +05:30 [INF] Executing endpoint 'CarRental.API.Controllers.CarsController.GetById (CarRental.API)'
2026-02-02 00:13:56.387 +05:30 [INF] Route matched with {action = "GetById", controller = "Cars"}. Executing controller action with signature System.Threading.Tasks.Task`1[Microsoft.AspNetCore.Mvc.IActionResult] GetById(System.Guid, System.Threading.CancellationToken) on controller CarRental.API.Controllers.CarsController (CarRental.API).
2026-02-02 00:13:56.389 +05:30 [INF] Getting car with ID: "33333333-3333-3333-3333-333333333333"
2026-02-02 00:13:56.391 +05:30 [INF] Executed DbCommand (1ms) [Parameters=[@__get_Item_0='?' (DbType = Guid)], CommandType='"Text"', CommandTimeout='30']
SELECT `c`.`Id`, `c`.`Category`, `c`.`Color`, `c`.`CreatedAt`, `c`.`CreatedBy`, `c`.`DailyRate`, `c`.`Description`, `c`.`FuelType`, `c`.`HasAirConditioning`, `c`.`HasGPS`, `c`.`ImageUrl`, `c`.`LastMaintenanceDate`, `c`.`LicensePlate`, `c`.`Make`, `c`.`Mileage`, `c`.`Model`, `c`.`NextMaintenanceDate`, `c`.`SeatingCapacity`, `c`.`Status`, `c`.`Transmission`, `c`.`UpdatedAt`, `c`.`UpdatedBy`, `c`.`Year`
FROM `Cars` AS `c`
WHERE `c`.`Id` = @__get_Item_0
LIMIT 1
2026-02-02 00:13:56.391 +05:30 [INF] Executing OkObjectResult, writing value of type 'CarRental.API.Controllers.ApiResponse`1[[CarRental.Application.DTOs.Car.CarDto, CarRental.Application, Version=1.0.0.0, Culture=neutral, PublicKeyToken=null]]'.
2026-02-02 00:13:56.392 +05:30 [INF] Executed action CarRental.API.Controllers.CarsController.GetById (CarRental.API) in 4.2077ms
2026-02-02 00:13:56.392 +05:30 [INF] Executed endpoint 'CarRental.API.Controllers.CarsController.GetById (CarRental.API)'
2026-02-02 00:13:56.392 +05:30 [INF] Request finished HTTP/1.1 GET http://localhost:5000/api/Cars/33333333-3333-3333-3333-333333333333 - 200 null application/json; charset=utf-8 5.361ms
2026-02-02 00:13:56.395 +05:30 [INF] Request starting HTTP/1.1 GET http://localhost:5000/api/Cars/33333333-3333-3333-3333-333333333333 - null null
2026-02-02 00:13:56.396 +05:30 [INF] Executing endpoint 'CarRental.API.Controllers.CarsController.GetById (CarRental.API)'
2026-02-02 00:13:56.396 +05:30 [INF] Route matched with {action = "GetById", controller = "Cars"}. Executing controller action with signature System.Threading.Tasks.Task`1[Microsoft.AspNetCore.Mvc.IActionResult] GetById(System.Guid, System.Threading.CancellationToken) on controller CarRental.API.Controllers.CarsController (CarRental.API).
2026-02-02 00:13:56.397 +05:30 [INF] Getting car with ID: "33333333-3333-3333-3333-333333333333"
2026-02-02 00:13:56.399 +05:30 [INF] Executed DbCommand (0ms) [Parameters=[@__get_Item_0='?' (DbType = Guid)], CommandType='"Text"', CommandTimeout='30']
SELECT `c`.`Id`, `c`.`Category`, `c`.`Color`, `c`.`CreatedAt`, `c`.`CreatedBy`, `c`.`DailyRate`, `c`.`Description`, `c`.`FuelType`, `c`.`HasAirConditioning`, `c`.`HasGPS`, `c`.`ImageUrl`, `c`.`LastMaintenanceDate`, `c`.`LicensePlate`, `c`.`Make`, `c`.`Mileage`, `c`.`Model`, `c`.`NextMaintenanceDate`, `c`.`SeatingCapacity`, `c`.`Status`, `c`.`Transmission`, `c`.`UpdatedAt`, `c`.`UpdatedBy`, `c`.`Year`
FROM `Cars` AS `c`
WHERE `c`.`Id` = @__get_Item_0
LIMIT 1
2026-02-02 00:13:56.399 +05:30 [INF] Executing OkObjectResult, writing value of type 'CarRental.API.Controllers.ApiResponse`1[[CarRental.Application.DTOs.Car.CarDto, CarRental.Application, Version=1.0.0.0, Culture=neutral, PublicKeyToken=null]]'.
2026-02-02 00:13:56.400 +05:30 [INF] Executed action CarRental.API.Controllers.CarsController.GetById (CarRental.API) in 3.7284ms
2026-02-02 00:13:56.400 +05:30 [INF] Executed endpoint 'CarRental.API.Controllers.CarsController.GetById (CarRental.API)'
2026-02-02 00:13:56.400 +05:30 [INF] Request finished HTTP/1.1 GET http://localhost:5000/api/Cars/33333333-3333-3333-3333-333333333333 - 200 null application/json; charset=utf-8 4.658ms
2026-02-02 00:14:02.471 +05:30 [INF] Request starting HTTP/1.1 GET http://localhost:5000/api/Cars - null null
2026-02-02 00:14:02.472 +05:30 [INF] Executing endpoint 'CarRental.API.Controllers.CarsController.GetAll (CarRental.API)'
2026-02-02 00:14:02.472 +05:30 [INF] Route matched with {action = "GetAll", controller = "Cars"}. Executing controller action with signature System.Threading.Tasks.Task`1[Microsoft.AspNetCore.Mvc.IActionResult] GetAll(System.Threading.CancellationToken) on controller CarRental.API.Controllers.CarsController (CarRental.API).
2026-02-02 00:14:02.473 +05:30 [INF] Getting all cars
2026-02-02 00:14:02.474 +05:30 [INF] Executed DbCommand (0ms) [Parameters=[], CommandType='"Text"', CommandTimeout='30']
SELECT `c`.`Id`, `c`.`Category`, `c`.`Color`, `c`.`CreatedAt`, `c`.`CreatedBy`, `c`.`DailyRate`, `c`.`Description`, `c`.`FuelType`, `c`.`HasAirConditioning`, `c`.`HasGPS`, `c`.`ImageUrl`, `c`.`LastMaintenanceDate`, `c`.`LicensePlate`, `c`.`Make`, `c`.`Mileage`, `c`.`Model`, `c`.`NextMaintenanceDate`, `c`.`SeatingCapacity`, `c`.`Status`, `c`.`Transmission`, `c`.`UpdatedAt`, `c`.`UpdatedBy`, `c`.`Year`
FROM `Cars` AS `c`
2026-02-02 00:14:02.474 +05:30 [INF] Executing OkObjectResult, writing value of type 'CarRental.API.Controllers.ApiResponse`1[[System.Collections.Generic.IEnumerable`1[[CarRental.Application.DTOs.Car.CarDto, CarRental.Application, Version=1.0.0.0, Culture=neutral, PublicKeyToken=null]], System.Private.CoreLib, Version=8.0.0.0, Culture=neutral, PublicKeyToken=7cec85d7bea7798e]]'.
2026-02-02 00:14:02.474 +05:30 [INF] Executed action CarRental.API.Controllers.CarsController.GetAll (CarRental.API) in 1.9397ms
2026-02-02 00:14:02.474 +05:30 [INF] Executed endpoint 'CarRental.API.Controllers.CarsController.GetAll (CarRental.API)'
2026-02-02 00:14:02.474 +05:30 [INF] Request finished HTTP/1.1 GET http://localhost:5000/api/Cars - 200 null application/json; charset=utf-8 2.8606ms
2026-02-02 00:14:02.476 +05:30 [INF] Request starting HTTP/1.1 GET http://localhost:5000/api/Cars - null null
2026-02-02 00:14:02.477 +05:30 [INF] Executing endpoint 'CarRental.API.Controllers.CarsController.GetAll (CarRental.API)'
2026-02-02 00:14:02.477 +05:30 [INF] Route matched with {action = "GetAll", controller = "Cars"}. Executing controller action with signature System.Threading.Tasks.Task`1[Microsoft.AspNetCore.Mvc.IActionResult] GetAll(System.Threading.CancellationToken) on controller CarRental.API.Controllers.CarsController (CarRental.API).
2026-02-02 00:14:02.477 +05:30 [INF] Getting all cars
2026-02-02 00:14:02.479 +05:30 [INF] Executed DbCommand (0ms) [Parameters=[], CommandType='"Text"', CommandTimeout='30']
SELECT `c`.`Id`, `c`.`Category`, `c`.`Color`, `c`.`CreatedAt`, `c`.`CreatedBy`, `c`.`DailyRate`, `c`.`Description`, `c`.`FuelType`, `c`.`HasAirConditioning`, `c`.`HasGPS`, `c`.`ImageUrl`, `c`.`LastMaintenanceDate`, `c`.`LicensePlate`, `c`.`Make`, `c`.`Mileage`, `c`.`Model`, `c`.`NextMaintenanceDate`, `c`.`SeatingCapacity`, `c`.`Status`, `c`.`Transmission`, `c`.`UpdatedAt`, `c`.`UpdatedBy`, `c`.`Year`
FROM `Cars` AS `c`
2026-02-02 00:14:02.479 +05:30 [INF] Executing OkObjectResult, writing value of type 'CarRental.API.Controllers.ApiResponse`1[[System.Collections.Generic.IEnumerable`1[[CarRental.Application.DTOs.Car.CarDto, CarRental.Application, Version=1.0.0.0, Culture=neutral, PublicKeyToken=null]], System.Private.CoreLib, Version=8.0.0.0, Culture=neutral, PublicKeyToken=7cec85d7bea7798e]]'.
2026-02-02 00:14:02.479 +05:30 [INF] Executed action CarRental.API.Controllers.CarsController.GetAll (CarRental.API) in 2.4089ms
2026-02-02 00:14:02.479 +05:30 [INF] Executed endpoint 'CarRental.API.Controllers.CarsController.GetAll (CarRental.API)'
2026-02-02 00:14:02.480 +05:30 [INF] Request finished HTTP/1.1 GET http://localhost:5000/api/Cars - 200 null application/json; charset=utf-8 3.2354ms
2026-02-02 00:14:06.120 +05:30 [INF] Request starting HTTP/1.1 GET http://localhost:5000/api/Rentals/customer/11111111-1111-1111-1111-111111111111 - null null
2026-02-02 00:14:06.121 +05:30 [INF] Executing endpoint 'CarRental.API.Controllers.RentalsController.GetByCustomer (CarRental.API)'
2026-02-02 00:14:06.121 +05:30 [INF] Route matched with {action = "GetByCustomer", controller = "Rentals"}. Executing controller action with signature System.Threading.Tasks.Task`1[Microsoft.AspNetCore.Mvc.IActionResult] GetByCustomer(System.Guid, System.Threading.CancellationToken) on controller CarRental.API.Controllers.RentalsController (CarRental.API).
2026-02-02 00:14:06.122 +05:30 [INF] Getting rentals for customer: "11111111-1111-1111-1111-111111111111"
2026-02-02 00:14:06.124 +05:30 [INF] Executed DbCommand (1ms) [Parameters=[@__customerId_0='?' (DbType = Guid)], CommandType='"Text"', CommandTimeout='30']
SELECT `r`.`Id`, `r`.`ActualReturnDate`, `r`.`CarId`, `r`.`CreatedAt`, `r`.`CreatedBy`, `r`.`CustomerId`, `r`.`DailyRate`, `r`.`DamageCharges`, `r`.`DepositAmount`, `r`.`DepositReturned`, `r`.`EndDate`, `r`.`LateFee`, `r`.`Notes`, `r`.`OdometerAtPickup`, `r`.`OdometerAtReturn`, `r`.`PickupLocation`, `r`.`ReturnLocation`, `r`.`StartDate`, `r`.`Status`, `r`.`TotalCost`, `r`.`UpdatedAt`, `r`.`UpdatedBy`, `c`.`Id`, `c`.`Category`, `c`.`Color`, `c`.`CreatedAt`, `c`.`CreatedBy`, `c`.`DailyRate`, `c`.`Description`, `c`.`FuelType`, `c`.`HasAirConditioning`, `c`.`HasGPS`, `c`.`ImageUrl`, `c`.`LastMaintenanceDate`, `c`.`LicensePlate`, `c`.`Make`, `c`.`Mileage`, `c`.`Model`, `c`.`NextMaintenanceDate`, `c`.`SeatingCapacity`, `c`.`Status`, `c`.`Transmission`, `c`.`UpdatedAt`, `c`.`UpdatedBy`, `c`.`Year`, `u`.`Id`, `u`.`City`, `u`.`Country`, `u`.`CreatedAt`, `u`.`CreatedBy`, `u`.`DateOfBirth`, `u`.`DriversLicenseExpiry`, `u`.`DriversLicenseNumber`, `u`.`Email`, `u`.`FirstName`, `u`.`IsActive`, `u`.`LastLoginAt`, `u`.`LastName`, `u`.`PasswordHash`, `u`.`PhoneNumber`, `u`.`PostalCode`, `u`.`Role`, `u`.`State`, `u`.`Street`, `u`.`UpdatedAt`, `u`.`UpdatedBy`
FROM `Rentals` AS `r`
INNER JOIN `Cars` AS `c` ON `r`.`CarId` = `c`.`Id`
INNER JOIN `Users` AS `u` ON `r`.`CustomerId` = `u`.`Id`
WHERE `r`.`CustomerId` = @__customerId_0
ORDER BY `r`.`CreatedAt` DESC
2026-02-02 00:14:06.124 +05:30 [INF] Executing OkObjectResult, writing value of type 'CarRental.API.Controllers.ApiResponse`1[[System.Collections.Generic.IEnumerable`1[[CarRental.Application.DTOs.Rental.RentalDto, CarRental.Application, Version=1.0.0.0, Culture=neutral, PublicKeyToken=null]], System.Private.CoreLib, Version=8.0.0.0, Culture=neutral, PublicKeyToken=7cec85d7bea7798e]]'.
2026-02-02 00:14:06.125 +05:30 [INF] Executed action CarRental.API.Controllers.RentalsController.GetByCustomer (CarRental.API) in 3.6078ms
2026-02-02 00:14:06.125 +05:30 [INF] Executed endpoint 'CarRental.API.Controllers.RentalsController.GetByCustomer (CarRental.API)'
2026-02-02 00:14:06.125 +05:30 [INF] Request finished HTTP/1.1 GET http://localhost:5000/api/Rentals/customer/11111111-1111-1111-1111-111111111111 - 200 null application/json; charset=utf-8 4.7427ms
2026-02-02 00:14:06.128 +05:30 [INF] Request starting HTTP/1.1 GET http://localhost:5000/api/Rentals/customer/11111111-1111-1111-1111-111111111111 - null null
2026-02-02 00:14:06.129 +05:30 [INF] Executing endpoint 'CarRental.API.Controllers.RentalsController.GetByCustomer (CarRental.API)'
2026-02-02 00:14:06.129 +05:30 [INF] Route matched with {action = "GetByCustomer", controller = "Rentals"}. Executing controller action with signature System.Threading.Tasks.Task`1[Microsoft.AspNetCore.Mvc.IActionResult] GetByCustomer(System.Guid, System.Threading.CancellationToken) on controller CarRental.API.Controllers.RentalsController (CarRental.API).
2026-02-02 00:14:06.130 +05:30 [INF] Getting rentals for customer: "11111111-1111-1111-1111-111111111111"
2026-02-02 00:14:06.132 +05:30 [INF] Executed DbCommand (1ms) [Parameters=[@__customerId_0='?' (DbType = Guid)], CommandType='"Text"', CommandTimeout='30']
SELECT `r`.`Id`, `r`.`ActualReturnDate`, `r`.`CarId`, `r`.`CreatedAt`, `r`.`CreatedBy`, `r`.`CustomerId`, `r`.`DailyRate`, `r`.`DamageCharges`, `r`.`DepositAmount`, `r`.`DepositReturned`, `r`.`EndDate`, `r`.`LateFee`, `r`.`Notes`, `r`.`OdometerAtPickup`, `r`.`OdometerAtReturn`, `r`.`PickupLocation`, `r`.`ReturnLocation`, `r`.`StartDate`, `r`.`Status`, `r`.`TotalCost`, `r`.`UpdatedAt`, `r`.`UpdatedBy`, `c`.`Id`, `c`.`Category`, `c`.`Color`, `c`.`CreatedAt`, `c`.`CreatedBy`, `c`.`DailyRate`, `c`.`Description`, `c`.`FuelType`, `c`.`HasAirConditioning`, `c`.`HasGPS`, `c`.`ImageUrl`, `c`.`LastMaintenanceDate`, `c`.`LicensePlate`, `c`.`Make`, `c`.`Mileage`, `c`.`Model`, `c`.`NextMaintenanceDate`, `c`.`SeatingCapacity`, `c`.`Status`, `c`.`Transmission`, `c`.`UpdatedAt`, `c`.`UpdatedBy`, `c`.`Year`, `u`.`Id`, `u`.`City`, `u`.`Country`, `u`.`CreatedAt`, `u`.`CreatedBy`, `u`.`DateOfBirth`, `u`.`DriversLicenseExpiry`, `u`.`DriversLicenseNumber`, `u`.`Email`, `u`.`FirstName`, `u`.`IsActive`, `u`.`LastLoginAt`, `u`.`LastName`, `u`.`PasswordHash`, `u`.`PhoneNumber`, `u`.`PostalCode`, `u`.`Role`, `u`.`State`, `u`.`Street`, `u`.`UpdatedAt`, `u`.`UpdatedBy`
FROM `Rentals` AS `r`
INNER JOIN `Cars` AS `c` ON `r`.`CarId` = `c`.`Id`
INNER JOIN `Users` AS `u` ON `r`.`CustomerId` = `u`.`Id`
WHERE `r`.`CustomerId` = @__customerId_0
ORDER BY `r`.`CreatedAt` DESC
2026-02-02 00:14:06.133 +05:30 [INF] Executing OkObjectResult, writing value of type 'CarRental.API.Controllers.ApiResponse`1[[System.Collections.Generic.IEnumerable`1[[CarRental.Application.DTOs.Rental.RentalDto, CarRental.Application, Version=1.0.0.0, Culture=neutral, PublicKeyToken=null]], System.Private.CoreLib, Version=8.0.0.0, Culture=neutral, PublicKeyToken=7cec85d7bea7798e]]'.
2026-02-02 00:14:06.133 +05:30 [INF] Executed action CarRental.API.Controllers.RentalsController.GetByCustomer (CarRental.API) in 4.0605ms
2026-02-02 00:14:06.133 +05:30 [INF] Executed endpoint 'CarRental.API.Controllers.RentalsController.GetByCustomer (CarRental.API)'
2026-02-02 00:14:06.133 +05:30 [INF] Request finished HTTP/1.1 GET http://localhost:5000/api/Rentals/customer/11111111-1111-1111-1111-111111111111 - 200 null application/json; charset=utf-8 5.0874ms
2026-02-02 00:14:58.964 +05:30 [INF] Request starting HTTP/1.1 POST http://localhost:5000/api/Cars - application/json 264
2026-02-02 00:14:58.964 +05:30 [INF] CORS policy execution successful.
2026-02-02 00:14:58.966 +05:30 [INF] Executing endpoint 'CarRental.API.Controllers.CarsController.Create (CarRental.API)'
2026-02-02 00:14:58.969 +05:30 [INF] Route matched with {action = "Create", controller = "Cars"}. Executing controller action with signature System.Threading.Tasks.Task`1[Microsoft.AspNetCore.Mvc.IActionResult] Create(CarRental.Application.DTOs.Car.CreateCarRequest, System.Threading.CancellationToken) on controller CarRental.API.Controllers.CarsController (CarRental.API).
2026-02-02 00:14:58.994 +05:30 [INF] Creating new car: Tata Safari
2026-02-02 00:14:58.999 +05:30 [INF] Executed DbCommand (1ms) [Parameters=[@__licensePlate_0='?' (Size = 20)], CommandType='"Text"', CommandTimeout='30']
SELECT `c`.`Id`, `c`.`Category`, `c`.`Color`, `c`.`CreatedAt`, `c`.`CreatedBy`, `c`.`DailyRate`, `c`.`Description`, `c`.`FuelType`, `c`.`HasAirConditioning`, `c`.`HasGPS`, `c`.`ImageUrl`, `c`.`LastMaintenanceDate`, `c`.`LicensePlate`, `c`.`Make`, `c`.`Mileage`, `c`.`Model`, `c`.`NextMaintenanceDate`, `c`.`SeatingCapacity`, `c`.`Status`, `c`.`Transmission`, `c`.`UpdatedAt`, `c`.`UpdatedBy`, `c`.`Year`
FROM `Cars` AS `c`
WHERE `c`.`LicensePlate` = @__licensePlate_0
LIMIT 1
2026-02-02 00:14:59.003 +05:30 [INF] Executed DbCommand (1ms) [Parameters=[@p0='?' (DbType = Guid), @p1='?' (DbType = Int32), @p2='?' (Size = 30), @p3='?' (DbType = DateTime), @p4='?' (Size = 4000), @p5='?' (DbType = Decimal), @p6='?' (Size = 4000), @p7='?' (Size = 30), @p8='?' (DbType = Boolean), @p9='?' (DbType = Boolean), @p10='?' (Size = 4000), @p11='?' (DbType = DateTime), @p12='?' (Size = 20), @p13='?' (Size = 50), @p14='?' (DbType = Int32), @p15='?' (Size = 50), @p16='?' (DbType = DateTime), @p17='?' (DbType = Int32), @p18='?' (DbType = Int32), @p19='?' (Size = 30), @p20='?' (DbType = DateTime), @p21='?' (Size = 4000), @p22='?' (DbType = Int32)], CommandType='"Text"', CommandTimeout='30']
SET AUTOCOMMIT = 1;
INSERT INTO `Cars` (`Id`, `Category`, `Color`, `CreatedAt`, `CreatedBy`, `DailyRate`, `Description`, `FuelType`, `HasAirConditioning`, `HasGPS`, `ImageUrl`, `LastMaintenanceDate`, `LicensePlate`, `Make`, `Mileage`, `Model`, `NextMaintenanceDate`, `SeatingCapacity`, `Status`, `Transmission`, `UpdatedAt`, `UpdatedBy`, `Year`)
VALUES (@p0, @p1, @p2, @p3, @p4, @p5, @p6, @p7, @p8, @p9, @p10, @p11, @p12, @p13, @p14, @p15, @p16, @p17, @p18, @p19, @p20, @p21, @p22);
2026-02-02 00:14:59.004 +05:30 [INF] Executing OkObjectResult, writing value of type 'CarRental.API.Controllers.ApiResponse`1[[CarRental.Application.DTOs.Car.CarDto, CarRental.Application, Version=1.0.0.0, Culture=neutral, PublicKeyToken=null]]'.
2026-02-02 00:14:59.004 +05:30 [INF] Executed action CarRental.API.Controllers.CarsController.Create (CarRental.API) in 35.2008ms
2026-02-02 00:14:59.004 +05:30 [INF] Executed endpoint 'CarRental.API.Controllers.CarsController.Create (CarRental.API)'
2026-02-02 00:14:59.005 +05:30 [INF] Request finished HTTP/1.1 POST http://localhost:5000/api/Cars - 200 null application/json; charset=utf-8 40.6891ms
2026-02-02 00:15:00.762 +05:30 [INF] Request starting HTTP/1.1 GET http://localhost:5000/api/Cars - null null
2026-02-02 00:15:00.762 +05:30 [INF] Executing endpoint 'CarRental.API.Controllers.CarsController.GetAll (CarRental.API)'
2026-02-02 00:15:00.763 +05:30 [INF] Route matched with {action = "GetAll", controller = "Cars"}. Executing controller action with signature System.Threading.Tasks.Task`1[Microsoft.AspNetCore.Mvc.IActionResult] GetAll(System.Threading.CancellationToken) on controller CarRental.API.Controllers.CarsController (CarRental.API).
2026-02-02 00:15:00.763 +05:30 [INF] Getting all cars
2026-02-02 00:15:00.764 +05:30 [INF] Executed DbCommand (0ms) [Parameters=[], CommandType='"Text"', CommandTimeout='30']
SELECT `c`.`Id`, `c`.`Category`, `c`.`Color`, `c`.`CreatedAt`, `c`.`CreatedBy`, `c`.`DailyRate`, `c`.`Description`, `c`.`FuelType`, `c`.`HasAirConditioning`, `c`.`HasGPS`, `c`.`ImageUrl`, `c`.`LastMaintenanceDate`, `c`.`LicensePlate`, `c`.`Make`, `c`.`Mileage`, `c`.`Model`, `c`.`NextMaintenanceDate`, `c`.`SeatingCapacity`, `c`.`Status`, `c`.`Transmission`, `c`.`UpdatedAt`, `c`.`UpdatedBy`, `c`.`Year`
FROM `Cars` AS `c`
2026-02-02 00:15:00.765 +05:30 [INF] Executing OkObjectResult, writing value of type 'CarRental.API.Controllers.ApiResponse`1[[System.Collections.Generic.IEnumerable`1[[CarRental.Application.DTOs.Car.CarDto, CarRental.Application, Version=1.0.0.0, Culture=neutral, PublicKeyToken=null]], System.Private.CoreLib, Version=8.0.0.0, Culture=neutral, PublicKeyToken=7cec85d7bea7798e]]'.
2026-02-02 00:15:00.765 +05:30 [INF] Executed action CarRental.API.Controllers.CarsController.GetAll (CarRental.API) in 2.866ms
2026-02-02 00:15:00.766 +05:30 [INF] Executed endpoint 'CarRental.API.Controllers.CarsController.GetAll (CarRental.API)'
2026-02-02 00:15:00.766 +05:30 [INF] Request finished HTTP/1.1 GET http://localhost:5000/api/Cars - 200 null application/json; charset=utf-8 3.8292ms
2026-02-02 00:15:00.768 +05:30 [INF] Request starting HTTP/1.1 GET http://localhost:5000/api/Cars - null null
2026-02-02 00:15:00.769 +05:30 [INF] Executing endpoint 'CarRental.API.Controllers.CarsController.GetAll (CarRental.API)'
2026-02-02 00:15:00.769 +05:30 [INF] Route matched with {action = "GetAll", controller = "Cars"}. Executing controller action with signature System.Threading.Tasks.Task`1[Microsoft.AspNetCore.Mvc.IActionResult] GetAll(System.Threading.CancellationToken) on controller CarRental.API.Controllers.CarsController (CarRental.API).
2026-02-02 00:15:00.770 +05:30 [INF] Getting all cars
2026-02-02 00:15:00.771 +05:30 [INF] Executed DbCommand (0ms) [Parameters=[], CommandType='"Text"', CommandTimeout='30']
SELECT `c`.`Id`, `c`.`Category`, `c`.`Color`, `c`.`CreatedAt`, `c`.`CreatedBy`, `c`.`DailyRate`, `c`.`Description`, `c`.`FuelType`, `c`.`HasAirConditioning`, `c`.`HasGPS`, `c`.`ImageUrl`, `c`.`LastMaintenanceDate`, `c`.`LicensePlate`, `c`.`Make`, `c`.`Mileage`, `c`.`Model`, `c`.`NextMaintenanceDate`, `c`.`SeatingCapacity`, `c`.`Status`, `c`.`Transmission`, `c`.`UpdatedAt`, `c`.`UpdatedBy`, `c`.`Year`
FROM `Cars` AS `c`
2026-02-02 00:15:00.771 +05:30 [INF] Executing OkObjectResult, writing value of type 'CarRental.API.Controllers.ApiResponse`1[[System.Collections.Generic.IEnumerable`1[[CarRental.Application.DTOs.Car.CarDto, CarRental.Application, Version=1.0.0.0, Culture=neutral, PublicKeyToken=null]], System.Private.CoreLib, Version=8.0.0.0, Culture=neutral, PublicKeyToken=7cec85d7bea7798e]]'.
2026-02-02 00:15:00.771 +05:30 [INF] Executed action CarRental.API.Controllers.CarsController.GetAll (CarRental.API) in 2.1997ms
2026-02-02 00:15:00.771 +05:30 [INF] Executed endpoint 'CarRental.API.Controllers.CarsController.GetAll (CarRental.API)'
2026-02-02 00:15:00.772 +05:30 [INF] Request finished HTTP/1.1 GET http://localhost:5000/api/Cars - 200 null application/json; charset=utf-8 3.1966ms
2026-02-02 00:15:15.020 +05:30 [INF] Request starting HTTP/1.1 GET http://localhost:5000/api/Rentals/customer/11111111-1111-1111-1111-111111111111 - null null
2026-02-02 00:15:15.021 +05:30 [INF] Executing endpoint 'CarRental.API.Controllers.RentalsController.GetByCustomer (CarRental.API)'
2026-02-02 00:15:15.021 +05:30 [INF] Route matched with {action = "GetByCustomer", controller = "Rentals"}. Executing controller action with signature System.Threading.Tasks.Task`1[Microsoft.AspNetCore.Mvc.IActionResult] GetByCustomer(System.Guid, System.Threading.CancellationToken) on controller CarRental.API.Controllers.RentalsController (CarRental.API).
2026-02-02 00:15:15.022 +05:30 [INF] Getting rentals for customer: "11111111-1111-1111-1111-111111111111"
2026-02-02 00:15:15.025 +05:30 [INF] Executed DbCommand (1ms) [Parameters=[@__customerId_0='?' (DbType = Guid)], CommandType='"Text"', CommandTimeout='30']
SELECT `r`.`Id`, `r`.`ActualReturnDate`, `r`.`CarId`, `r`.`CreatedAt`, `r`.`CreatedBy`, `r`.`CustomerId`, `r`.`DailyRate`, `r`.`DamageCharges`, `r`.`DepositAmount`, `r`.`DepositReturned`, `r`.`EndDate`, `r`.`LateFee`, `r`.`Notes`, `r`.`OdometerAtPickup`, `r`.`OdometerAtReturn`, `r`.`PickupLocation`, `r`.`ReturnLocation`, `r`.`StartDate`, `r`.`Status`, `r`.`TotalCost`, `r`.`UpdatedAt`, `r`.`UpdatedBy`, `c`.`Id`, `c`.`Category`, `c`.`Color`, `c`.`CreatedAt`, `c`.`CreatedBy`, `c`.`DailyRate`, `c`.`Description`, `c`.`FuelType`, `c`.`HasAirConditioning`, `c`.`HasGPS`, `c`.`ImageUrl`, `c`.`LastMaintenanceDate`, `c`.`LicensePlate`, `c`.`Make`, `c`.`Mileage`, `c`.`Model`, `c`.`NextMaintenanceDate`, `c`.`SeatingCapacity`, `c`.`Status`, `c`.`Transmission`, `c`.`UpdatedAt`, `c`.`UpdatedBy`, `c`.`Year`, `u`.`Id`, `u`.`City`, `u`.`Country`, `u`.`CreatedAt`, `u`.`CreatedBy`, `u`.`DateOfBirth`, `u`.`DriversLicenseExpiry`, `u`.`DriversLicenseNumber`, `u`.`Email`, `u`.`FirstName`, `u`.`IsActive`, `u`.`LastLoginAt`, `u`.`LastName`, `u`.`PasswordHash`, `u`.`PhoneNumber`, `u`.`PostalCode`, `u`.`Role`, `u`.`State`, `u`.`Street`, `u`.`UpdatedAt`, `u`.`UpdatedBy`
FROM `Rentals` AS `r`
INNER JOIN `Cars` AS `c` ON `r`.`CarId` = `c`.`Id`
INNER JOIN `Users` AS `u` ON `r`.`CustomerId` = `u`.`Id`
WHERE `r`.`CustomerId` = @__customerId_0
ORDER BY `r`.`CreatedAt` DESC
2026-02-02 00:15:15.025 +05:30 [INF] Executing OkObjectResult, writing value of type 'CarRental.API.Controllers.ApiResponse`1[[System.Collections.Generic.IEnumerable`1[[CarRental.Application.DTOs.Rental.RentalDto, CarRental.Application, Version=1.0.0.0, Culture=neutral, PublicKeyToken=null]], System.Private.CoreLib, Version=8.0.0.0, Culture=neutral, PublicKeyToken=7cec85d7bea7798e]]'.
2026-02-02 00:15:15.026 +05:30 [INF] Executed action CarRental.API.Controllers.RentalsController.GetByCustomer (CarRental.API) in 4.635ms
2026-02-02 00:15:15.026 +05:30 [INF] Executed endpoint 'CarRental.API.Controllers.RentalsController.GetByCustomer (CarRental.API)'
2026-02-02 00:15:15.026 +05:30 [INF] Request finished HTTP/1.1 GET http://localhost:5000/api/Rentals/customer/11111111-1111-1111-1111-111111111111 - 200 null application/json; charset=utf-8 6.0557ms
2026-02-02 00:15:15.030 +05:30 [INF] Request starting HTTP/1.1 GET http://localhost:5000/api/Rentals/customer/11111111-1111-1111-1111-111111111111 - null null
2026-02-02 00:15:15.031 +05:30 [INF] Executing endpoint 'CarRental.API.Controllers.RentalsController.GetByCustomer (CarRental.API)'
2026-02-02 00:15:15.031 +05:30 [INF] Route matched with {action = "GetByCustomer", controller = "Rentals"}. Executing controller action with signature System.Threading.Tasks.Task`1[Microsoft.AspNetCore.Mvc.IActionResult] GetByCustomer(System.Guid, System.Threading.CancellationToken) on controller CarRental.API.Controllers.RentalsController (CarRental.API).
2026-02-02 00:15:15.032 +05:30 [INF] Getting rentals for customer: "11111111-1111-1111-1111-111111111111"
2026-02-02 00:15:15.036 +05:30 [INF] Executed DbCommand (2ms) [Parameters=[@__customerId_0='?' (DbType = Guid)], CommandType='"Text"', CommandTimeout='30']
SELECT `r`.`Id`, `r`.`ActualReturnDate`, `r`.`CarId`, `r`.`CreatedAt`, `r`.`CreatedBy`, `r`.`CustomerId`, `r`.`DailyRate`, `r`.`DamageCharges`, `r`.`DepositAmount`, `r`.`DepositReturned`, `r`.`EndDate`, `r`.`LateFee`, `r`.`Notes`, `r`.`OdometerAtPickup`, `r`.`OdometerAtReturn`, `r`.`PickupLocation`, `r`.`ReturnLocation`, `r`.`StartDate`, `r`.`Status`, `r`.`TotalCost`, `r`.`UpdatedAt`, `r`.`UpdatedBy`, `c`.`Id`, `c`.`Category`, `c`.`Color`, `c`.`CreatedAt`, `c`.`CreatedBy`, `c`.`DailyRate`, `c`.`Description`, `c`.`FuelType`, `c`.`HasAirConditioning`, `c`.`HasGPS`, `c`.`ImageUrl`, `c`.`LastMaintenanceDate`, `c`.`LicensePlate`, `c`.`Make`, `c`.`Mileage`, `c`.`Model`, `c`.`NextMaintenanceDate`, `c`.`SeatingCapacity`, `c`.`Status`, `c`.`Transmission`, `c`.`UpdatedAt`, `c`.`UpdatedBy`, `c`.`Year`, `u`.`Id`, `u`.`City`, `u`.`Country`, `u`.`CreatedAt`, `u`.`CreatedBy`, `u`.`DateOfBirth`, `u`.`DriversLicenseExpiry`, `u`.`DriversLicenseNumber`, `u`.`Email`, `u`.`FirstName`, `u`.`IsActive`, `u`.`LastLoginAt`, `u`.`LastName`, `u`.`PasswordHash`, `u`.`PhoneNumber`, `u`.`PostalCode`, `u`.`Role`, `u`.`State`, `u`.`Street`, `u`.`UpdatedAt`, `u`.`UpdatedBy`
FROM `Rentals` AS `r`
INNER JOIN `Cars` AS `c` ON `r`.`CarId` = `c`.`Id`
INNER JOIN `Users` AS `u` ON `r`.`CustomerId` = `u`.`Id`
WHERE `r`.`CustomerId` = @__customerId_0
ORDER BY `r`.`CreatedAt` DESC
2026-02-02 00:15:15.036 +05:30 [INF] Executing OkObjectResult, writing value of type 'CarRental.API.Controllers.ApiResponse`1[[System.Collections.Generic.IEnumerable`1[[CarRental.Application.DTOs.Rental.RentalDto, CarRental.Application, Version=1.0.0.0, Culture=neutral, PublicKeyToken=null]], System.Private.CoreLib, Version=8.0.0.0, Culture=neutral, PublicKeyToken=7cec85d7bea7798e]]'.
2026-02-02 00:15:15.037 +05:30 [INF] Executed action CarRental.API.Controllers.RentalsController.GetByCustomer (CarRental.API) in 5.2155ms
2026-02-02 00:15:15.037 +05:30 [INF] Executed endpoint 'CarRental.API.Controllers.RentalsController.GetByCustomer (CarRental.API)'
2026-02-02 00:15:15.037 +05:30 [INF] Request finished HTTP/1.1 GET http://localhost:5000/api/Rentals/customer/11111111-1111-1111-1111-111111111111 - 200 null application/json; charset=utf-8 6.8249ms
2026-02-02 00:15:17.970 +05:30 [INF] Request starting HTTP/1.1 GET http://localhost:5000/api/Rentals/customer/11111111-1111-1111-1111-111111111111 - null null
2026-02-02 00:15:17.971 +05:30 [INF] Executing endpoint 'CarRental.API.Controllers.RentalsController.GetByCustomer (CarRental.API)'
2026-02-02 00:15:17.971 +05:30 [INF] Route matched with {action = "GetByCustomer", controller = "Rentals"}. Executing controller action with signature System.Threading.Tasks.Task`1[Microsoft.AspNetCore.Mvc.IActionResult] GetByCustomer(System.Guid, System.Threading.CancellationToken) on controller CarRental.API.Controllers.RentalsController (CarRental.API).
2026-02-02 00:15:17.972 +05:30 [INF] Getting rentals for customer: "11111111-1111-1111-1111-111111111111"
2026-02-02 00:15:17.975 +05:30 [INF] Executed DbCommand (1ms) [Parameters=[@__customerId_0='?' (DbType = Guid)], CommandType='"Text"', CommandTimeout='30']
SELECT `r`.`Id`, `r`.`ActualReturnDate`, `r`.`CarId`, `r`.`CreatedAt`, `r`.`CreatedBy`, `r`.`CustomerId`, `r`.`DailyRate`, `r`.`DamageCharges`, `r`.`DepositAmount`, `r`.`DepositReturned`, `r`.`EndDate`, `r`.`LateFee`, `r`.`Notes`, `r`.`OdometerAtPickup`, `r`.`OdometerAtReturn`, `r`.`PickupLocation`, `r`.`ReturnLocation`, `r`.`StartDate`, `r`.`Status`, `r`.`TotalCost`, `r`.`UpdatedAt`, `r`.`UpdatedBy`, `c`.`Id`, `c`.`Category`, `c`.`Color`, `c`.`CreatedAt`, `c`.`CreatedBy`, `c`.`DailyRate`, `c`.`Description`, `c`.`FuelType`, `c`.`HasAirConditioning`, `c`.`HasGPS`, `c`.`ImageUrl`, `c`.`LastMaintenanceDate`, `c`.`LicensePlate`, `c`.`Make`, `c`.`Mileage`, `c`.`Model`, `c`.`NextMaintenanceDate`, `c`.`SeatingCapacity`, `c`.`Status`, `c`.`Transmission`, `c`.`UpdatedAt`, `c`.`UpdatedBy`, `c`.`Year`, `u`.`Id`, `u`.`City`, `u`.`Country`, `u`.`CreatedAt`, `u`.`CreatedBy`, `u`.`DateOfBirth`, `u`.`DriversLicenseExpiry`, `u`.`DriversLicenseNumber`, `u`.`Email`, `u`.`FirstName`, `u`.`IsActive`, `u`.`LastLoginAt`, `u`.`LastName`, `u`.`PasswordHash`, `u`.`PhoneNumber`, `u`.`PostalCode`, `u`.`Role`, `u`.`State`, `u`.`Street`, `u`.`UpdatedAt`, `u`.`UpdatedBy`
FROM `Rentals` AS `r`
INNER JOIN `Cars` AS `c` ON `r`.`CarId` = `c`.`Id`
INNER JOIN `Users` AS `u` ON `r`.`CustomerId` = `u`.`Id`
WHERE `r`.`CustomerId` = @__customerId_0
ORDER BY `r`.`CreatedAt` DESC
2026-02-02 00:15:17.975 +05:30 [INF] Executing OkObjectResult, writing value of type 'CarRental.API.Controllers.ApiResponse`1[[System.Collections.Generic.IEnumerable`1[[CarRental.Application.DTOs.Rental.RentalDto, CarRental.Application, Version=1.0.0.0, Culture=neutral, PublicKeyToken=null]], System.Private.CoreLib, Version=8.0.0.0, Culture=neutral, PublicKeyToken=7cec85d7bea7798e]]'.
2026-02-02 00:15:17.975 +05:30 [INF] Executed action CarRental.API.Controllers.RentalsController.GetByCustomer (CarRental.API) in 3.8212ms
2026-02-02 00:15:17.975 +05:30 [INF] Executed endpoint 'CarRental.API.Controllers.RentalsController.GetByCustomer (CarRental.API)'
2026-02-02 00:15:17.975 +05:30 [INF] Request finished HTTP/1.1 GET http://localhost:5000/api/Rentals/customer/11111111-1111-1111-1111-111111111111 - 200 null application/json; charset=utf-8 4.8927ms
2026-02-02 00:15:17.978 +05:30 [INF] Request starting HTTP/1.1 GET http://localhost:5000/api/Rentals/customer/11111111-1111-1111-1111-111111111111 - null null
2026-02-02 00:15:17.979 +05:30 [INF] Executing endpoint 'CarRental.API.Controllers.RentalsController.GetByCustomer (CarRental.API)'
2026-02-02 00:15:17.979 +05:30 [INF] Route matched with {action = "GetByCustomer", controller = "Rentals"}. Executing controller action with signature System.Threading.Tasks.Task`1[Microsoft.AspNetCore.Mvc.IActionResult] GetByCustomer(System.Guid, System.Threading.CancellationToken) on controller CarRental.API.Controllers.RentalsController (CarRental.API).
2026-02-02 00:15:17.980 +05:30 [INF] Getting rentals for customer: "11111111-1111-1111-1111-111111111111"
2026-02-02 00:15:17.983 +05:30 [INF] Executed DbCommand (1ms) [Parameters=[@__customerId_0='?' (DbType = Guid)], CommandType='"Text"', CommandTimeout='30']
SELECT `r`.`Id`, `r`.`ActualReturnDate`, `r`.`CarId`, `r`.`CreatedAt`, `r`.`CreatedBy`, `r`.`CustomerId`, `r`.`DailyRate`, `r`.`DamageCharges`, `r`.`DepositAmount`, `r`.`DepositReturned`, `r`.`EndDate`, `r`.`LateFee`, `r`.`Notes`, `r`.`OdometerAtPickup`, `r`.`OdometerAtReturn`, `r`.`PickupLocation`, `r`.`ReturnLocation`, `r`.`StartDate`, `r`.`Status`, `r`.`TotalCost`, `r`.`UpdatedAt`, `r`.`UpdatedBy`, `c`.`Id`, `c`.`Category`, `c`.`Color`, `c`.`CreatedAt`, `c`.`CreatedBy`, `c`.`DailyRate`, `c`.`Description`, `c`.`FuelType`, `c`.`HasAirConditioning`, `c`.`HasGPS`, `c`.`ImageUrl`, `c`.`LastMaintenanceDate`, `c`.`LicensePlate`, `c`.`Make`, `c`.`Mileage`, `c`.`Model`, `c`.`NextMaintenanceDate`, `c`.`SeatingCapacity`, `c`.`Status`, `c`.`Transmission`, `c`.`UpdatedAt`, `c`.`UpdatedBy`, `c`.`Year`, `u`.`Id`, `u`.`City`, `u`.`Country`, `u`.`CreatedAt`, `u`.`CreatedBy`, `u`.`DateOfBirth`, `u`.`DriversLicenseExpiry`, `u`.`DriversLicenseNumber`, `u`.`Email`, `u`.`FirstName`, `u`.`IsActive`, `u`.`LastLoginAt`, `u`.`LastName`, `u`.`PasswordHash`, `u`.`PhoneNumber`, `u`.`PostalCode`, `u`.`Role`, `u`.`State`, `u`.`Street`, `u`.`UpdatedAt`, `u`.`UpdatedBy`
FROM `Rentals` AS `r`
INNER JOIN `Cars` AS `c` ON `r`.`CarId` = `c`.`Id`
INNER JOIN `Users` AS `u` ON `r`.`CustomerId` = `u`.`Id`
WHERE `r`.`CustomerId` = @__customerId_0
ORDER BY `r`.`CreatedAt` DESC
2026-02-02 00:15:17.984 +05:30 [INF] Executing OkObjectResult, writing value of type 'CarRental.API.Controllers.ApiResponse`1[[System.Collections.Generic.IEnumerable`1[[CarRental.Application.DTOs.Rental.RentalDto, CarRental.Application, Version=1.0.0.0, Culture=neutral, PublicKeyToken=null]], System.Private.CoreLib, Version=8.0.0.0, Culture=neutral, PublicKeyToken=7cec85d7bea7798e]]'.
2026-02-02 00:15:17.984 +05:30 [INF] Executed action CarRental.API.Controllers.RentalsController.GetByCustomer (CarRental.API) in 4.9085ms
2026-02-02 00:15:17.984 +05:30 [INF] Executed endpoint 'CarRental.API.Controllers.RentalsController.GetByCustomer (CarRental.API)'
2026-02-02 00:15:17.984 +05:30 [INF] Request finished HTTP/1.1 GET http://localhost:5000/api/Rentals/customer/11111111-1111-1111-1111-111111111111 - 200 null application/json; charset=utf-8 6.0763ms
2026-02-02 00:15:36.334 +05:30 [INF] Request starting HTTP/1.1 POST http://localhost:5000/api/Auth/login - application/json 58
2026-02-02 00:15:36.336 +05:30 [INF] CORS policy execution successful.
2026-02-02 00:15:36.336 +05:30 [INF] Executing endpoint 'CarRental.API.Controllers.AuthController.Login (CarRental.API)'
2026-02-02 00:15:36.336 +05:30 [INF] Route matched with {action = "Login", controller = "Auth"}. Executing controller action with signature System.Threading.Tasks.Task`1[Microsoft.AspNetCore.Mvc.IActionResult] Login(CarRental.Application.DTOs.Auth.LoginRequest, System.Threading.CancellationToken) on controller CarRental.API.Controllers.AuthController (CarRental.API).
2026-02-02 00:15:36.339 +05:30 [INF] Login attempt for email: customer@example.com
2026-02-02 00:15:36.341 +05:30 [INF] Executed DbCommand (1ms) [Parameters=[@__ToLower_0='?' (Size = 255)], CommandType='"Text"', CommandTimeout='30']
SELECT `u`.`Id`, `u`.`City`, `u`.`Country`, `u`.`CreatedAt`, `u`.`CreatedBy`, `u`.`DateOfBirth`, `u`.`DriversLicenseExpiry`, `u`.`DriversLicenseNumber`, `u`.`Email`, `u`.`FirstName`, `u`.`IsActive`, `u`.`LastLoginAt`, `u`.`LastName`, `u`.`PasswordHash`, `u`.`PhoneNumber`, `u`.`PostalCode`, `u`.`Role`, `u`.`State`, `u`.`Street`, `u`.`UpdatedAt`, `u`.`UpdatedBy`
FROM `Users` AS `u`
WHERE LOWER(`u`.`Email`) = @__ToLower_0
LIMIT 1
2026-02-02 00:15:36.472 +05:30 [INF] Executed DbCommand (2ms) [Parameters=[@p20='?' (DbType = Guid), @p0='?' (Size = 4000), @p1='?' (Size = 4000), @p2='?' (DbType = DateTime), @p3='?' (Size = 4000), @p4='?' (DbType = DateTime), @p5='?' (DbType = DateTime), @p6='?' (Size = 4000), @p7='?' (Size = 255), @p8='?' (Size = 50), @p9='?' (DbType = Boolean), @p10='?' (DbType = DateTime), @p11='?' (Size = 50), @p12='?' (Size = 4000), @p13='?' (Size = 20), @p14='?' (Size = 4000), @p15='?' (DbType = Int32), @p16='?' (Size = 4000), @p17='?' (Size = 4000), @p18='?' (DbType = DateTime), @p19='?' (Size = 4000)], CommandType='"Text"', CommandTimeout='30']
SET AUTOCOMMIT = 1;
UPDATE `Users` SET `City` = @p0, `Country` = @p1, `CreatedAt` = @p2, `CreatedBy` = @p3, `DateOfBirth` = @p4, `DriversLicenseExpiry` = @p5, `DriversLicenseNumber` = @p6, `Email` = @p7, `FirstName` = @p8, `IsActive` = @p9, `LastLoginAt` = @p10, `LastName` = @p11, `PasswordHash` = @p12, `PhoneNumber` = @p13, `PostalCode` = @p14, `Role` = @p15, `State` = @p16, `Street` = @p17, `UpdatedAt` = @p18, `UpdatedBy` = @p19
WHERE `Id` = @p20;
SELECT ROW_COUNT();
2026-02-02 00:15:36.472 +05:30 [INF] Executing OkObjectResult, writing value of type 'CarRental.API.Controllers.ApiResponse`1[[CarRental.Application.DTOs.Auth.AuthResponse, CarRental.Application, Version=1.0.0.0, Culture=neutral, PublicKeyToken=null]]'.
2026-02-02 00:15:36.472 +05:30 [INF] Executed action CarRental.API.Controllers.AuthController.Login (CarRental.API) in 135.8559ms
2026-02-02 00:15:36.472 +05:30 [INF] Executed endpoint 'CarRental.API.Controllers.AuthController.Login (CarRental.API)'
2026-02-02 00:15:36.473 +05:30 [INF] Request finished HTTP/1.1 POST http://localhost:5000/api/Auth/login - 200 null application/json; charset=utf-8 138.3596ms
2026-02-02 00:15:36.499 +05:30 [INF] Request starting HTTP/1.1 GET http://localhost:5000/api/Rentals/customer/22222222-2222-2222-2222-222222222222 - null null
2026-02-02 00:15:36.500 +05:30 [INF] Executing endpoint 'CarRental.API.Controllers.RentalsController.GetByCustomer (CarRental.API)'
2026-02-02 00:15:36.500 +05:30 [INF] Route matched with {action = "GetByCustomer", controller = "Rentals"}. Executing controller action with signature System.Threading.Tasks.Task`1[Microsoft.AspNetCore.Mvc.IActionResult] GetByCustomer(System.Guid, System.Threading.CancellationToken) on controller CarRental.API.Controllers.RentalsController (CarRental.API).
2026-02-02 00:15:36.500 +05:30 [INF] Getting rentals for customer: "22222222-2222-2222-2222-222222222222"
2026-02-02 00:15:36.502 +05:30 [INF] Executed DbCommand (1ms) [Parameters=[@__customerId_0='?' (DbType = Guid)], CommandType='"Text"', CommandTimeout='30']
SELECT `r`.`Id`, `r`.`ActualReturnDate`, `r`.`CarId`, `r`.`CreatedAt`, `r`.`CreatedBy`, `r`.`CustomerId`, `r`.`DailyRate`, `r`.`DamageCharges`, `r`.`DepositAmount`, `r`.`DepositReturned`, `r`.`EndDate`, `r`.`LateFee`, `r`.`Notes`, `r`.`OdometerAtPickup`, `r`.`OdometerAtReturn`, `r`.`PickupLocation`, `r`.`ReturnLocation`, `r`.`StartDate`, `r`.`Status`, `r`.`TotalCost`, `r`.`UpdatedAt`, `r`.`UpdatedBy`, `c`.`Id`, `c`.`Category`, `c`.`Color`, `c`.`CreatedAt`, `c`.`CreatedBy`, `c`.`DailyRate`, `c`.`Description`, `c`.`FuelType`, `c`.`HasAirConditioning`, `c`.`HasGPS`, `c`.`ImageUrl`, `c`.`LastMaintenanceDate`, `c`.`LicensePlate`, `c`.`Make`, `c`.`Mileage`, `c`.`Model`, `c`.`NextMaintenanceDate`, `c`.`SeatingCapacity`, `c`.`Status`, `c`.`Transmission`, `c`.`UpdatedAt`, `c`.`UpdatedBy`, `c`.`Year`, `u`.`Id`, `u`.`City`, `u`.`Country`, `u`.`CreatedAt`, `u`.`CreatedBy`, `u`.`DateOfBirth`, `u`.`DriversLicenseExpiry`, `u`.`DriversLicenseNumber`, `u`.`Email`, `u`.`FirstName`, `u`.`IsActive`, `u`.`LastLoginAt`, `u`.`LastName`, `u`.`PasswordHash`, `u`.`PhoneNumber`, `u`.`PostalCode`, `u`.`Role`, `u`.`State`, `u`.`Street`, `u`.`UpdatedAt`, `u`.`UpdatedBy`
FROM `Rentals` AS `r`
INNER JOIN `Cars` AS `c` ON `r`.`CarId` = `c`.`Id`
INNER JOIN `Users` AS `u` ON `r`.`CustomerId` = `u`.`Id`
WHERE `r`.`CustomerId` = @__customerId_0
ORDER BY `r`.`CreatedAt` DESC
2026-02-02 00:15:36.502 +05:30 [INF] Executing OkObjectResult, writing value of type 'CarRental.API.Controllers.ApiResponse`1[[System.Collections.Generic.IEnumerable`1[[CarRental.Application.DTOs.Rental.RentalDto, CarRental.Application, Version=1.0.0.0, Culture=neutral, PublicKeyToken=null]], System.Private.CoreLib, Version=8.0.0.0, Culture=neutral, PublicKeyToken=7cec85d7bea7798e]]'.
2026-02-02 00:15:36.502 +05:30 [INF] Executed action CarRental.API.Controllers.RentalsController.GetByCustomer (CarRental.API) in 2.1093ms
2026-02-02 00:15:36.502 +05:30 [INF] Executed endpoint 'CarRental.API.Controllers.RentalsController.GetByCustomer (CarRental.API)'
2026-02-02 00:15:36.502 +05:30 [INF] Request finished HTTP/1.1 GET http://localhost:5000/api/Rentals/customer/22222222-2222-2222-2222-222222222222 - 200 null application/json; charset=utf-8 3.262ms
2026-02-02 00:15:36.503 +05:30 [INF] Request starting HTTP/1.1 GET http://localhost:5000/api/Rentals/customer/22222222-2222-2222-2222-222222222222 - null null
2026-02-02 00:15:36.504 +05:30 [INF] Executing endpoint 'CarRental.API.Controllers.RentalsController.GetByCustomer (CarRental.API)'
2026-02-02 00:15:36.504 +05:30 [INF] Route matched with {action = "GetByCustomer", controller = "Rentals"}. Executing controller action with signature System.Threading.Tasks.Task`1[Microsoft.AspNetCore.Mvc.IActionResult] GetByCustomer(System.Guid, System.Threading.CancellationToken) on controller CarRental.API.Controllers.RentalsController (CarRental.API).
2026-02-02 00:15:36.504 +05:30 [INF] Getting rentals for customer: "22222222-2222-2222-2222-222222222222"
2026-02-02 00:15:36.510 +05:30 [INF] Executed DbCommand (5ms) [Parameters=[@__customerId_0='?' (DbType = Guid)], CommandType='"Text"', CommandTimeout='30']
SELECT `r`.`Id`, `r`.`ActualReturnDate`, `r`.`CarId`, `r`.`CreatedAt`, `r`.`CreatedBy`, `r`.`CustomerId`, `r`.`DailyRate`, `r`.`DamageCharges`, `r`.`DepositAmount`, `r`.`DepositReturned`, `r`.`EndDate`, `r`.`LateFee`, `r`.`Notes`, `r`.`OdometerAtPickup`, `r`.`OdometerAtReturn`, `r`.`PickupLocation`, `r`.`ReturnLocation`, `r`.`StartDate`, `r`.`Status`, `r`.`TotalCost`, `r`.`UpdatedAt`, `r`.`UpdatedBy`, `c`.`Id`, `c`.`Category`, `c`.`Color`, `c`.`CreatedAt`, `c`.`CreatedBy`, `c`.`DailyRate`, `c`.`Description`, `c`.`FuelType`, `c`.`HasAirConditioning`, `c`.`HasGPS`, `c`.`ImageUrl`, `c`.`LastMaintenanceDate`, `c`.`LicensePlate`, `c`.`Make`, `c`.`Mileage`, `c`.`Model`, `c`.`NextMaintenanceDate`, `c`.`SeatingCapacity`, `c`.`Status`, `c`.`Transmission`, `c`.`UpdatedAt`, `c`.`UpdatedBy`, `c`.`Year`, `u`.`Id`, `u`.`City`, `u`.`Country`, `u`.`CreatedAt`, `u`.`CreatedBy`, `u`.`DateOfBirth`, `u`.`DriversLicenseExpiry`, `u`.`DriversLicenseNumber`, `u`.`Email`, `u`.`FirstName`, `u`.`IsActive`, `u`.`LastLoginAt`, `u`.`LastName`, `u`.`PasswordHash`, `u`.`PhoneNumber`, `u`.`PostalCode`, `u`.`Role`, `u`.`State`, `u`.`Street`, `u`.`UpdatedAt`, `u`.`UpdatedBy`
FROM `Rentals` AS `r`
INNER JOIN `Cars` AS `c` ON `r`.`CarId` = `c`.`Id`
INNER JOIN `Users` AS `u` ON `r`.`CustomerId` = `u`.`Id`
WHERE `r`.`CustomerId` = @__customerId_0
ORDER BY `r`.`CreatedAt` DESC
2026-02-02 00:15:36.511 +05:30 [INF] Executing OkObjectResult, writing value of type 'CarRental.API.Controllers.ApiResponse`1[[System.Collections.Generic.IEnumerable`1[[CarRental.Application.DTOs.Rental.RentalDto, CarRental.Application, Version=1.0.0.0, Culture=neutral, PublicKeyToken=null]], System.Private.CoreLib, Version=8.0.0.0, Culture=neutral, PublicKeyToken=7cec85d7bea7798e]]'.
2026-02-02 00:15:36.511 +05:30 [INF] Executed action CarRental.API.Controllers.RentalsController.GetByCustomer (CarRental.API) in 7.4569ms
2026-02-02 00:15:36.511 +05:30 [INF] Executed endpoint 'CarRental.API.Controllers.RentalsController.GetByCustomer (CarRental.API)'
2026-02-02 00:15:36.511 +05:30 [INF] Request finished HTTP/1.1 GET http://localhost:5000/api/Rentals/customer/22222222-2222-2222-2222-222222222222 - 200 null application/json; charset=utf-8 7.9378ms
2026-02-02 00:15:44.435 +05:30 [INF] Request starting HTTP/1.1 GET http://localhost:5000/api/Cars - null null
2026-02-02 00:15:44.436 +05:30 [INF] Executing endpoint 'CarRental.API.Controllers.CarsController.GetAll (CarRental.API)'
2026-02-02 00:15:44.436 +05:30 [INF] Route matched with {action = "GetAll", controller = "Cars"}. Executing controller action with signature System.Threading.Tasks.Task`1[Microsoft.AspNetCore.Mvc.IActionResult] GetAll(System.Threading.CancellationToken) on controller CarRental.API.Controllers.CarsController (CarRental.API).
2026-02-02 00:15:44.436 +05:30 [INF] Getting all cars
2026-02-02 00:15:44.438 +05:30 [INF] Executed DbCommand (0ms) [Parameters=[], CommandType='"Text"', CommandTimeout='30']
SELECT `c`.`Id`, `c`.`Category`, `c`.`Color`, `c`.`CreatedAt`, `c`.`CreatedBy`, `c`.`DailyRate`, `c`.`Description`, `c`.`FuelType`, `c`.`HasAirConditioning`, `c`.`HasGPS`, `c`.`ImageUrl`, `c`.`LastMaintenanceDate`, `c`.`LicensePlate`, `c`.`Make`, `c`.`Mileage`, `c`.`Model`, `c`.`NextMaintenanceDate`, `c`.`SeatingCapacity`, `c`.`Status`, `c`.`Transmission`, `c`.`UpdatedAt`, `c`.`UpdatedBy`, `c`.`Year`
FROM `Cars` AS `c`
2026-02-02 00:15:44.438 +05:30 [INF] Executing OkObjectResult, writing value of type 'CarRental.API.Controllers.ApiResponse`1[[System.Collections.Generic.IEnumerable`1[[CarRental.Application.DTOs.Car.CarDto, CarRental.Application, Version=1.0.0.0, Culture=neutral, PublicKeyToken=null]], System.Private.CoreLib, Version=8.0.0.0, Culture=neutral, PublicKeyToken=7cec85d7bea7798e]]'.
2026-02-02 00:15:44.439 +05:30 [INF] Executed action CarRental.API.Controllers.CarsController.GetAll (CarRental.API) in 2.9682ms
2026-02-02 00:15:44.439 +05:30 [INF] Executed endpoint 'CarRental.API.Controllers.CarsController.GetAll (CarRental.API)'
2026-02-02 00:15:44.439 +05:30 [INF] Request finished HTTP/1.1 GET http://localhost:5000/api/Cars - 200 null application/json; charset=utf-8 4.0295ms
2026-02-02 00:15:44.441 +05:30 [INF] Request starting HTTP/1.1 GET http://localhost:5000/api/Cars - null null
2026-02-02 00:15:44.442 +05:30 [INF] Executing endpoint 'CarRental.API.Controllers.CarsController.GetAll (CarRental.API)'
2026-02-02 00:15:44.442 +05:30 [INF] Route matched with {action = "GetAll", controller = "Cars"}. Executing controller action with signature System.Threading.Tasks.Task`1[Microsoft.AspNetCore.Mvc.IActionResult] GetAll(System.Threading.CancellationToken) on controller CarRental.API.Controllers.CarsController (CarRental.API).
2026-02-02 00:15:44.443 +05:30 [INF] Getting all cars
2026-02-02 00:15:44.444 +05:30 [INF] Executed DbCommand (0ms) [Parameters=[], CommandType='"Text"', CommandTimeout='30']
SELECT `c`.`Id`, `c`.`Category`, `c`.`Color`, `c`.`CreatedAt`, `c`.`CreatedBy`, `c`.`DailyRate`, `c`.`Description`, `c`.`FuelType`, `c`.`HasAirConditioning`, `c`.`HasGPS`, `c`.`ImageUrl`, `c`.`LastMaintenanceDate`, `c`.`LicensePlate`, `c`.`Make`, `c`.`Mileage`, `c`.`Model`, `c`.`NextMaintenanceDate`, `c`.`SeatingCapacity`, `c`.`Status`, `c`.`Transmission`, `c`.`UpdatedAt`, `c`.`UpdatedBy`, `c`.`Year`
FROM `Cars` AS `c`
2026-02-02 00:15:44.444 +05:30 [INF] Executing OkObjectResult, writing value of type 'CarRental.API.Controllers.ApiResponse`1[[System.Collections.Generic.IEnumerable`1[[CarRental.Application.DTOs.Car.CarDto, CarRental.Application, Version=1.0.0.0, Culture=neutral, PublicKeyToken=null]], System.Private.CoreLib, Version=8.0.0.0, Culture=neutral, PublicKeyToken=7cec85d7bea7798e]]'.
2026-02-02 00:15:44.445 +05:30 [INF] Executed action CarRental.API.Controllers.CarsController.GetAll (CarRental.API) in 2.6474ms
2026-02-02 00:15:44.445 +05:30 [INF] Executed endpoint 'CarRental.API.Controllers.CarsController.GetAll (CarRental.API)'
2026-02-02 00:15:44.445 +05:30 [INF] Request finished HTTP/1.1 GET http://localhost:5000/api/Cars - 200 null application/json; charset=utf-8 3.84ms
2026-02-02 00:15:51.887 +05:30 [INF] Request starting HTTP/1.1 GET http://localhost:5000/api/Cars/7fadb81e-cbac-4890-98ad-42b8a3477a91 - null null
2026-02-02 00:15:51.888 +05:30 [INF] Executing endpoint 'CarRental.API.Controllers.CarsController.GetById (CarRental.API)'
2026-02-02 00:15:51.888 +05:30 [INF] Route matched with {action = "GetById", controller = "Cars"}. Executing controller action with signature System.Threading.Tasks.Task`1[Microsoft.AspNetCore.Mvc.IActionResult] GetById(System.Guid, System.Threading.CancellationToken) on controller CarRental.API.Controllers.CarsController (CarRental.API).
2026-02-02 00:15:51.889 +05:30 [INF] Getting car with ID: "7fadb81e-cbac-4890-98ad-42b8a3477a91"
2026-02-02 00:15:51.891 +05:30 [INF] Executed DbCommand (0ms) [Parameters=[@__get_Item_0='?' (DbType = Guid)], CommandType='"Text"', CommandTimeout='30']
SELECT `c`.`Id`, `c`.`Category`, `c`.`Color`, `c`.`CreatedAt`, `c`.`CreatedBy`, `c`.`DailyRate`, `c`.`Description`, `c`.`FuelType`, `c`.`HasAirConditioning`, `c`.`HasGPS`, `c`.`ImageUrl`, `c`.`LastMaintenanceDate`, `c`.`LicensePlate`, `c`.`Make`, `c`.`Mileage`, `c`.`Model`, `c`.`NextMaintenanceDate`, `c`.`SeatingCapacity`, `c`.`Status`, `c`.`Transmission`, `c`.`UpdatedAt`, `c`.`UpdatedBy`, `c`.`Year`
FROM `Cars` AS `c`
WHERE `c`.`Id` = @__get_Item_0
LIMIT 1
2026-02-02 00:15:51.891 +05:30 [INF] Executing OkObjectResult, writing value of type 'CarRental.API.Controllers.ApiResponse`1[[CarRental.Application.DTOs.Car.CarDto, CarRental.Application, Version=1.0.0.0, Culture=neutral, PublicKeyToken=null]]'.
2026-02-02 00:15:51.892 +05:30 [INF] Executed action CarRental.API.Controllers.CarsController.GetById (CarRental.API) in 3.6185ms
2026-02-02 00:15:51.892 +05:30 [INF] Executed endpoint 'CarRental.API.Controllers.CarsController.GetById (CarRental.API)'
2026-02-02 00:15:51.892 +05:30 [INF] Request finished HTTP/1.1 GET http://localhost:5000/api/Cars/7fadb81e-cbac-4890-98ad-42b8a3477a91 - 200 null application/json; charset=utf-8 4.8184ms
2026-02-02 00:15:51.896 +05:30 [INF] Request starting HTTP/1.1 GET http://localhost:5000/api/Cars/7fadb81e-cbac-4890-98ad-42b8a3477a91 - null null
2026-02-02 00:15:51.897 +05:30 [INF] Executing endpoint 'CarRental.API.Controllers.CarsController.GetById (CarRental.API)'
2026-02-02 00:15:51.897 +05:30 [INF] Route matched with {action = "GetById", controller = "Cars"}. Executing controller action with signature System.Threading.Tasks.Task`1[Microsoft.AspNetCore.Mvc.IActionResult] GetById(System.Guid, System.Threading.CancellationToken) on controller CarRental.API.Controllers.CarsController (CarRental.API).
2026-02-02 00:15:51.898 +05:30 [INF] Getting car with ID: "7fadb81e-cbac-4890-98ad-42b8a3477a91"
2026-02-02 00:15:51.900 +05:30 [INF] Executed DbCommand (0ms) [Parameters=[@__get_Item_0='?' (DbType = Guid)], CommandType='"Text"', CommandTimeout='30']
SELECT `c`.`Id`, `c`.`Category`, `c`.`Color`, `c`.`CreatedAt`, `c`.`CreatedBy`, `c`.`DailyRate`, `c`.`Description`, `c`.`FuelType`, `c`.`HasAirConditioning`, `c`.`HasGPS`, `c`.`ImageUrl`, `c`.`LastMaintenanceDate`, `c`.`LicensePlate`, `c`.`Make`, `c`.`Mileage`, `c`.`Model`, `c`.`NextMaintenanceDate`, `c`.`SeatingCapacity`, `c`.`Status`, `c`.`Transmission`, `c`.`UpdatedAt`, `c`.`UpdatedBy`, `c`.`Year`
FROM `Cars` AS `c`
WHERE `c`.`Id` = @__get_Item_0
LIMIT 1
2026-02-02 00:15:51.900 +05:30 [INF] Executing OkObjectResult, writing value of type 'CarRental.API.Controllers.ApiResponse`1[[CarRental.Application.DTOs.Car.CarDto, CarRental.Application, Version=1.0.0.0, Culture=neutral, PublicKeyToken=null]]'.
2026-02-02 00:15:51.900 +05:30 [INF] Executed action CarRental.API.Controllers.CarsController.GetById (CarRental.API) in 3.5222ms
2026-02-02 00:15:51.900 +05:30 [INF] Executed endpoint 'CarRental.API.Controllers.CarsController.GetById (CarRental.API)'
2026-02-02 00:15:51.901 +05:30 [INF] Request finished HTTP/1.1 GET http://localhost:5000/api/Cars/7fadb81e-cbac-4890-98ad-42b8a3477a91 - 200 null application/json; charset=utf-8 5.0012ms
2026-02-02 00:16:14.140 +05:30 [INF] Request starting HTTP/1.1 POST http://localhost:5000/api/Rentals - application/json 238
2026-02-02 00:16:14.140 +05:30 [INF] CORS policy execution successful.
2026-02-02 00:16:14.141 +05:30 [INF] Executing endpoint 'CarRental.API.Controllers.RentalsController.Create (CarRental.API)'
2026-02-02 00:16:14.144 +05:30 [INF] Route matched with {action = "Create", controller = "Rentals"}. Executing controller action with signature System.Threading.Tasks.Task`1[Microsoft.AspNetCore.Mvc.IActionResult] Create(CarRental.Application.DTOs.Rental.CreateRentalRequest, System.Threading.CancellationToken) on controller CarRental.API.Controllers.RentalsController (CarRental.API).
2026-02-02 00:16:14.161 +05:30 [INF] Creating new rental for car: "7fadb81e-cbac-4890-98ad-42b8a3477a91"
2026-02-02 00:16:14.163 +05:30 [INF] Executed DbCommand (0ms) [Parameters=[@__get_Item_0='?' (DbType = Guid)], CommandType='"Text"', CommandTimeout='30']
SELECT `c`.`Id`, `c`.`Category`, `c`.`Color`, `c`.`CreatedAt`, `c`.`CreatedBy`, `c`.`DailyRate`, `c`.`Description`, `c`.`FuelType`, `c`.`HasAirConditioning`, `c`.`HasGPS`, `c`.`ImageUrl`, `c`.`LastMaintenanceDate`, `c`.`LicensePlate`, `c`.`Make`, `c`.`Mileage`, `c`.`Model`, `c`.`NextMaintenanceDate`, `c`.`SeatingCapacity`, `c`.`Status`, `c`.`Transmission`, `c`.`UpdatedAt`, `c`.`UpdatedBy`, `c`.`Year`
FROM `Cars` AS `c`
WHERE `c`.`Id` = @__get_Item_0
LIMIT 1
2026-02-02 00:16:14.168 +05:30 [INF] Executed DbCommand (0ms) [Parameters=[@__get_Item_0='?' (DbType = Guid)], CommandType='"Text"', CommandTimeout='30']
SELECT `u`.`Id`, `u`.`City`, `u`.`Country`, `u`.`CreatedAt`, `u`.`CreatedBy`, `u`.`DateOfBirth`, `u`.`DriversLicenseExpiry`, `u`.`DriversLicenseNumber`, `u`.`Email`, `u`.`FirstName`, `u`.`IsActive`, `u`.`LastLoginAt`, `u`.`LastName`, `u`.`PasswordHash`, `u`.`PhoneNumber`, `u`.`PostalCode`, `u`.`Role`, `u`.`State`, `u`.`Street`, `u`.`UpdatedAt`, `u`.`UpdatedBy`
FROM `Users` AS `u`
WHERE `u`.`Id` = @__get_Item_0
LIMIT 1
2026-02-02 00:16:14.183 +05:30 [INF] Executed DbCommand (1ms) [Parameters=[@__carId_0='?' (DbType = Guid), @__endDate_1='?' (DbType = DateTime), @__startDate_2='?' (DbType = DateTime)], CommandType='"Text"', CommandTimeout='30']
SELECT EXISTS (
    SELECT 1
    FROM `Rentals` AS `r`
    WHERE ((`r`.`CarId` = @__carId_0) AND `r`.`Status` NOT IN (4, 3)) AND ((`r`.`StartDate` <= @__endDate_1) AND (`r`.`EndDate` >= @__startDate_2)))
2026-02-02 00:16:14.192 +05:30 [INF] Executed DbCommand (1ms) [Parameters=[@p22='?' (DbType = Guid), @p0='?' (DbType = Int32), @p1='?' (Size = 30), @p2='?' (DbType = DateTime), @p3='?' (Size = 4000), @p4='?' (DbType = Decimal), @p5='?' (Size = 4000), @p6='?' (Size = 30), @p7='?' (DbType = Boolean), @p8='?' (DbType = Boolean), @p9='?' (Size = 4000), @p10='?' (DbType = DateTime), @p11='?' (Size = 20), @p12='?' (Size = 50), @p13='?' (DbType = Int32), @p14='?' (Size = 50), @p15='?' (DbType = DateTime), @p16='?' (DbType = Int32), @p17='?' (DbType = Int32), @p18='?' (Size = 30), @p19='?' (DbType = DateTime), @p20='?' (Size = 4000), @p21='?' (DbType = Int32), @p23='?' (DbType = Guid), @p24='?' (DbType = DateTime), @p25='?' (DbType = Guid), @p26='?' (DbType = DateTime), @p27='?' (Size = 4000), @p28='?' (DbType = Guid), @p29='?' (DbType = Decimal), @p30='?', @p31='?' (DbType = Decimal), @p32='?' (DbType = Boolean), @p33='?' (DbType = DateTime), @p34='?', @p35='?' (Size = 4000), @p36='?' (DbType = Int32), @p37='?' (DbType = Int32), @p38='?' (Size = 500), @p39='?' (Size = 500), @p40='?' (DbType = DateTime), @p41='?' (DbType = Int32), @p42='?' (DbType = Decimal), @p43='?' (DbType = DateTime), @p44='?' (Size = 4000)], CommandType='"Text"', CommandTimeout='30']
UPDATE `Cars` SET `Category` = @p0, `Color` = @p1, `CreatedAt` = @p2, `CreatedBy` = @p3, `DailyRate` = @p4, `Description` = @p5, `FuelType` = @p6, `HasAirConditioning` = @p7, `HasGPS` = @p8, `ImageUrl` = @p9, `LastMaintenanceDate` = @p10, `LicensePlate` = @p11, `Make` = @p12, `Mileage` = @p13, `Model` = @p14, `NextMaintenanceDate` = @p15, `SeatingCapacity` = @p16, `Status` = @p17, `Transmission` = @p18, `UpdatedAt` = @p19, `UpdatedBy` = @p20, `Year` = @p21
WHERE `Id` = @p22;
SELECT ROW_COUNT();

INSERT INTO `Rentals` (`Id`, `ActualReturnDate`, `CarId`, `CreatedAt`, `CreatedBy`, `CustomerId`, `DailyRate`, `DamageCharges`, `DepositAmount`, `DepositReturned`, `EndDate`, `LateFee`, `Notes`, `OdometerAtPickup`, `OdometerAtReturn`, `PickupLocation`, `ReturnLocation`, `StartDate`, `Status`, `TotalCost`, `UpdatedAt`, `UpdatedBy`)
VALUES (@p23, @p24, @p25, @p26, @p27, @p28, @p29, @p30, @p31, @p32, @p33, @p34, @p35, @p36, @p37, @p38, @p39, @p40, @p41, @p42, @p43, @p44);
2026-02-02 00:16:14.196 +05:30 [INF] Executing OkObjectResult, writing value of type 'CarRental.API.Controllers.ApiResponse`1[[CarRental.Application.DTOs.Rental.RentalDto, CarRental.Application, Version=1.0.0.0, Culture=neutral, PublicKeyToken=null]]'.
2026-02-02 00:16:14.196 +05:30 [INF] Executed action CarRental.API.Controllers.RentalsController.Create (CarRental.API) in 51.8165ms
2026-02-02 00:16:14.196 +05:30 [INF] Executed endpoint 'CarRental.API.Controllers.RentalsController.Create (CarRental.API)'
2026-02-02 00:16:14.197 +05:30 [INF] Request finished HTTP/1.1 POST http://localhost:5000/api/Rentals - 200 null application/json; charset=utf-8 56.6045ms
2026-02-02 00:16:17.025 +05:30 [INF] Request starting HTTP/1.1 GET http://localhost:5000/api/Rentals/customer/22222222-2222-2222-2222-222222222222 - null null
2026-02-02 00:16:17.025 +05:30 [INF] Executing endpoint 'CarRental.API.Controllers.RentalsController.GetByCustomer (CarRental.API)'
2026-02-02 00:16:17.026 +05:30 [INF] Route matched with {action = "GetByCustomer", controller = "Rentals"}. Executing controller action with signature System.Threading.Tasks.Task`1[Microsoft.AspNetCore.Mvc.IActionResult] GetByCustomer(System.Guid, System.Threading.CancellationToken) on controller CarRental.API.Controllers.RentalsController (CarRental.API).
2026-02-02 00:16:17.026 +05:30 [INF] Getting rentals for customer: "22222222-2222-2222-2222-222222222222"
2026-02-02 00:16:17.029 +05:30 [INF] Executed DbCommand (1ms) [Parameters=[@__customerId_0='?' (DbType = Guid)], CommandType='"Text"', CommandTimeout='30']
SELECT `r`.`Id`, `r`.`ActualReturnDate`, `r`.`CarId`, `r`.`CreatedAt`, `r`.`CreatedBy`, `r`.`CustomerId`, `r`.`DailyRate`, `r`.`DamageCharges`, `r`.`DepositAmount`, `r`.`DepositReturned`, `r`.`EndDate`, `r`.`LateFee`, `r`.`Notes`, `r`.`OdometerAtPickup`, `r`.`OdometerAtReturn`, `r`.`PickupLocation`, `r`.`ReturnLocation`, `r`.`StartDate`, `r`.`Status`, `r`.`TotalCost`, `r`.`UpdatedAt`, `r`.`UpdatedBy`, `c`.`Id`, `c`.`Category`, `c`.`Color`, `c`.`CreatedAt`, `c`.`CreatedBy`, `c`.`DailyRate`, `c`.`Description`, `c`.`FuelType`, `c`.`HasAirConditioning`, `c`.`HasGPS`, `c`.`ImageUrl`, `c`.`LastMaintenanceDate`, `c`.`LicensePlate`, `c`.`Make`, `c`.`Mileage`, `c`.`Model`, `c`.`NextMaintenanceDate`, `c`.`SeatingCapacity`, `c`.`Status`, `c`.`Transmission`, `c`.`UpdatedAt`, `c`.`UpdatedBy`, `c`.`Year`, `u`.`Id`, `u`.`City`, `u`.`Country`, `u`.`CreatedAt`, `u`.`CreatedBy`, `u`.`DateOfBirth`, `u`.`DriversLicenseExpiry`, `u`.`DriversLicenseNumber`, `u`.`Email`, `u`.`FirstName`, `u`.`IsActive`, `u`.`LastLoginAt`, `u`.`LastName`, `u`.`PasswordHash`, `u`.`PhoneNumber`, `u`.`PostalCode`, `u`.`Role`, `u`.`State`, `u`.`Street`, `u`.`UpdatedAt`, `u`.`UpdatedBy`
FROM `Rentals` AS `r`
INNER JOIN `Cars` AS `c` ON `r`.`CarId` = `c`.`Id`
INNER JOIN `Users` AS `u` ON `r`.`CustomerId` = `u`.`Id`
WHERE `r`.`CustomerId` = @__customerId_0
ORDER BY `r`.`CreatedAt` DESC
2026-02-02 00:16:17.030 +05:30 [INF] Executing OkObjectResult, writing value of type 'CarRental.API.Controllers.ApiResponse`1[[System.Collections.Generic.IEnumerable`1[[CarRental.Application.DTOs.Rental.RentalDto, CarRental.Application, Version=1.0.0.0, Culture=neutral, PublicKeyToken=null]], System.Private.CoreLib, Version=8.0.0.0, Culture=neutral, PublicKeyToken=7cec85d7bea7798e]]'.
2026-02-02 00:16:17.030 +05:30 [INF] Executed action CarRental.API.Controllers.RentalsController.GetByCustomer (CarRental.API) in 4.8051ms
2026-02-02 00:16:17.031 +05:30 [INF] Executed endpoint 'CarRental.API.Controllers.RentalsController.GetByCustomer (CarRental.API)'
2026-02-02 00:16:17.031 +05:30 [INF] Request finished HTTP/1.1 GET http://localhost:5000/api/Rentals/customer/22222222-2222-2222-2222-222222222222 - 200 null application/json; charset=utf-8 6.1029ms
2026-02-02 00:16:17.033 +05:30 [INF] Request starting HTTP/1.1 GET http://localhost:5000/api/Rentals/customer/22222222-2222-2222-2222-222222222222 - null null
2026-02-02 00:16:17.034 +05:30 [INF] Executing endpoint 'CarRental.API.Controllers.RentalsController.GetByCustomer (CarRental.API)'
2026-02-02 00:16:17.034 +05:30 [INF] Route matched with {action = "GetByCustomer", controller = "Rentals"}. Executing controller action with signature System.Threading.Tasks.Task`1[Microsoft.AspNetCore.Mvc.IActionResult] GetByCustomer(System.Guid, System.Threading.CancellationToken) on controller CarRental.API.Controllers.RentalsController (CarRental.API).
2026-02-02 00:16:17.036 +05:30 [INF] Getting rentals for customer: "22222222-2222-2222-2222-222222222222"
2026-02-02 00:16:17.038 +05:30 [INF] Executed DbCommand (1ms) [Parameters=[@__customerId_0='?' (DbType = Guid)], CommandType='"Text"', CommandTimeout='30']
SELECT `r`.`Id`, `r`.`ActualReturnDate`, `r`.`CarId`, `r`.`CreatedAt`, `r`.`CreatedBy`, `r`.`CustomerId`, `r`.`DailyRate`, `r`.`DamageCharges`, `r`.`DepositAmount`, `r`.`DepositReturned`, `r`.`EndDate`, `r`.`LateFee`, `r`.`Notes`, `r`.`OdometerAtPickup`, `r`.`OdometerAtReturn`, `r`.`PickupLocation`, `r`.`ReturnLocation`, `r`.`StartDate`, `r`.`Status`, `r`.`TotalCost`, `r`.`UpdatedAt`, `r`.`UpdatedBy`, `c`.`Id`, `c`.`Category`, `c`.`Color`, `c`.`CreatedAt`, `c`.`CreatedBy`, `c`.`DailyRate`, `c`.`Description`, `c`.`FuelType`, `c`.`HasAirConditioning`, `c`.`HasGPS`, `c`.`ImageUrl`, `c`.`LastMaintenanceDate`, `c`.`LicensePlate`, `c`.`Make`, `c`.`Mileage`, `c`.`Model`, `c`.`NextMaintenanceDate`, `c`.`SeatingCapacity`, `c`.`Status`, `c`.`Transmission`, `c`.`UpdatedAt`, `c`.`UpdatedBy`, `c`.`Year`, `u`.`Id`, `u`.`City`, `u`.`Country`, `u`.`CreatedAt`, `u`.`CreatedBy`, `u`.`DateOfBirth`, `u`.`DriversLicenseExpiry`, `u`.`DriversLicenseNumber`, `u`.`Email`, `u`.`FirstName`, `u`.`IsActive`, `u`.`LastLoginAt`, `u`.`LastName`, `u`.`PasswordHash`, `u`.`PhoneNumber`, `u`.`PostalCode`, `u`.`Role`, `u`.`State`, `u`.`Street`, `u`.`UpdatedAt`, `u`.`UpdatedBy`
FROM `Rentals` AS `r`
INNER JOIN `Cars` AS `c` ON `r`.`CarId` = `c`.`Id`
INNER JOIN `Users` AS `u` ON `r`.`CustomerId` = `u`.`Id`
WHERE `r`.`CustomerId` = @__customerId_0
ORDER BY `r`.`CreatedAt` DESC
2026-02-02 00:16:17.039 +05:30 [INF] Executing OkObjectResult, writing value of type 'CarRental.API.Controllers.ApiResponse`1[[System.Collections.Generic.IEnumerable`1[[CarRental.Application.DTOs.Rental.RentalDto, CarRental.Application, Version=1.0.0.0, Culture=neutral, PublicKeyToken=null]], System.Private.CoreLib, Version=8.0.0.0, Culture=neutral, PublicKeyToken=7cec85d7bea7798e]]'.
2026-02-02 00:16:17.039 +05:30 [INF] Executed action CarRental.API.Controllers.RentalsController.GetByCustomer (CarRental.API) in 4.5111ms
2026-02-02 00:16:17.039 +05:30 [INF] Executed endpoint 'CarRental.API.Controllers.RentalsController.GetByCustomer (CarRental.API)'
2026-02-02 00:16:17.039 +05:30 [INF] Request finished HTTP/1.1 GET http://localhost:5000/api/Rentals/customer/22222222-2222-2222-2222-222222222222 - 200 null application/json; charset=utf-8 5.7752ms
2026-02-02 00:16:23.447 +05:30 [INF] Request starting HTTP/1.1 GET http://localhost:5000/api/Rentals/2232a79e-9dab-4541-b286-a4122d093d9a - null null
2026-02-02 00:16:23.448 +05:30 [INF] Executing endpoint 'CarRental.API.Controllers.RentalsController.GetById (CarRental.API)'
2026-02-02 00:16:23.448 +05:30 [INF] Route matched with {action = "GetById", controller = "Rentals"}. Executing controller action with signature System.Threading.Tasks.Task`1[Microsoft.AspNetCore.Mvc.IActionResult] GetById(System.Guid, System.Threading.CancellationToken) on controller CarRental.API.Controllers.RentalsController (CarRental.API).
2026-02-02 00:16:23.449 +05:30 [INF] Getting rental with ID: "2232a79e-9dab-4541-b286-a4122d093d9a"
2026-02-02 00:16:23.453 +05:30 [INF] Executed DbCommand (2ms) [Parameters=[@__rentalId_0='?' (DbType = Guid)], CommandType='"Text"', CommandTimeout='30']
SELECT `t`.`Id`, `t`.`ActualReturnDate`, `t`.`CarId`, `t`.`CreatedAt`, `t`.`CreatedBy`, `t`.`CustomerId`, `t`.`DailyRate`, `t`.`DamageCharges`, `t`.`DepositAmount`, `t`.`DepositReturned`, `t`.`EndDate`, `t`.`LateFee`, `t`.`Notes`, `t`.`OdometerAtPickup`, `t`.`OdometerAtReturn`, `t`.`PickupLocation`, `t`.`ReturnLocation`, `t`.`StartDate`, `t`.`Status`, `t`.`TotalCost`, `t`.`UpdatedAt`, `t`.`UpdatedBy`, `t`.`Id0`, `t`.`Category`, `t`.`Color`, `t`.`CreatedAt0`, `t`.`CreatedBy0`, `t`.`DailyRate0`, `t`.`Description`, `t`.`FuelType`, `t`.`HasAirConditioning`, `t`.`HasGPS`, `t`.`ImageUrl`, `t`.`LastMaintenanceDate`, `t`.`LicensePlate`, `t`.`Make`, `t`.`Mileage`, `t`.`Model`, `t`.`NextMaintenanceDate`, `t`.`SeatingCapacity`, `t`.`Status0`, `t`.`Transmission`, `t`.`UpdatedAt0`, `t`.`UpdatedBy0`, `t`.`Year`, `t`.`Id1`, `t`.`City`, `t`.`Country`, `t`.`CreatedAt1`, `t`.`CreatedBy1`, `t`.`DateOfBirth`, `t`.`DriversLicenseExpiry`, `t`.`DriversLicenseNumber`, `t`.`Email`, `t`.`FirstName`, `t`.`IsActive`, `t`.`LastLoginAt`, `t`.`LastName`, `t`.`PasswordHash`, `t`.`PhoneNumber`, `t`.`PostalCode`, `t`.`Role`, `t`.`State`, `t`.`Street`, `t`.`UpdatedAt1`, `t`.`UpdatedBy1`, `p`.`Id`, `p`.`Amount`, `p`.`CreatedAt`, `p`.`CreatedBy`, `p`.`Description`, `p`.`FailureReason`, `p`.`PaymentDate`, `p`.`PaymentMethod`, `p`.`RentalId`, `p`.`Status`, `p`.`TransactionId`, `p`.`UpdatedAt`, `p`.`UpdatedBy`
FROM (
    SELECT `r`.`Id`, `r`.`ActualReturnDate`, `r`.`CarId`, `r`.`CreatedAt`, `r`.`CreatedBy`, `r`.`CustomerId`, `r`.`DailyRate`, `r`.`DamageCharges`, `r`.`DepositAmount`, `r`.`DepositReturned`, `r`.`EndDate`, `r`.`LateFee`, `r`.`Notes`, `r`.`OdometerAtPickup`, `r`.`OdometerAtReturn`, `r`.`PickupLocation`, `r`.`ReturnLocation`, `r`.`StartDate`, `r`.`Status`, `r`.`TotalCost`, `r`.`UpdatedAt`, `r`.`UpdatedBy`, `c`.`Id` AS `Id0`, `c`.`Category`, `c`.`Color`, `c`.`CreatedAt` AS `CreatedAt0`, `c`.`CreatedBy` AS `CreatedBy0`, `c`.`DailyRate` AS `DailyRate0`, `c`.`Description`, `c`.`FuelType`, `c`.`HasAirConditioning`, `c`.`HasGPS`, `c`.`ImageUrl`, `c`.`LastMaintenanceDate`, `c`.`LicensePlate`, `c`.`Make`, `c`.`Mileage`, `c`.`Model`, `c`.`NextMaintenanceDate`, `c`.`SeatingCapacity`, `c`.`Status` AS `Status0`, `c`.`Transmission`, `c`.`UpdatedAt` AS `UpdatedAt0`, `c`.`UpdatedBy` AS `UpdatedBy0`, `c`.`Year`, `u`.`Id` AS `Id1`, `u`.`City`, `u`.`Country`, `u`.`CreatedAt` AS `CreatedAt1`, `u`.`CreatedBy` AS `CreatedBy1`, `u`.`DateOfBirth`, `u`.`DriversLicenseExpiry`, `u`.`DriversLicenseNumber`, `u`.`Email`, `u`.`FirstName`, `u`.`IsActive`, `u`.`LastLoginAt`, `u`.`LastName`, `u`.`PasswordHash`, `u`.`PhoneNumber`, `u`.`PostalCode`, `u`.`Role`, `u`.`State`, `u`.`Street`, `u`.`UpdatedAt` AS `UpdatedAt1`, `u`.`UpdatedBy` AS `UpdatedBy1`
    FROM `Rentals` AS `r`
    INNER JOIN `Cars` AS `c` ON `r`.`CarId` = `c`.`Id`
    INNER JOIN `Users` AS `u` ON `r`.`CustomerId` = `u`.`Id`
    WHERE `r`.`Id` = @__rentalId_0
    LIMIT 1
) AS `t`
LEFT JOIN `Payments` AS `p` ON `t`.`Id` = `p`.`RentalId`
ORDER BY `t`.`Id`, `t`.`Id0`, `t`.`Id1`
2026-02-02 00:16:23.455 +05:30 [INF] Executing OkObjectResult, writing value of type 'CarRental.API.Controllers.ApiResponse`1[[CarRental.Application.DTOs.Rental.RentalDto, CarRental.Application, Version=1.0.0.0, Culture=neutral, PublicKeyToken=null]]'.
2026-02-02 00:16:23.456 +05:30 [INF] Executed action CarRental.API.Controllers.RentalsController.GetById (CarRental.API) in 7.56ms
2026-02-02 00:16:23.456 +05:30 [INF] Executed endpoint 'CarRental.API.Controllers.RentalsController.GetById (CarRental.API)'
2026-02-02 00:16:23.456 +05:30 [INF] Request finished HTTP/1.1 GET http://localhost:5000/api/Rentals/2232a79e-9dab-4541-b286-a4122d093d9a - 200 null application/json; charset=utf-8 9.0065ms
2026-02-02 00:16:23.458 +05:30 [INF] Request starting HTTP/1.1 GET http://localhost:5000/api/Rentals/2232a79e-9dab-4541-b286-a4122d093d9a - null null
2026-02-02 00:16:23.459 +05:30 [INF] Executing endpoint 'CarRental.API.Controllers.RentalsController.GetById (CarRental.API)'
2026-02-02 00:16:23.459 +05:30 [INF] Route matched with {action = "GetById", controller = "Rentals"}. Executing controller action with signature System.Threading.Tasks.Task`1[Microsoft.AspNetCore.Mvc.IActionResult] GetById(System.Guid, System.Threading.CancellationToken) on controller CarRental.API.Controllers.RentalsController (CarRental.API).
2026-02-02 00:16:23.460 +05:30 [INF] Getting rental with ID: "2232a79e-9dab-4541-b286-a4122d093d9a"
2026-02-02 00:16:23.462 +05:30 [INF] Executed DbCommand (1ms) [Parameters=[@__rentalId_0='?' (DbType = Guid)], CommandType='"Text"', CommandTimeout='30']
SELECT `t`.`Id`, `t`.`ActualReturnDate`, `t`.`CarId`, `t`.`CreatedAt`, `t`.`CreatedBy`, `t`.`CustomerId`, `t`.`DailyRate`, `t`.`DamageCharges`, `t`.`DepositAmount`, `t`.`DepositReturned`, `t`.`EndDate`, `t`.`LateFee`, `t`.`Notes`, `t`.`OdometerAtPickup`, `t`.`OdometerAtReturn`, `t`.`PickupLocation`, `t`.`ReturnLocation`, `t`.`StartDate`, `t`.`Status`, `t`.`TotalCost`, `t`.`UpdatedAt`, `t`.`UpdatedBy`, `t`.`Id0`, `t`.`Category`, `t`.`Color`, `t`.`CreatedAt0`, `t`.`CreatedBy0`, `t`.`DailyRate0`, `t`.`Description`, `t`.`FuelType`, `t`.`HasAirConditioning`, `t`.`HasGPS`, `t`.`ImageUrl`, `t`.`LastMaintenanceDate`, `t`.`LicensePlate`, `t`.`Make`, `t`.`Mileage`, `t`.`Model`, `t`.`NextMaintenanceDate`, `t`.`SeatingCapacity`, `t`.`Status0`, `t`.`Transmission`, `t`.`UpdatedAt0`, `t`.`UpdatedBy0`, `t`.`Year`, `t`.`Id1`, `t`.`City`, `t`.`Country`, `t`.`CreatedAt1`, `t`.`CreatedBy1`, `t`.`DateOfBirth`, `t`.`DriversLicenseExpiry`, `t`.`DriversLicenseNumber`, `t`.`Email`, `t`.`FirstName`, `t`.`IsActive`, `t`.`LastLoginAt`, `t`.`LastName`, `t`.`PasswordHash`, `t`.`PhoneNumber`, `t`.`PostalCode`, `t`.`Role`, `t`.`State`, `t`.`Street`, `t`.`UpdatedAt1`, `t`.`UpdatedBy1`, `p`.`Id`, `p`.`Amount`, `p`.`CreatedAt`, `p`.`CreatedBy`, `p`.`Description`, `p`.`FailureReason`, `p`.`PaymentDate`, `p`.`PaymentMethod`, `p`.`RentalId`, `p`.`Status`, `p`.`TransactionId`, `p`.`UpdatedAt`, `p`.`UpdatedBy`
FROM (
    SELECT `r`.`Id`, `r`.`ActualReturnDate`, `r`.`CarId`, `r`.`CreatedAt`, `r`.`CreatedBy`, `r`.`CustomerId`, `r`.`DailyRate`, `r`.`DamageCharges`, `r`.`DepositAmount`, `r`.`DepositReturned`, `r`.`EndDate`, `r`.`LateFee`, `r`.`Notes`, `r`.`OdometerAtPickup`, `r`.`OdometerAtReturn`, `r`.`PickupLocation`, `r`.`ReturnLocation`, `r`.`StartDate`, `r`.`Status`, `r`.`TotalCost`, `r`.`UpdatedAt`, `r`.`UpdatedBy`, `c`.`Id` AS `Id0`, `c`.`Category`, `c`.`Color`, `c`.`CreatedAt` AS `CreatedAt0`, `c`.`CreatedBy` AS `CreatedBy0`, `c`.`DailyRate` AS `DailyRate0`, `c`.`Description`, `c`.`FuelType`, `c`.`HasAirConditioning`, `c`.`HasGPS`, `c`.`ImageUrl`, `c`.`LastMaintenanceDate`, `c`.`LicensePlate`, `c`.`Make`, `c`.`Mileage`, `c`.`Model`, `c`.`NextMaintenanceDate`, `c`.`SeatingCapacity`, `c`.`Status` AS `Status0`, `c`.`Transmission`, `c`.`UpdatedAt` AS `UpdatedAt0`, `c`.`UpdatedBy` AS `UpdatedBy0`, `c`.`Year`, `u`.`Id` AS `Id1`, `u`.`City`, `u`.`Country`, `u`.`CreatedAt` AS `CreatedAt1`, `u`.`CreatedBy` AS `CreatedBy1`, `u`.`DateOfBirth`, `u`.`DriversLicenseExpiry`, `u`.`DriversLicenseNumber`, `u`.`Email`, `u`.`FirstName`, `u`.`IsActive`, `u`.`LastLoginAt`, `u`.`LastName`, `u`.`PasswordHash`, `u`.`PhoneNumber`, `u`.`PostalCode`, `u`.`Role`, `u`.`State`, `u`.`Street`, `u`.`UpdatedAt` AS `UpdatedAt1`, `u`.`UpdatedBy` AS `UpdatedBy1`
    FROM `Rentals` AS `r`
    INNER JOIN `Cars` AS `c` ON `r`.`CarId` = `c`.`Id`
    INNER JOIN `Users` AS `u` ON `r`.`CustomerId` = `u`.`Id`
    WHERE `r`.`Id` = @__rentalId_0
    LIMIT 1
) AS `t`
LEFT JOIN `Payments` AS `p` ON `t`.`Id` = `p`.`RentalId`
ORDER BY `t`.`Id`, `t`.`Id0`, `t`.`Id1`
2026-02-02 00:16:23.463 +05:30 [INF] Executing OkObjectResult, writing value of type 'CarRental.API.Controllers.ApiResponse`1[[CarRental.Application.DTOs.Rental.RentalDto, CarRental.Application, Version=1.0.0.0, Culture=neutral, PublicKeyToken=null]]'.
2026-02-02 00:16:23.463 +05:30 [INF] Executed action CarRental.API.Controllers.RentalsController.GetById (CarRental.API) in 4.1244ms
2026-02-02 00:16:23.463 +05:30 [INF] Executed endpoint 'CarRental.API.Controllers.RentalsController.GetById (CarRental.API)'
2026-02-02 00:16:23.463 +05:30 [INF] Request finished HTTP/1.1 GET http://localhost:5000/api/Rentals/2232a79e-9dab-4541-b286-a4122d093d9a - 200 null application/json; charset=utf-8 5.6193ms
2026-02-02 00:16:54.961 +05:30 [INF] Request starting HTTP/1.1 POST http://localhost:5000/api/Payments - application/json 127
2026-02-02 00:16:54.962 +05:30 [INF] CORS policy execution successful.
2026-02-02 00:16:54.962 +05:30 [INF] Executing endpoint 'CarRental.API.Controllers.PaymentsController.Create (CarRental.API)'
2026-02-02 00:16:54.962 +05:30 [INF] Route matched with {action = "Create", controller = "Payments"}. Executing controller action with signature System.Threading.Tasks.Task`1[Microsoft.AspNetCore.Mvc.IActionResult] Create(CarRental.Application.DTOs.Payment.CreatePaymentRequest, System.Threading.CancellationToken) on controller CarRental.API.Controllers.PaymentsController (CarRental.API).
2026-02-02 00:16:54.966 +05:30 [INF] Creating new payment for rental: "2232a79e-9dab-4541-b286-a4122d093d9a"
2026-02-02 00:16:54.969 +05:30 [INF] Executed DbCommand (1ms) [Parameters=[@__get_Item_0='?' (DbType = Guid)], CommandType='"Text"', CommandTimeout='30']
SELECT `r`.`Id`, `r`.`ActualReturnDate`, `r`.`CarId`, `r`.`CreatedAt`, `r`.`CreatedBy`, `r`.`CustomerId`, `r`.`DailyRate`, `r`.`DamageCharges`, `r`.`DepositAmount`, `r`.`DepositReturned`, `r`.`EndDate`, `r`.`LateFee`, `r`.`Notes`, `r`.`OdometerAtPickup`, `r`.`OdometerAtReturn`, `r`.`PickupLocation`, `r`.`ReturnLocation`, `r`.`StartDate`, `r`.`Status`, `r`.`TotalCost`, `r`.`UpdatedAt`, `r`.`UpdatedBy`
FROM `Rentals` AS `r`
WHERE `r`.`Id` = @__get_Item_0
LIMIT 1
2026-02-02 00:16:54.972 +05:30 [INF] Executed DbCommand (1ms) [Parameters=[@p0='?' (DbType = Guid), @p1='?' (DbType = Decimal), @p2='?' (DbType = DateTime), @p3='?' (Size = 4000), @p4='?' (Size = 4000), @p5='?' (Size = 4000), @p6='?' (DbType = DateTime), @p7='?' (DbType = Int32), @p8='?' (DbType = Guid), @p9='?' (DbType = Int32), @p10='?' (Size = 4000), @p11='?' (DbType = DateTime), @p12='?' (Size = 4000)], CommandType='"Text"', CommandTimeout='30']
SET AUTOCOMMIT = 1;
INSERT INTO `Payments` (`Id`, `Amount`, `CreatedAt`, `CreatedBy`, `Description`, `FailureReason`, `PaymentDate`, `PaymentMethod`, `RentalId`, `Status`, `TransactionId`, `UpdatedAt`, `UpdatedBy`)
VALUES (@p0, @p1, @p2, @p3, @p4, @p5, @p6, @p7, @p8, @p9, @p10, @p11, @p12);
2026-02-02 00:16:54.973 +05:30 [INF] Executing OkObjectResult, writing value of type 'CarRental.API.Controllers.ApiResponse`1[[CarRental.Application.DTOs.Payment.PaymentDto, CarRental.Application, Version=1.0.0.0, Culture=neutral, PublicKeyToken=null]]'.
2026-02-02 00:16:54.973 +05:30 [INF] Executed action CarRental.API.Controllers.PaymentsController.Create (CarRental.API) in 10.4067ms
2026-02-02 00:16:54.973 +05:30 [INF] Executed endpoint 'CarRental.API.Controllers.PaymentsController.Create (CarRental.API)'
2026-02-02 00:16:54.973 +05:30 [INF] Request finished HTTP/1.1 POST http://localhost:5000/api/Payments - 200 null application/json; charset=utf-8 11.9685ms
2026-02-02 00:16:54.978 +05:30 [INF] Request starting HTTP/1.1 POST http://localhost:5000/api/Payments/b2a42f7c-8f33-470e-a575-d51d56512fa3/process - null 0
2026-02-02 00:16:54.979 +05:30 [INF] CORS policy execution successful.
2026-02-02 00:16:54.980 +05:30 [INF] Executing endpoint 'CarRental.API.Controllers.PaymentsController.Process (CarRental.API)'
2026-02-02 00:16:54.981 +05:30 [INF] Route matched with {action = "Process", controller = "Payments"}. Executing controller action with signature System.Threading.Tasks.Task`1[Microsoft.AspNetCore.Mvc.IActionResult] Process(System.Guid, System.Threading.CancellationToken) on controller CarRental.API.Controllers.PaymentsController (CarRental.API).
2026-02-02 00:16:54.981 +05:30 [INF] Processing payment: "b2a42f7c-8f33-470e-a575-d51d56512fa3"
2026-02-02 00:16:54.984 +05:30 [INF] Executed DbCommand (0ms) [Parameters=[@__get_Item_0='?' (DbType = Guid)], CommandType='"Text"', CommandTimeout='30']
SELECT `p`.`Id`, `p`.`Amount`, `p`.`CreatedAt`, `p`.`CreatedBy`, `p`.`Description`, `p`.`FailureReason`, `p`.`PaymentDate`, `p`.`PaymentMethod`, `p`.`RentalId`, `p`.`Status`, `p`.`TransactionId`, `p`.`UpdatedAt`, `p`.`UpdatedBy`
FROM `Payments` AS `p`
WHERE `p`.`Id` = @__get_Item_0
LIMIT 1
2026-02-02 00:16:54.986 +05:30 [INF] Executed DbCommand (1ms) [Parameters=[@p12='?' (DbType = Guid), @p0='?' (DbType = Decimal), @p1='?' (DbType = DateTime), @p2='?' (Size = 4000), @p3='?' (Size = 4000), @p4='?' (Size = 4000), @p5='?' (DbType = DateTime), @p6='?' (DbType = Int32), @p7='?' (DbType = Guid), @p8='?' (DbType = Int32), @p9='?' (Size = 4000), @p10='?' (DbType = DateTime), @p11='?' (Size = 4000)], CommandType='"Text"', CommandTimeout='30']
SET AUTOCOMMIT = 1;
UPDATE `Payments` SET `Amount` = @p0, `CreatedAt` = @p1, `CreatedBy` = @p2, `Description` = @p3, `FailureReason` = @p4, `PaymentDate` = @p5, `PaymentMethod` = @p6, `RentalId` = @p7, `Status` = @p8, `TransactionId` = @p9, `UpdatedAt` = @p10, `UpdatedBy` = @p11
WHERE `Id` = @p12;
SELECT ROW_COUNT();
2026-02-02 00:16:54.987 +05:30 [INF] Executed DbCommand (1ms) [Parameters=[@p12='?' (DbType = Guid), @p0='?' (DbType = Decimal), @p1='?' (DbType = DateTime), @p2='?' (Size = 4000), @p3='?' (Size = 4000), @p4='?' (Size = 4000), @p5='?' (DbType = DateTime), @p6='?' (DbType = Int32), @p7='?' (DbType = Guid), @p8='?' (DbType = Int32), @p9='?' (Size = 4000), @p10='?' (DbType = DateTime), @p11='?' (Size = 4000)], CommandType='"Text"', CommandTimeout='30']
SET AUTOCOMMIT = 1;
UPDATE `Payments` SET `Amount` = @p0, `CreatedAt` = @p1, `CreatedBy` = @p2, `Description` = @p3, `FailureReason` = @p4, `PaymentDate` = @p5, `PaymentMethod` = @p6, `RentalId` = @p7, `Status` = @p8, `TransactionId` = @p9, `UpdatedAt` = @p10, `UpdatedBy` = @p11
WHERE `Id` = @p12;
SELECT ROW_COUNT();
2026-02-02 00:16:54.987 +05:30 [INF] Executing OkObjectResult, writing value of type 'CarRental.API.Controllers.ApiResponse`1[[CarRental.Application.DTOs.Payment.PaymentDto, CarRental.Application, Version=1.0.0.0, Culture=neutral, PublicKeyToken=null]]'.
2026-02-02 00:16:54.988 +05:30 [INF] Executed action CarRental.API.Controllers.PaymentsController.Process (CarRental.API) in 6.8392ms
2026-02-02 00:16:54.988 +05:30 [INF] Executed endpoint 'CarRental.API.Controllers.PaymentsController.Process (CarRental.API)'
2026-02-02 00:16:54.988 +05:30 [INF] Request finished HTTP/1.1 POST http://localhost:5000/api/Payments/b2a42f7c-8f33-470e-a575-d51d56512fa3/process - 200 null application/json; charset=utf-8 9.45ms
2026-02-02 00:16:54.992 +05:30 [INF] Request starting HTTP/1.1 POST http://localhost:5000/api/Rentals/2232a79e-9dab-4541-b286-a4122d093d9a/confirm - null 0
2026-02-02 00:16:54.993 +05:30 [INF] CORS policy execution successful.
2026-02-02 00:16:54.993 +05:30 [INF] Executing endpoint 'CarRental.API.Controllers.RentalsController.Confirm (CarRental.API)'
2026-02-02 00:16:54.993 +05:30 [INF] Route matched with {action = "Confirm", controller = "Rentals"}. Executing controller action with signature System.Threading.Tasks.Task`1[Microsoft.AspNetCore.Mvc.IActionResult] Confirm(System.Guid, System.Threading.CancellationToken) on controller CarRental.API.Controllers.RentalsController (CarRental.API).
2026-02-02 00:16:54.994 +05:30 [INF] Confirming rental: "2232a79e-9dab-4541-b286-a4122d093d9a"
2026-02-02 00:16:54.995 +05:30 [INF] Executed DbCommand (1ms) [Parameters=[@__rentalId_0='?' (DbType = Guid)], CommandType='"Text"', CommandTimeout='30']
SELECT `t`.`Id`, `t`.`ActualReturnDate`, `t`.`CarId`, `t`.`CreatedAt`, `t`.`CreatedBy`, `t`.`CustomerId`, `t`.`DailyRate`, `t`.`DamageCharges`, `t`.`DepositAmount`, `t`.`DepositReturned`, `t`.`EndDate`, `t`.`LateFee`, `t`.`Notes`, `t`.`OdometerAtPickup`, `t`.`OdometerAtReturn`, `t`.`PickupLocation`, `t`.`ReturnLocation`, `t`.`StartDate`, `t`.`Status`, `t`.`TotalCost`, `t`.`UpdatedAt`, `t`.`UpdatedBy`, `t`.`Id0`, `t`.`Category`, `t`.`Color`, `t`.`CreatedAt0`, `t`.`CreatedBy0`, `t`.`DailyRate0`, `t`.`Description`, `t`.`FuelType`, `t`.`HasAirConditioning`, `t`.`HasGPS`, `t`.`ImageUrl`, `t`.`LastMaintenanceDate`, `t`.`LicensePlate`, `t`.`Make`, `t`.`Mileage`, `t`.`Model`, `t`.`NextMaintenanceDate`, `t`.`SeatingCapacity`, `t`.`Status0`, `t`.`Transmission`, `t`.`UpdatedAt0`, `t`.`UpdatedBy0`, `t`.`Year`, `t`.`Id1`, `t`.`City`, `t`.`Country`, `t`.`CreatedAt1`, `t`.`CreatedBy1`, `t`.`DateOfBirth`, `t`.`DriversLicenseExpiry`, `t`.`DriversLicenseNumber`, `t`.`Email`, `t`.`FirstName`, `t`.`IsActive`, `t`.`LastLoginAt`, `t`.`LastName`, `t`.`PasswordHash`, `t`.`PhoneNumber`, `t`.`PostalCode`, `t`.`Role`, `t`.`State`, `t`.`Street`, `t`.`UpdatedAt1`, `t`.`UpdatedBy1`, `p`.`Id`, `p`.`Amount`, `p`.`CreatedAt`, `p`.`CreatedBy`, `p`.`Description`, `p`.`FailureReason`, `p`.`PaymentDate`, `p`.`PaymentMethod`, `p`.`RentalId`, `p`.`Status`, `p`.`TransactionId`, `p`.`UpdatedAt`, `p`.`UpdatedBy`
FROM (
    SELECT `r`.`Id`, `r`.`ActualReturnDate`, `r`.`CarId`, `r`.`CreatedAt`, `r`.`CreatedBy`, `r`.`CustomerId`, `r`.`DailyRate`, `r`.`DamageCharges`, `r`.`DepositAmount`, `r`.`DepositReturned`, `r`.`EndDate`, `r`.`LateFee`, `r`.`Notes`, `r`.`OdometerAtPickup`, `r`.`OdometerAtReturn`, `r`.`PickupLocation`, `r`.`ReturnLocation`, `r`.`StartDate`, `r`.`Status`, `r`.`TotalCost`, `r`.`UpdatedAt`, `r`.`UpdatedBy`, `c`.`Id` AS `Id0`, `c`.`Category`, `c`.`Color`, `c`.`CreatedAt` AS `CreatedAt0`, `c`.`CreatedBy` AS `CreatedBy0`, `c`.`DailyRate` AS `DailyRate0`, `c`.`Description`, `c`.`FuelType`, `c`.`HasAirConditioning`, `c`.`HasGPS`, `c`.`ImageUrl`, `c`.`LastMaintenanceDate`, `c`.`LicensePlate`, `c`.`Make`, `c`.`Mileage`, `c`.`Model`, `c`.`NextMaintenanceDate`, `c`.`SeatingCapacity`, `c`.`Status` AS `Status0`, `c`.`Transmission`, `c`.`UpdatedAt` AS `UpdatedAt0`, `c`.`UpdatedBy` AS `UpdatedBy0`, `c`.`Year`, `u`.`Id` AS `Id1`, `u`.`City`, `u`.`Country`, `u`.`CreatedAt` AS `CreatedAt1`, `u`.`CreatedBy` AS `CreatedBy1`, `u`.`DateOfBirth`, `u`.`DriversLicenseExpiry`, `u`.`DriversLicenseNumber`, `u`.`Email`, `u`.`FirstName`, `u`.`IsActive`, `u`.`LastLoginAt`, `u`.`LastName`, `u`.`PasswordHash`, `u`.`PhoneNumber`, `u`.`PostalCode`, `u`.`Role`, `u`.`State`, `u`.`Street`, `u`.`UpdatedAt` AS `UpdatedAt1`, `u`.`UpdatedBy` AS `UpdatedBy1`
    FROM `Rentals` AS `r`
    INNER JOIN `Cars` AS `c` ON `r`.`CarId` = `c`.`Id`
    INNER JOIN `Users` AS `u` ON `r`.`CustomerId` = `u`.`Id`
    WHERE `r`.`Id` = @__rentalId_0
    LIMIT 1
) AS `t`
LEFT JOIN `Payments` AS `p` ON `t`.`Id` = `p`.`RentalId`
ORDER BY `t`.`Id`, `t`.`Id0`, `t`.`Id1`
2026-02-02 00:16:54.997 +05:30 [INF] Executed DbCommand (1ms) [Parameters=[@p21='?' (DbType = Guid), @p0='?' (DbType = DateTime), @p1='?' (DbType = Guid), @p2='?' (DbType = DateTime), @p3='?' (Size = 4000), @p4='?' (DbType = Guid), @p5='?' (DbType = Decimal), @p6='?', @p7='?' (DbType = Decimal), @p8='?' (DbType = Boolean), @p9='?' (DbType = DateTime), @p10='?', @p11='?' (Size = 4000), @p12='?' (DbType = Int32), @p13='?' (DbType = Int32), @p14='?' (Size = 500), @p15='?' (Size = 500), @p16='?' (DbType = DateTime), @p17='?' (DbType = Int32), @p18='?' (DbType = Decimal), @p19='?' (DbType = DateTime), @p20='?' (Size = 4000)], CommandType='"Text"', CommandTimeout='30']
SET AUTOCOMMIT = 1;
UPDATE `Rentals` SET `ActualReturnDate` = @p0, `CarId` = @p1, `CreatedAt` = @p2, `CreatedBy` = @p3, `CustomerId` = @p4, `DailyRate` = @p5, `DamageCharges` = @p6, `DepositAmount` = @p7, `DepositReturned` = @p8, `EndDate` = @p9, `LateFee` = @p10, `Notes` = @p11, `OdometerAtPickup` = @p12, `OdometerAtReturn` = @p13, `PickupLocation` = @p14, `ReturnLocation` = @p15, `StartDate` = @p16, `Status` = @p17, `TotalCost` = @p18, `UpdatedAt` = @p19, `UpdatedBy` = @p20
WHERE `Id` = @p21;
SELECT ROW_COUNT();
2026-02-02 00:16:54.997 +05:30 [INF] Executing OkObjectResult, writing value of type 'CarRental.API.Controllers.ApiResponse`1[[CarRental.Application.DTOs.Rental.RentalDto, CarRental.Application, Version=1.0.0.0, Culture=neutral, PublicKeyToken=null]]'.
2026-02-02 00:16:54.997 +05:30 [INF] Executed action CarRental.API.Controllers.RentalsController.Confirm (CarRental.API) in 3.987ms
2026-02-02 00:16:54.997 +05:30 [INF] Executed endpoint 'CarRental.API.Controllers.RentalsController.Confirm (CarRental.API)'
2026-02-02 00:16:54.997 +05:30 [INF] Request finished HTTP/1.1 POST http://localhost:5000/api/Rentals/2232a79e-9dab-4541-b286-a4122d093d9a/confirm - 200 null application/json; charset=utf-8 5.6212ms
2026-02-02 00:16:55.013 +05:30 [INF] Request starting HTTP/1.1 GET http://localhost:5000/api/Rentals/customer/22222222-2222-2222-2222-222222222222 - null null
2026-02-02 00:16:55.013 +05:30 [INF] Executing endpoint 'CarRental.API.Controllers.RentalsController.GetByCustomer (CarRental.API)'
2026-02-02 00:16:55.013 +05:30 [INF] Route matched with {action = "GetByCustomer", controller = "Rentals"}. Executing controller action with signature System.Threading.Tasks.Task`1[Microsoft.AspNetCore.Mvc.IActionResult] GetByCustomer(System.Guid, System.Threading.CancellationToken) on controller CarRental.API.Controllers.RentalsController (CarRental.API).
2026-02-02 00:16:55.014 +05:30 [INF] Getting rentals for customer: "22222222-2222-2222-2222-222222222222"
2026-02-02 00:16:55.016 +05:30 [INF] Executed DbCommand (1ms) [Parameters=[@__customerId_0='?' (DbType = Guid)], CommandType='"Text"', CommandTimeout='30']
SELECT `r`.`Id`, `r`.`ActualReturnDate`, `r`.`CarId`, `r`.`CreatedAt`, `r`.`CreatedBy`, `r`.`CustomerId`, `r`.`DailyRate`, `r`.`DamageCharges`, `r`.`DepositAmount`, `r`.`DepositReturned`, `r`.`EndDate`, `r`.`LateFee`, `r`.`Notes`, `r`.`OdometerAtPickup`, `r`.`OdometerAtReturn`, `r`.`PickupLocation`, `r`.`ReturnLocation`, `r`.`StartDate`, `r`.`Status`, `r`.`TotalCost`, `r`.`UpdatedAt`, `r`.`UpdatedBy`, `c`.`Id`, `c`.`Category`, `c`.`Color`, `c`.`CreatedAt`, `c`.`CreatedBy`, `c`.`DailyRate`, `c`.`Description`, `c`.`FuelType`, `c`.`HasAirConditioning`, `c`.`HasGPS`, `c`.`ImageUrl`, `c`.`LastMaintenanceDate`, `c`.`LicensePlate`, `c`.`Make`, `c`.`Mileage`, `c`.`Model`, `c`.`NextMaintenanceDate`, `c`.`SeatingCapacity`, `c`.`Status`, `c`.`Transmission`, `c`.`UpdatedAt`, `c`.`UpdatedBy`, `c`.`Year`, `u`.`Id`, `u`.`City`, `u`.`Country`, `u`.`CreatedAt`, `u`.`CreatedBy`, `u`.`DateOfBirth`, `u`.`DriversLicenseExpiry`, `u`.`DriversLicenseNumber`, `u`.`Email`, `u`.`FirstName`, `u`.`IsActive`, `u`.`LastLoginAt`, `u`.`LastName`, `u`.`PasswordHash`, `u`.`PhoneNumber`, `u`.`PostalCode`, `u`.`Role`, `u`.`State`, `u`.`Street`, `u`.`UpdatedAt`, `u`.`UpdatedBy`
FROM `Rentals` AS `r`
INNER JOIN `Cars` AS `c` ON `r`.`CarId` = `c`.`Id`
INNER JOIN `Users` AS `u` ON `r`.`CustomerId` = `u`.`Id`
WHERE `r`.`CustomerId` = @__customerId_0
ORDER BY `r`.`CreatedAt` DESC
2026-02-02 00:16:55.016 +05:30 [INF] Executing OkObjectResult, writing value of type 'CarRental.API.Controllers.ApiResponse`1[[System.Collections.Generic.IEnumerable`1[[CarRental.Application.DTOs.Rental.RentalDto, CarRental.Application, Version=1.0.0.0, Culture=neutral, PublicKeyToken=null]], System.Private.CoreLib, Version=8.0.0.0, Culture=neutral, PublicKeyToken=7cec85d7bea7798e]]'.
2026-02-02 00:16:55.016 +05:30 [INF] Executed action CarRental.API.Controllers.RentalsController.GetByCustomer (CarRental.API) in 3.0052ms
2026-02-02 00:16:55.016 +05:30 [INF] Executed endpoint 'CarRental.API.Controllers.RentalsController.GetByCustomer (CarRental.API)'
2026-02-02 00:16:55.017 +05:30 [INF] Request finished HTTP/1.1 GET http://localhost:5000/api/Rentals/customer/22222222-2222-2222-2222-222222222222 - 200 null application/json; charset=utf-8 3.9298ms
2026-02-02 00:16:55.020 +05:30 [INF] Request starting HTTP/1.1 GET http://localhost:5000/api/Rentals/customer/22222222-2222-2222-2222-222222222222 - null null
2026-02-02 00:16:55.020 +05:30 [INF] Executing endpoint 'CarRental.API.Controllers.RentalsController.GetByCustomer (CarRental.API)'
2026-02-02 00:16:55.021 +05:30 [INF] Route matched with {action = "GetByCustomer", controller = "Rentals"}. Executing controller action with signature System.Threading.Tasks.Task`1[Microsoft.AspNetCore.Mvc.IActionResult] GetByCustomer(System.Guid, System.Threading.CancellationToken) on controller CarRental.API.Controllers.RentalsController (CarRental.API).
2026-02-02 00:16:55.021 +05:30 [INF] Getting rentals for customer: "22222222-2222-2222-2222-222222222222"
2026-02-02 00:16:55.023 +05:30 [INF] Executed DbCommand (1ms) [Parameters=[@__customerId_0='?' (DbType = Guid)], CommandType='"Text"', CommandTimeout='30']
SELECT `r`.`Id`, `r`.`ActualReturnDate`, `r`.`CarId`, `r`.`CreatedAt`, `r`.`CreatedBy`, `r`.`CustomerId`, `r`.`DailyRate`, `r`.`DamageCharges`, `r`.`DepositAmount`, `r`.`DepositReturned`, `r`.`EndDate`, `r`.`LateFee`, `r`.`Notes`, `r`.`OdometerAtPickup`, `r`.`OdometerAtReturn`, `r`.`PickupLocation`, `r`.`ReturnLocation`, `r`.`StartDate`, `r`.`Status`, `r`.`TotalCost`, `r`.`UpdatedAt`, `r`.`UpdatedBy`, `c`.`Id`, `c`.`Category`, `c`.`Color`, `c`.`CreatedAt`, `c`.`CreatedBy`, `c`.`DailyRate`, `c`.`Description`, `c`.`FuelType`, `c`.`HasAirConditioning`, `c`.`HasGPS`, `c`.`ImageUrl`, `c`.`LastMaintenanceDate`, `c`.`LicensePlate`, `c`.`Make`, `c`.`Mileage`, `c`.`Model`, `c`.`NextMaintenanceDate`, `c`.`SeatingCapacity`, `c`.`Status`, `c`.`Transmission`, `c`.`UpdatedAt`, `c`.`UpdatedBy`, `c`.`Year`, `u`.`Id`, `u`.`City`, `u`.`Country`, `u`.`CreatedAt`, `u`.`CreatedBy`, `u`.`DateOfBirth`, `u`.`DriversLicenseExpiry`, `u`.`DriversLicenseNumber`, `u`.`Email`, `u`.`FirstName`, `u`.`IsActive`, `u`.`LastLoginAt`, `u`.`LastName`, `u`.`PasswordHash`, `u`.`PhoneNumber`, `u`.`PostalCode`, `u`.`Role`, `u`.`State`, `u`.`Street`, `u`.`UpdatedAt`, `u`.`UpdatedBy`
FROM `Rentals` AS `r`
INNER JOIN `Cars` AS `c` ON `r`.`CarId` = `c`.`Id`
INNER JOIN `Users` AS `u` ON `r`.`CustomerId` = `u`.`Id`
WHERE `r`.`CustomerId` = @__customerId_0
ORDER BY `r`.`CreatedAt` DESC
2026-02-02 00:16:55.024 +05:30 [INF] Executing OkObjectResult, writing value of type 'CarRental.API.Controllers.ApiResponse`1[[System.Collections.Generic.IEnumerable`1[[CarRental.Application.DTOs.Rental.RentalDto, CarRental.Application, Version=1.0.0.0, Culture=neutral, PublicKeyToken=null]], System.Private.CoreLib, Version=8.0.0.0, Culture=neutral, PublicKeyToken=7cec85d7bea7798e]]'.
2026-02-02 00:16:55.024 +05:30 [INF] Executed action CarRental.API.Controllers.RentalsController.GetByCustomer (CarRental.API) in 3.2871ms
2026-02-02 00:16:55.024 +05:30 [INF] Executed endpoint 'CarRental.API.Controllers.RentalsController.GetByCustomer (CarRental.API)'
2026-02-02 00:16:55.024 +05:30 [INF] Request finished HTTP/1.1 GET http://localhost:5000/api/Rentals/customer/22222222-2222-2222-2222-222222222222 - 200 null application/json; charset=utf-8 4.4894ms
2026-02-02 00:17:04.174 +05:30 [INF] Request starting HTTP/1.1 GET http://localhost:5000/api/Users/22222222-2222-2222-2222-222222222222 - null null
2026-02-02 00:17:04.175 +05:30 [INF] Executing endpoint 'CarRental.API.Controllers.UsersController.GetById (CarRental.API)'
2026-02-02 00:17:04.179 +05:30 [INF] Route matched with {action = "GetById", controller = "Users"}. Executing controller action with signature System.Threading.Tasks.Task`1[Microsoft.AspNetCore.Mvc.IActionResult] GetById(System.Guid, System.Threading.CancellationToken) on controller CarRental.API.Controllers.UsersController (CarRental.API).
2026-02-02 00:17:04.181 +05:30 [INF] Getting user with ID: "22222222-2222-2222-2222-222222222222"
2026-02-02 00:17:04.184 +05:30 [INF] Executed DbCommand (0ms) [Parameters=[@__get_Item_0='?' (DbType = Guid)], CommandType='"Text"', CommandTimeout='30']
SELECT `u`.`Id`, `u`.`City`, `u`.`Country`, `u`.`CreatedAt`, `u`.`CreatedBy`, `u`.`DateOfBirth`, `u`.`DriversLicenseExpiry`, `u`.`DriversLicenseNumber`, `u`.`Email`, `u`.`FirstName`, `u`.`IsActive`, `u`.`LastLoginAt`, `u`.`LastName`, `u`.`PasswordHash`, `u`.`PhoneNumber`, `u`.`PostalCode`, `u`.`Role`, `u`.`State`, `u`.`Street`, `u`.`UpdatedAt`, `u`.`UpdatedBy`
FROM `Users` AS `u`
WHERE `u`.`Id` = @__get_Item_0
LIMIT 1
2026-02-02 00:17:04.185 +05:30 [INF] Executing OkObjectResult, writing value of type 'CarRental.API.Controllers.ApiResponse`1[[CarRental.Application.DTOs.User.UserDto, CarRental.Application, Version=1.0.0.0, Culture=neutral, PublicKeyToken=null]]'.
2026-02-02 00:17:04.189 +05:30 [INF] Executed action CarRental.API.Controllers.UsersController.GetById (CarRental.API) in 9.2427ms
2026-02-02 00:17:04.189 +05:30 [INF] Executed endpoint 'CarRental.API.Controllers.UsersController.GetById (CarRental.API)'
2026-02-02 00:17:04.189 +05:30 [INF] Request finished HTTP/1.1 GET http://localhost:5000/api/Users/22222222-2222-2222-2222-222222222222 - 200 null application/json; charset=utf-8 14.8017ms
2026-02-02 00:17:10.805 +05:30 [INF] Request starting HTTP/1.1 PUT http://localhost:5000/api/Users/22222222-2222-2222-2222-222222222222 - application/json 158
2026-02-02 00:17:10.805 +05:30 [INF] CORS policy execution successful.
2026-02-02 00:17:10.805 +05:30 [INF] Executing endpoint 'CarRental.API.Controllers.UsersController.Update (CarRental.API)'
2026-02-02 00:17:10.808 +05:30 [INF] Route matched with {action = "Update", controller = "Users"}. Executing controller action with signature System.Threading.Tasks.Task`1[Microsoft.AspNetCore.Mvc.IActionResult] Update(System.Guid, CarRental.Application.DTOs.User.UpdateUserRequest, System.Threading.CancellationToken) on controller CarRental.API.Controllers.UsersController (CarRental.API).
2026-02-02 00:17:10.816 +05:30 [INF] Updating user with ID: "22222222-2222-2222-2222-222222222222"
2026-02-02 00:17:10.819 +05:30 [INF] Executed DbCommand (0ms) [Parameters=[@__get_Item_0='?' (DbType = Guid)], CommandType='"Text"', CommandTimeout='30']
SELECT `u`.`Id`, `u`.`City`, `u`.`Country`, `u`.`CreatedAt`, `u`.`CreatedBy`, `u`.`DateOfBirth`, `u`.`DriversLicenseExpiry`, `u`.`DriversLicenseNumber`, `u`.`Email`, `u`.`FirstName`, `u`.`IsActive`, `u`.`LastLoginAt`, `u`.`LastName`, `u`.`PasswordHash`, `u`.`PhoneNumber`, `u`.`PostalCode`, `u`.`Role`, `u`.`State`, `u`.`Street`, `u`.`UpdatedAt`, `u`.`UpdatedBy`
FROM `Users` AS `u`
WHERE `u`.`Id` = @__get_Item_0
LIMIT 1
2026-02-02 00:17:10.822 +05:30 [INF] Executed DbCommand (1ms) [Parameters=[@p20='?' (DbType = Guid), @p0='?' (Size = 4000), @p1='?' (Size = 4000), @p2='?' (DbType = DateTime), @p3='?' (Size = 4000), @p4='?' (DbType = DateTime), @p5='?' (DbType = DateTime), @p6='?' (Size = 4000), @p7='?' (Size = 255), @p8='?' (Size = 50), @p9='?' (DbType = Boolean), @p10='?' (DbType = DateTime), @p11='?' (Size = 50), @p12='?' (Size = 4000), @p13='?' (Size = 20), @p14='?' (Size = 4000), @p15='?' (DbType = Int32), @p16='?' (Size = 4000), @p17='?' (Size = 4000), @p18='?' (DbType = DateTime), @p19='?' (Size = 4000)], CommandType='"Text"', CommandTimeout='30']
SET AUTOCOMMIT = 1;
UPDATE `Users` SET `City` = @p0, `Country` = @p1, `CreatedAt` = @p2, `CreatedBy` = @p3, `DateOfBirth` = @p4, `DriversLicenseExpiry` = @p5, `DriversLicenseNumber` = @p6, `Email` = @p7, `FirstName` = @p8, `IsActive` = @p9, `LastLoginAt` = @p10, `LastName` = @p11, `PasswordHash` = @p12, `PhoneNumber` = @p13, `PostalCode` = @p14, `Role` = @p15, `State` = @p16, `Street` = @p17, `UpdatedAt` = @p18, `UpdatedBy` = @p19
WHERE `Id` = @p20;
SELECT ROW_COUNT();
2026-02-02 00:17:10.823 +05:30 [INF] Executing OkObjectResult, writing value of type 'CarRental.API.Controllers.ApiResponse`1[[CarRental.Application.DTOs.User.UserDto, CarRental.Application, Version=1.0.0.0, Culture=neutral, PublicKeyToken=null]]'.
2026-02-02 00:17:10.824 +05:30 [INF] Executed action CarRental.API.Controllers.UsersController.Update (CarRental.API) in 15.009ms
2026-02-02 00:17:10.824 +05:30 [INF] Executed endpoint 'CarRental.API.Controllers.UsersController.Update (CarRental.API)'
2026-02-02 00:17:10.824 +05:30 [INF] Request finished HTTP/1.1 PUT http://localhost:5000/api/Users/22222222-2222-2222-2222-222222222222 - 200 null application/json; charset=utf-8 19.0953ms
2026-02-02 00:17:10.836 +05:30 [INF] Request starting HTTP/1.1 GET http://localhost:5000/api/Rentals/customer/22222222-2222-2222-2222-222222222222 - null null
2026-02-02 00:17:10.836 +05:30 [INF] Executing endpoint 'CarRental.API.Controllers.RentalsController.GetByCustomer (CarRental.API)'
2026-02-02 00:17:10.836 +05:30 [INF] Route matched with {action = "GetByCustomer", controller = "Rentals"}. Executing controller action with signature System.Threading.Tasks.Task`1[Microsoft.AspNetCore.Mvc.IActionResult] GetByCustomer(System.Guid, System.Threading.CancellationToken) on controller CarRental.API.Controllers.RentalsController (CarRental.API).
2026-02-02 00:17:10.837 +05:30 [INF] Getting rentals for customer: "22222222-2222-2222-2222-222222222222"
2026-02-02 00:17:10.839 +05:30 [INF] Executed DbCommand (1ms) [Parameters=[@__customerId_0='?' (DbType = Guid)], CommandType='"Text"', CommandTimeout='30']
SELECT `r`.`Id`, `r`.`ActualReturnDate`, `r`.`CarId`, `r`.`CreatedAt`, `r`.`CreatedBy`, `r`.`CustomerId`, `r`.`DailyRate`, `r`.`DamageCharges`, `r`.`DepositAmount`, `r`.`DepositReturned`, `r`.`EndDate`, `r`.`LateFee`, `r`.`Notes`, `r`.`OdometerAtPickup`, `r`.`OdometerAtReturn`, `r`.`PickupLocation`, `r`.`ReturnLocation`, `r`.`StartDate`, `r`.`Status`, `r`.`TotalCost`, `r`.`UpdatedAt`, `r`.`UpdatedBy`, `c`.`Id`, `c`.`Category`, `c`.`Color`, `c`.`CreatedAt`, `c`.`CreatedBy`, `c`.`DailyRate`, `c`.`Description`, `c`.`FuelType`, `c`.`HasAirConditioning`, `c`.`HasGPS`, `c`.`ImageUrl`, `c`.`LastMaintenanceDate`, `c`.`LicensePlate`, `c`.`Make`, `c`.`Mileage`, `c`.`Model`, `c`.`NextMaintenanceDate`, `c`.`SeatingCapacity`, `c`.`Status`, `c`.`Transmission`, `c`.`UpdatedAt`, `c`.`UpdatedBy`, `c`.`Year`, `u`.`Id`, `u`.`City`, `u`.`Country`, `u`.`CreatedAt`, `u`.`CreatedBy`, `u`.`DateOfBirth`, `u`.`DriversLicenseExpiry`, `u`.`DriversLicenseNumber`, `u`.`Email`, `u`.`FirstName`, `u`.`IsActive`, `u`.`LastLoginAt`, `u`.`LastName`, `u`.`PasswordHash`, `u`.`PhoneNumber`, `u`.`PostalCode`, `u`.`Role`, `u`.`State`, `u`.`Street`, `u`.`UpdatedAt`, `u`.`UpdatedBy`
FROM `Rentals` AS `r`
INNER JOIN `Cars` AS `c` ON `r`.`CarId` = `c`.`Id`
INNER JOIN `Users` AS `u` ON `r`.`CustomerId` = `u`.`Id`
WHERE `r`.`CustomerId` = @__customerId_0
ORDER BY `r`.`CreatedAt` DESC
2026-02-02 00:17:10.840 +05:30 [INF] Executing OkObjectResult, writing value of type 'CarRental.API.Controllers.ApiResponse`1[[System.Collections.Generic.IEnumerable`1[[CarRental.Application.DTOs.Rental.RentalDto, CarRental.Application, Version=1.0.0.0, Culture=neutral, PublicKeyToken=null]], System.Private.CoreLib, Version=8.0.0.0, Culture=neutral, PublicKeyToken=7cec85d7bea7798e]]'.
2026-02-02 00:17:10.840 +05:30 [INF] Executed action CarRental.API.Controllers.RentalsController.GetByCustomer (CarRental.API) in 3.5441ms
2026-02-02 00:17:10.840 +05:30 [INF] Executed endpoint 'CarRental.API.Controllers.RentalsController.GetByCustomer (CarRental.API)'
2026-02-02 00:17:10.840 +05:30 [INF] Request finished HTTP/1.1 GET http://localhost:5000/api/Rentals/customer/22222222-2222-2222-2222-222222222222 - 200 null application/json; charset=utf-8 4.4785ms
2026-02-02 00:17:55.544 +05:30 [INF] Request starting HTTP/1.1 POST http://localhost:5000/api/Auth/register - application/json 117
2026-02-02 00:17:55.544 +05:30 [INF] CORS policy execution successful.
2026-02-02 00:17:55.544 +05:30 [INF] Executing endpoint 'CarRental.API.Controllers.AuthController.Register (CarRental.API)'
2026-02-02 00:17:55.548 +05:30 [INF] Route matched with {action = "Register", controller = "Auth"}. Executing controller action with signature System.Threading.Tasks.Task`1[Microsoft.AspNetCore.Mvc.IActionResult] Register(CarRental.Application.DTOs.Auth.RegisterRequest, System.Threading.CancellationToken) on controller CarRental.API.Controllers.AuthController (CarRental.API).
2026-02-02 00:17:55.567 +05:30 [INF] Executing BadRequestObjectResult, writing value of type 'Microsoft.AspNetCore.Mvc.ValidationProblemDetails'.
2026-02-02 00:17:55.575 +05:30 [INF] Executed action CarRental.API.Controllers.AuthController.Register (CarRental.API) in 26.3456ms
2026-02-02 00:17:55.576 +05:30 [INF] Executed endpoint 'CarRental.API.Controllers.AuthController.Register (CarRental.API)'
2026-02-02 00:17:55.576 +05:30 [INF] Request finished HTTP/1.1 POST http://localhost:5000/api/Auth/register - 400 null application/json; charset=utf-8 31.982ms
2026-02-02 00:18:13.055 +05:30 [INF] Request starting HTTP/1.1 POST http://localhost:5000/api/Auth/register - application/json 117
2026-02-02 00:18:13.056 +05:30 [INF] CORS policy execution successful.
2026-02-02 00:18:13.056 +05:30 [INF] Executing endpoint 'CarRental.API.Controllers.AuthController.Register (CarRental.API)'
2026-02-02 00:18:13.056 +05:30 [INF] Route matched with {action = "Register", controller = "Auth"}. Executing controller action with signature System.Threading.Tasks.Task`1[Microsoft.AspNetCore.Mvc.IActionResult] Register(CarRental.Application.DTOs.Auth.RegisterRequest, System.Threading.CancellationToken) on controller CarRental.API.Controllers.AuthController (CarRental.API).
2026-02-02 00:18:13.059 +05:30 [INF] Executing BadRequestObjectResult, writing value of type 'Microsoft.AspNetCore.Mvc.ValidationProblemDetails'.
2026-02-02 00:18:13.059 +05:30 [INF] Executed action CarRental.API.Controllers.AuthController.Register (CarRental.API) in 2.675ms
2026-02-02 00:18:13.059 +05:30 [INF] Executed endpoint 'CarRental.API.Controllers.AuthController.Register (CarRental.API)'
2026-02-02 00:18:13.059 +05:30 [INF] Request finished HTTP/1.1 POST http://localhost:5000/api/Auth/register - 400 null application/json; charset=utf-8 4.189ms
2026-02-02 00:18:21.668 +05:30 [INF] Request starting HTTP/1.1 POST http://localhost:5000/api/Auth/register - application/json 121
2026-02-02 00:18:21.669 +05:30 [INF] CORS policy execution successful.
2026-02-02 00:18:21.669 +05:30 [INF] Executing endpoint 'CarRental.API.Controllers.AuthController.Register (CarRental.API)'
2026-02-02 00:18:21.669 +05:30 [INF] Route matched with {action = "Register", controller = "Auth"}. Executing controller action with signature System.Threading.Tasks.Task`1[Microsoft.AspNetCore.Mvc.IActionResult] Register(CarRental.Application.DTOs.Auth.RegisterRequest, System.Threading.CancellationToken) on controller CarRental.API.Controllers.AuthController (CarRental.API).
2026-02-02 00:18:21.672 +05:30 [INF] Executing BadRequestObjectResult, writing value of type 'Microsoft.AspNetCore.Mvc.ValidationProblemDetails'.
2026-02-02 00:18:21.672 +05:30 [INF] Executed action CarRental.API.Controllers.AuthController.Register (CarRental.API) in 3.0898ms
2026-02-02 00:18:21.673 +05:30 [INF] Executed endpoint 'CarRental.API.Controllers.AuthController.Register (CarRental.API)'
2026-02-02 00:18:21.673 +05:30 [INF] Request finished HTTP/1.1 POST http://localhost:5000/api/Auth/register - 400 null application/json; charset=utf-8 4.3075ms
2026-02-02 00:18:22.653 +05:30 [INF] Request starting HTTP/1.1 POST http://localhost:5000/api/Auth/register - application/json 121
2026-02-02 00:18:22.653 +05:30 [INF] CORS policy execution successful.
2026-02-02 00:18:22.654 +05:30 [INF] Executing endpoint 'CarRental.API.Controllers.AuthController.Register (CarRental.API)'
2026-02-02 00:18:22.654 +05:30 [INF] Route matched with {action = "Register", controller = "Auth"}. Executing controller action with signature System.Threading.Tasks.Task`1[Microsoft.AspNetCore.Mvc.IActionResult] Register(CarRental.Application.DTOs.Auth.RegisterRequest, System.Threading.CancellationToken) on controller CarRental.API.Controllers.AuthController (CarRental.API).
2026-02-02 00:18:22.655 +05:30 [INF] Executing BadRequestObjectResult, writing value of type 'Microsoft.AspNetCore.Mvc.ValidationProblemDetails'.
2026-02-02 00:18:22.655 +05:30 [INF] Executed action CarRental.API.Controllers.AuthController.Register (CarRental.API) in 0.9917ms
2026-02-02 00:18:22.655 +05:30 [INF] Executed endpoint 'CarRental.API.Controllers.AuthController.Register (CarRental.API)'
2026-02-02 00:18:22.655 +05:30 [INF] Request finished HTTP/1.1 POST http://localhost:5000/api/Auth/register - 400 null application/json; charset=utf-8 1.5023ms
2026-02-02 00:18:22.850 +05:30 [INF] Request starting HTTP/1.1 POST http://localhost:5000/api/Auth/register - application/json 121
2026-02-02 00:18:22.851 +05:30 [INF] CORS policy execution successful.
2026-02-02 00:18:22.851 +05:30 [INF] Executing endpoint 'CarRental.API.Controllers.AuthController.Register (CarRental.API)'
2026-02-02 00:18:22.851 +05:30 [INF] Route matched with {action = "Register", controller = "Auth"}. Executing controller action with signature System.Threading.Tasks.Task`1[Microsoft.AspNetCore.Mvc.IActionResult] Register(CarRental.Application.DTOs.Auth.RegisterRequest, System.Threading.CancellationToken) on controller CarRental.API.Controllers.AuthController (CarRental.API).
2026-02-02 00:18:22.853 +05:30 [INF] Executing BadRequestObjectResult, writing value of type 'Microsoft.AspNetCore.Mvc.ValidationProblemDetails'.
2026-02-02 00:18:22.853 +05:30 [INF] Executed action CarRental.API.Controllers.AuthController.Register (CarRental.API) in 1.9146ms
2026-02-02 00:18:22.853 +05:30 [INF] Executed endpoint 'CarRental.API.Controllers.AuthController.Register (CarRental.API)'
2026-02-02 00:18:22.853 +05:30 [INF] Request finished HTTP/1.1 POST http://localhost:5000/api/Auth/register - 400 null application/json; charset=utf-8 2.8741ms
2026-02-02 00:18:23.071 +05:30 [INF] Request starting HTTP/1.1 POST http://localhost:5000/api/Auth/register - application/json 121
2026-02-02 00:18:23.071 +05:30 [INF] CORS policy execution successful.
2026-02-02 00:18:23.071 +05:30 [INF] Executing endpoint 'CarRental.API.Controllers.AuthController.Register (CarRental.API)'
2026-02-02 00:18:23.072 +05:30 [INF] Route matched with {action = "Register", controller = "Auth"}. Executing controller action with signature System.Threading.Tasks.Task`1[Microsoft.AspNetCore.Mvc.IActionResult] Register(CarRental.Application.DTOs.Auth.RegisterRequest, System.Threading.CancellationToken) on controller CarRental.API.Controllers.AuthController (CarRental.API).
2026-02-02 00:18:23.073 +05:30 [INF] Executing BadRequestObjectResult, writing value of type 'Microsoft.AspNetCore.Mvc.ValidationProblemDetails'.
2026-02-02 00:18:23.074 +05:30 [INF] Executed action CarRental.API.Controllers.AuthController.Register (CarRental.API) in 2.0292ms
2026-02-02 00:18:23.074 +05:30 [INF] Executed endpoint 'CarRental.API.Controllers.AuthController.Register (CarRental.API)'
2026-02-02 00:18:23.074 +05:30 [INF] Request finished HTTP/1.1 POST http://localhost:5000/api/Auth/register - 400 null application/json; charset=utf-8 3.0781ms
2026-02-02 00:53:28.172 +05:30 [INF] Request starting HTTP/1.1 POST http://localhost:5000/api/Auth/register - application/json 153
2026-02-02 00:53:28.174 +05:30 [INF] CORS policy execution successful.
2026-02-02 00:53:28.175 +05:30 [INF] Executing endpoint 'CarRental.API.Controllers.AuthController.Register (CarRental.API)'
2026-02-02 00:53:28.175 +05:30 [INF] Route matched with {action = "Register", controller = "Auth"}. Executing controller action with signature System.Threading.Tasks.Task`1[Microsoft.AspNetCore.Mvc.IActionResult] Register(CarRental.Application.DTOs.Auth.RegisterRequest, System.Threading.CancellationToken) on controller CarRental.API.Controllers.AuthController (CarRental.API).
2026-02-02 00:53:28.204 +05:30 [INF] User registration attempt for email: temp33443@gmail.com
2026-02-02 00:53:28.228 +05:30 [INF] Executed DbCommand (1ms) [Parameters=[@__ToLower_0='?' (Size = 255)], CommandType='"Text"', CommandTimeout='30']
SELECT EXISTS (
    SELECT 1
    FROM `Users` AS `u`
    WHERE LOWER(`u`.`Email`) = @__ToLower_0)
2026-02-02 00:53:28.343 +05:30 [INF] Executed DbCommand (4ms) [Parameters=[@p0='?' (DbType = Guid), @p1='?' (Size = 4000), @p2='?' (Size = 4000), @p3='?' (DbType = DateTime), @p4='?' (Size = 4000), @p5='?' (DbType = DateTime), @p6='?' (DbType = DateTime), @p7='?' (Size = 4000), @p8='?' (Size = 255), @p9='?' (Size = 50), @p10='?' (DbType = Boolean), @p11='?' (DbType = DateTime), @p12='?' (Size = 50), @p13='?' (Size = 4000), @p14='?' (Size = 20), @p15='?' (Size = 4000), @p16='?' (DbType = Int32), @p17='?' (Size = 4000), @p18='?' (Size = 4000), @p19='?' (DbType = DateTime), @p20='?' (Size = 4000)], CommandType='"Text"', CommandTimeout='30']
SET AUTOCOMMIT = 1;
INSERT INTO `Users` (`Id`, `City`, `Country`, `CreatedAt`, `CreatedBy`, `DateOfBirth`, `DriversLicenseExpiry`, `DriversLicenseNumber`, `Email`, `FirstName`, `IsActive`, `LastLoginAt`, `LastName`, `PasswordHash`, `PhoneNumber`, `PostalCode`, `Role`, `State`, `Street`, `UpdatedAt`, `UpdatedBy`)
VALUES (@p0, @p1, @p2, @p3, @p4, @p5, @p6, @p7, @p8, @p9, @p10, @p11, @p12, @p13, @p14, @p15, @p16, @p17, @p18, @p19, @p20);
2026-02-02 00:53:28.343 +05:30 [INF] Executing OkObjectResult, writing value of type 'CarRental.API.Controllers.ApiResponse`1[[CarRental.Application.DTOs.Auth.AuthResponse, CarRental.Application, Version=1.0.0.0, Culture=neutral, PublicKeyToken=null]]'.
2026-02-02 00:53:28.343 +05:30 [INF] Executed action CarRental.API.Controllers.AuthController.Register (CarRental.API) in 167.8671ms
2026-02-02 00:53:28.344 +05:30 [INF] Executed endpoint 'CarRental.API.Controllers.AuthController.Register (CarRental.API)'
2026-02-02 00:53:28.344 +05:30 [INF] Request finished HTTP/1.1 POST http://localhost:5000/api/Auth/register - 200 null application/json; charset=utf-8 171.8903ms
2026-02-02 00:53:28.383 +05:30 [INF] Request starting HTTP/1.1 GET http://localhost:5000/api/Rentals/customer/06a2cba3-0901-42a4-930d-bcc9f957041b - null null
2026-02-02 00:53:28.384 +05:30 [INF] Executing endpoint 'CarRental.API.Controllers.RentalsController.GetByCustomer (CarRental.API)'
2026-02-02 00:53:28.384 +05:30 [INF] Route matched with {action = "GetByCustomer", controller = "Rentals"}. Executing controller action with signature System.Threading.Tasks.Task`1[Microsoft.AspNetCore.Mvc.IActionResult] GetByCustomer(System.Guid, System.Threading.CancellationToken) on controller CarRental.API.Controllers.RentalsController (CarRental.API).
2026-02-02 00:53:28.384 +05:30 [INF] Getting rentals for customer: "06a2cba3-0901-42a4-930d-bcc9f957041b"
2026-02-02 00:53:28.386 +05:30 [INF] Executed DbCommand (1ms) [Parameters=[@__customerId_0='?' (DbType = Guid)], CommandType='"Text"', CommandTimeout='30']
SELECT `r`.`Id`, `r`.`ActualReturnDate`, `r`.`CarId`, `r`.`CreatedAt`, `r`.`CreatedBy`, `r`.`CustomerId`, `r`.`DailyRate`, `r`.`DamageCharges`, `r`.`DepositAmount`, `r`.`DepositReturned`, `r`.`EndDate`, `r`.`LateFee`, `r`.`Notes`, `r`.`OdometerAtPickup`, `r`.`OdometerAtReturn`, `r`.`PickupLocation`, `r`.`ReturnLocation`, `r`.`StartDate`, `r`.`Status`, `r`.`TotalCost`, `r`.`UpdatedAt`, `r`.`UpdatedBy`, `c`.`Id`, `c`.`Category`, `c`.`Color`, `c`.`CreatedAt`, `c`.`CreatedBy`, `c`.`DailyRate`, `c`.`Description`, `c`.`FuelType`, `c`.`HasAirConditioning`, `c`.`HasGPS`, `c`.`ImageUrl`, `c`.`LastMaintenanceDate`, `c`.`LicensePlate`, `c`.`Make`, `c`.`Mileage`, `c`.`Model`, `c`.`NextMaintenanceDate`, `c`.`SeatingCapacity`, `c`.`Status`, `c`.`Transmission`, `c`.`UpdatedAt`, `c`.`UpdatedBy`, `c`.`Year`, `u`.`Id`, `u`.`City`, `u`.`Country`, `u`.`CreatedAt`, `u`.`CreatedBy`, `u`.`DateOfBirth`, `u`.`DriversLicenseExpiry`, `u`.`DriversLicenseNumber`, `u`.`Email`, `u`.`FirstName`, `u`.`IsActive`, `u`.`LastLoginAt`, `u`.`LastName`, `u`.`PasswordHash`, `u`.`PhoneNumber`, `u`.`PostalCode`, `u`.`Role`, `u`.`State`, `u`.`Street`, `u`.`UpdatedAt`, `u`.`UpdatedBy`
FROM `Rentals` AS `r`
INNER JOIN `Cars` AS `c` ON `r`.`CarId` = `c`.`Id`
INNER JOIN `Users` AS `u` ON `r`.`CustomerId` = `u`.`Id`
WHERE `r`.`CustomerId` = @__customerId_0
ORDER BY `r`.`CreatedAt` DESC
2026-02-02 00:53:28.386 +05:30 [INF] Executing OkObjectResult, writing value of type 'CarRental.API.Controllers.ApiResponse`1[[System.Collections.Generic.IEnumerable`1[[CarRental.Application.DTOs.Rental.RentalDto, CarRental.Application, Version=1.0.0.0, Culture=neutral, PublicKeyToken=null]], System.Private.CoreLib, Version=8.0.0.0, Culture=neutral, PublicKeyToken=7cec85d7bea7798e]]'.
2026-02-02 00:53:28.386 +05:30 [INF] Executed action CarRental.API.Controllers.RentalsController.GetByCustomer (CarRental.API) in 2.0622ms
2026-02-02 00:53:28.386 +05:30 [INF] Executed endpoint 'CarRental.API.Controllers.RentalsController.GetByCustomer (CarRental.API)'
2026-02-02 00:53:28.386 +05:30 [INF] Request finished HTTP/1.1 GET http://localhost:5000/api/Rentals/customer/06a2cba3-0901-42a4-930d-bcc9f957041b - 200 null application/json; charset=utf-8 2.7527ms
2026-02-02 00:53:28.387 +05:30 [INF] Request starting HTTP/1.1 GET http://localhost:5000/api/Rentals/customer/06a2cba3-0901-42a4-930d-bcc9f957041b - null null
2026-02-02 00:53:28.387 +05:30 [INF] Executing endpoint 'CarRental.API.Controllers.RentalsController.GetByCustomer (CarRental.API)'
2026-02-02 00:53:28.387 +05:30 [INF] Route matched with {action = "GetByCustomer", controller = "Rentals"}. Executing controller action with signature System.Threading.Tasks.Task`1[Microsoft.AspNetCore.Mvc.IActionResult] GetByCustomer(System.Guid, System.Threading.CancellationToken) on controller CarRental.API.Controllers.RentalsController (CarRental.API).
2026-02-02 00:53:28.388 +05:30 [INF] Getting rentals for customer: "06a2cba3-0901-42a4-930d-bcc9f957041b"
2026-02-02 00:53:28.389 +05:30 [INF] Executed DbCommand (1ms) [Parameters=[@__customerId_0='?' (DbType = Guid)], CommandType='"Text"', CommandTimeout='30']
SELECT `r`.`Id`, `r`.`ActualReturnDate`, `r`.`CarId`, `r`.`CreatedAt`, `r`.`CreatedBy`, `r`.`CustomerId`, `r`.`DailyRate`, `r`.`DamageCharges`, `r`.`DepositAmount`, `r`.`DepositReturned`, `r`.`EndDate`, `r`.`LateFee`, `r`.`Notes`, `r`.`OdometerAtPickup`, `r`.`OdometerAtReturn`, `r`.`PickupLocation`, `r`.`ReturnLocation`, `r`.`StartDate`, `r`.`Status`, `r`.`TotalCost`, `r`.`UpdatedAt`, `r`.`UpdatedBy`, `c`.`Id`, `c`.`Category`, `c`.`Color`, `c`.`CreatedAt`, `c`.`CreatedBy`, `c`.`DailyRate`, `c`.`Description`, `c`.`FuelType`, `c`.`HasAirConditioning`, `c`.`HasGPS`, `c`.`ImageUrl`, `c`.`LastMaintenanceDate`, `c`.`LicensePlate`, `c`.`Make`, `c`.`Mileage`, `c`.`Model`, `c`.`NextMaintenanceDate`, `c`.`SeatingCapacity`, `c`.`Status`, `c`.`Transmission`, `c`.`UpdatedAt`, `c`.`UpdatedBy`, `c`.`Year`, `u`.`Id`, `u`.`City`, `u`.`Country`, `u`.`CreatedAt`, `u`.`CreatedBy`, `u`.`DateOfBirth`, `u`.`DriversLicenseExpiry`, `u`.`DriversLicenseNumber`, `u`.`Email`, `u`.`FirstName`, `u`.`IsActive`, `u`.`LastLoginAt`, `u`.`LastName`, `u`.`PasswordHash`, `u`.`PhoneNumber`, `u`.`PostalCode`, `u`.`Role`, `u`.`State`, `u`.`Street`, `u`.`UpdatedAt`, `u`.`UpdatedBy`
FROM `Rentals` AS `r`
INNER JOIN `Cars` AS `c` ON `r`.`CarId` = `c`.`Id`
INNER JOIN `Users` AS `u` ON `r`.`CustomerId` = `u`.`Id`
WHERE `r`.`CustomerId` = @__customerId_0
ORDER BY `r`.`CreatedAt` DESC
2026-02-02 00:53:28.389 +05:30 [INF] Executing OkObjectResult, writing value of type 'CarRental.API.Controllers.ApiResponse`1[[System.Collections.Generic.IEnumerable`1[[CarRental.Application.DTOs.Rental.RentalDto, CarRental.Application, Version=1.0.0.0, Culture=neutral, PublicKeyToken=null]], System.Private.CoreLib, Version=8.0.0.0, Culture=neutral, PublicKeyToken=7cec85d7bea7798e]]'.
2026-02-02 00:53:28.389 +05:30 [INF] Executed action CarRental.API.Controllers.RentalsController.GetByCustomer (CarRental.API) in 1.9909ms
2026-02-02 00:53:28.389 +05:30 [INF] Executed endpoint 'CarRental.API.Controllers.RentalsController.GetByCustomer (CarRental.API)'
2026-02-02 00:53:28.389 +05:30 [INF] Request finished HTTP/1.1 GET http://localhost:5000/api/Rentals/customer/06a2cba3-0901-42a4-930d-bcc9f957041b - 200 null application/json; charset=utf-8 2.3595ms
2026-02-02 00:53:34.054 +05:30 [INF] Request starting HTTP/1.1 GET http://localhost:5000/api/Cars - null null
2026-02-02 00:53:34.055 +05:30 [INF] Executing endpoint 'CarRental.API.Controllers.CarsController.GetAll (CarRental.API)'
2026-02-02 00:53:34.055 +05:30 [INF] Route matched with {action = "GetAll", controller = "Cars"}. Executing controller action with signature System.Threading.Tasks.Task`1[Microsoft.AspNetCore.Mvc.IActionResult] GetAll(System.Threading.CancellationToken) on controller CarRental.API.Controllers.CarsController (CarRental.API).
2026-02-02 00:53:34.056 +05:30 [INF] Getting all cars
2026-02-02 00:53:34.057 +05:30 [INF] Executed DbCommand (1ms) [Parameters=[], CommandType='"Text"', CommandTimeout='30']
SELECT `c`.`Id`, `c`.`Category`, `c`.`Color`, `c`.`CreatedAt`, `c`.`CreatedBy`, `c`.`DailyRate`, `c`.`Description`, `c`.`FuelType`, `c`.`HasAirConditioning`, `c`.`HasGPS`, `c`.`ImageUrl`, `c`.`LastMaintenanceDate`, `c`.`LicensePlate`, `c`.`Make`, `c`.`Mileage`, `c`.`Model`, `c`.`NextMaintenanceDate`, `c`.`SeatingCapacity`, `c`.`Status`, `c`.`Transmission`, `c`.`UpdatedAt`, `c`.`UpdatedBy`, `c`.`Year`
FROM `Cars` AS `c`
2026-02-02 00:53:34.058 +05:30 [INF] Executing OkObjectResult, writing value of type 'CarRental.API.Controllers.ApiResponse`1[[System.Collections.Generic.IEnumerable`1[[CarRental.Application.DTOs.Car.CarDto, CarRental.Application, Version=1.0.0.0, Culture=neutral, PublicKeyToken=null]], System.Private.CoreLib, Version=8.0.0.0, Culture=neutral, PublicKeyToken=7cec85d7bea7798e]]'.
2026-02-02 00:53:34.058 +05:30 [INF] Executed action CarRental.API.Controllers.CarsController.GetAll (CarRental.API) in 3.1962ms
2026-02-02 00:53:34.058 +05:30 [INF] Executed endpoint 'CarRental.API.Controllers.CarsController.GetAll (CarRental.API)'
2026-02-02 00:53:34.059 +05:30 [INF] Request finished HTTP/1.1 GET http://localhost:5000/api/Cars - 200 null application/json; charset=utf-8 4.4754ms
2026-02-02 00:53:34.060 +05:30 [INF] Request starting HTTP/1.1 GET http://localhost:5000/api/Cars - null null
2026-02-02 00:53:34.060 +05:30 [INF] Executing endpoint 'CarRental.API.Controllers.CarsController.GetAll (CarRental.API)'
2026-02-02 00:53:34.060 +05:30 [INF] Route matched with {action = "GetAll", controller = "Cars"}. Executing controller action with signature System.Threading.Tasks.Task`1[Microsoft.AspNetCore.Mvc.IActionResult] GetAll(System.Threading.CancellationToken) on controller CarRental.API.Controllers.CarsController (CarRental.API).
2026-02-02 00:53:34.061 +05:30 [INF] Getting all cars
2026-02-02 00:53:34.062 +05:30 [INF] Executed DbCommand (0ms) [Parameters=[], CommandType='"Text"', CommandTimeout='30']
SELECT `c`.`Id`, `c`.`Category`, `c`.`Color`, `c`.`CreatedAt`, `c`.`CreatedBy`, `c`.`DailyRate`, `c`.`Description`, `c`.`FuelType`, `c`.`HasAirConditioning`, `c`.`HasGPS`, `c`.`ImageUrl`, `c`.`LastMaintenanceDate`, `c`.`LicensePlate`, `c`.`Make`, `c`.`Mileage`, `c`.`Model`, `c`.`NextMaintenanceDate`, `c`.`SeatingCapacity`, `c`.`Status`, `c`.`Transmission`, `c`.`UpdatedAt`, `c`.`UpdatedBy`, `c`.`Year`
FROM `Cars` AS `c`
2026-02-02 00:53:34.062 +05:30 [INF] Executing OkObjectResult, writing value of type 'CarRental.API.Controllers.ApiResponse`1[[System.Collections.Generic.IEnumerable`1[[CarRental.Application.DTOs.Car.CarDto, CarRental.Application, Version=1.0.0.0, Culture=neutral, PublicKeyToken=null]], System.Private.CoreLib, Version=8.0.0.0, Culture=neutral, PublicKeyToken=7cec85d7bea7798e]]'.
2026-02-02 00:53:34.062 +05:30 [INF] Executed action CarRental.API.Controllers.CarsController.GetAll (CarRental.API) in 1.3675ms
2026-02-02 00:53:34.062 +05:30 [INF] Executed endpoint 'CarRental.API.Controllers.CarsController.GetAll (CarRental.API)'
2026-02-02 00:53:34.062 +05:30 [INF] Request finished HTTP/1.1 GET http://localhost:5000/api/Cars - 200 null application/json; charset=utf-8 1.9042ms
2026-02-02 00:53:36.386 +05:30 [INF] Request starting HTTP/1.1 GET http://localhost:5000/api/Cars/33333333-3333-3333-3333-333333333333 - null null
2026-02-02 00:53:36.386 +05:30 [INF] Executing endpoint 'CarRental.API.Controllers.CarsController.GetById (CarRental.API)'
2026-02-02 00:53:36.386 +05:30 [INF] Route matched with {action = "GetById", controller = "Cars"}. Executing controller action with signature System.Threading.Tasks.Task`1[Microsoft.AspNetCore.Mvc.IActionResult] GetById(System.Guid, System.Threading.CancellationToken) on controller CarRental.API.Controllers.CarsController (CarRental.API).
2026-02-02 00:53:36.387 +05:30 [INF] Getting car with ID: "33333333-3333-3333-3333-333333333333"
2026-02-02 00:53:36.389 +05:30 [INF] Executed DbCommand (0ms) [Parameters=[@__get_Item_0='?' (DbType = Guid)], CommandType='"Text"', CommandTimeout='30']
SELECT `c`.`Id`, `c`.`Category`, `c`.`Color`, `c`.`CreatedAt`, `c`.`CreatedBy`, `c`.`DailyRate`, `c`.`Description`, `c`.`FuelType`, `c`.`HasAirConditioning`, `c`.`HasGPS`, `c`.`ImageUrl`, `c`.`LastMaintenanceDate`, `c`.`LicensePlate`, `c`.`Make`, `c`.`Mileage`, `c`.`Model`, `c`.`NextMaintenanceDate`, `c`.`SeatingCapacity`, `c`.`Status`, `c`.`Transmission`, `c`.`UpdatedAt`, `c`.`UpdatedBy`, `c`.`Year`
FROM `Cars` AS `c`
WHERE `c`.`Id` = @__get_Item_0
LIMIT 1
2026-02-02 00:53:36.389 +05:30 [INF] Executing OkObjectResult, writing value of type 'CarRental.API.Controllers.ApiResponse`1[[CarRental.Application.DTOs.Car.CarDto, CarRental.Application, Version=1.0.0.0, Culture=neutral, PublicKeyToken=null]]'.
2026-02-02 00:53:36.390 +05:30 [INF] Executed action CarRental.API.Controllers.CarsController.GetById (CarRental.API) in 3.1963ms
2026-02-02 00:53:36.390 +05:30 [INF] Executed endpoint 'CarRental.API.Controllers.CarsController.GetById (CarRental.API)'
2026-02-02 00:53:36.390 +05:30 [INF] Request finished HTTP/1.1 GET http://localhost:5000/api/Cars/33333333-3333-3333-3333-333333333333 - 200 null application/json; charset=utf-8 4.0863ms
2026-02-02 00:53:36.391 +05:30 [INF] Request starting HTTP/1.1 GET http://localhost:5000/api/Cars/33333333-3333-3333-3333-333333333333 - null null
2026-02-02 00:53:36.391 +05:30 [INF] Executing endpoint 'CarRental.API.Controllers.CarsController.GetById (CarRental.API)'
2026-02-02 00:53:36.392 +05:30 [INF] Route matched with {action = "GetById", controller = "Cars"}. Executing controller action with signature System.Threading.Tasks.Task`1[Microsoft.AspNetCore.Mvc.IActionResult] GetById(System.Guid, System.Threading.CancellationToken) on controller CarRental.API.Controllers.CarsController (CarRental.API).
2026-02-02 00:53:36.392 +05:30 [INF] Getting car with ID: "33333333-3333-3333-3333-333333333333"
2026-02-02 00:53:36.393 +05:30 [INF] Executed DbCommand (0ms) [Parameters=[@__get_Item_0='?' (DbType = Guid)], CommandType='"Text"', CommandTimeout='30']
SELECT `c`.`Id`, `c`.`Category`, `c`.`Color`, `c`.`CreatedAt`, `c`.`CreatedBy`, `c`.`DailyRate`, `c`.`Description`, `c`.`FuelType`, `c`.`HasAirConditioning`, `c`.`HasGPS`, `c`.`ImageUrl`, `c`.`LastMaintenanceDate`, `c`.`LicensePlate`, `c`.`Make`, `c`.`Mileage`, `c`.`Model`, `c`.`NextMaintenanceDate`, `c`.`SeatingCapacity`, `c`.`Status`, `c`.`Transmission`, `c`.`UpdatedAt`, `c`.`UpdatedBy`, `c`.`Year`
FROM `Cars` AS `c`
WHERE `c`.`Id` = @__get_Item_0
LIMIT 1
2026-02-02 00:53:36.393 +05:30 [INF] Executing OkObjectResult, writing value of type 'CarRental.API.Controllers.ApiResponse`1[[CarRental.Application.DTOs.Car.CarDto, CarRental.Application, Version=1.0.0.0, Culture=neutral, PublicKeyToken=null]]'.
2026-02-02 00:53:36.393 +05:30 [INF] Executed action CarRental.API.Controllers.CarsController.GetById (CarRental.API) in 1.8733ms
2026-02-02 00:53:36.394 +05:30 [INF] Executed endpoint 'CarRental.API.Controllers.CarsController.GetById (CarRental.API)'
2026-02-02 00:53:36.394 +05:30 [INF] Request finished HTTP/1.1 GET http://localhost:5000/api/Cars/33333333-3333-3333-3333-333333333333 - 200 null application/json; charset=utf-8 2.4822ms
2026-02-02 00:53:41.005 +05:30 [INF] Request starting HTTP/1.1 GET http://localhost:5000/api/Cars - null null
2026-02-02 00:53:41.005 +05:30 [INF] Executing endpoint 'CarRental.API.Controllers.CarsController.GetAll (CarRental.API)'
2026-02-02 00:53:41.005 +05:30 [INF] Route matched with {action = "GetAll", controller = "Cars"}. Executing controller action with signature System.Threading.Tasks.Task`1[Microsoft.AspNetCore.Mvc.IActionResult] GetAll(System.Threading.CancellationToken) on controller CarRental.API.Controllers.CarsController (CarRental.API).
2026-02-02 00:53:41.005 +05:30 [INF] Getting all cars
2026-02-02 00:53:41.006 +05:30 [INF] Executed DbCommand (0ms) [Parameters=[], CommandType='"Text"', CommandTimeout='30']
SELECT `c`.`Id`, `c`.`Category`, `c`.`Color`, `c`.`CreatedAt`, `c`.`CreatedBy`, `c`.`DailyRate`, `c`.`Description`, `c`.`FuelType`, `c`.`HasAirConditioning`, `c`.`HasGPS`, `c`.`ImageUrl`, `c`.`LastMaintenanceDate`, `c`.`LicensePlate`, `c`.`Make`, `c`.`Mileage`, `c`.`Model`, `c`.`NextMaintenanceDate`, `c`.`SeatingCapacity`, `c`.`Status`, `c`.`Transmission`, `c`.`UpdatedAt`, `c`.`UpdatedBy`, `c`.`Year`
FROM `Cars` AS `c`
2026-02-02 00:53:41.007 +05:30 [INF] Executing OkObjectResult, writing value of type 'CarRental.API.Controllers.ApiResponse`1[[System.Collections.Generic.IEnumerable`1[[CarRental.Application.DTOs.Car.CarDto, CarRental.Application, Version=1.0.0.0, Culture=neutral, PublicKeyToken=null]], System.Private.CoreLib, Version=8.0.0.0, Culture=neutral, PublicKeyToken=7cec85d7bea7798e]]'.
2026-02-02 00:53:41.007 +05:30 [INF] Executed action CarRental.API.Controllers.CarsController.GetAll (CarRental.API) in 1.7016ms
2026-02-02 00:53:41.007 +05:30 [INF] Executed endpoint 'CarRental.API.Controllers.CarsController.GetAll (CarRental.API)'
2026-02-02 00:53:41.007 +05:30 [INF] Request finished HTTP/1.1 GET http://localhost:5000/api/Cars - 200 null application/json; charset=utf-8 2.3006ms
2026-02-02 00:53:41.009 +05:30 [INF] Request starting HTTP/1.1 GET http://localhost:5000/api/Cars - null null
2026-02-02 00:53:41.009 +05:30 [INF] Executing endpoint 'CarRental.API.Controllers.CarsController.GetAll (CarRental.API)'
2026-02-02 00:53:41.009 +05:30 [INF] Route matched with {action = "GetAll", controller = "Cars"}. Executing controller action with signature System.Threading.Tasks.Task`1[Microsoft.AspNetCore.Mvc.IActionResult] GetAll(System.Threading.CancellationToken) on controller CarRental.API.Controllers.CarsController (CarRental.API).
2026-02-02 00:53:41.009 +05:30 [INF] Getting all cars
2026-02-02 00:53:41.010 +05:30 [INF] Executed DbCommand (0ms) [Parameters=[], CommandType='"Text"', CommandTimeout='30']
SELECT `c`.`Id`, `c`.`Category`, `c`.`Color`, `c`.`CreatedAt`, `c`.`CreatedBy`, `c`.`DailyRate`, `c`.`Description`, `c`.`FuelType`, `c`.`HasAirConditioning`, `c`.`HasGPS`, `c`.`ImageUrl`, `c`.`LastMaintenanceDate`, `c`.`LicensePlate`, `c`.`Make`, `c`.`Mileage`, `c`.`Model`, `c`.`NextMaintenanceDate`, `c`.`SeatingCapacity`, `c`.`Status`, `c`.`Transmission`, `c`.`UpdatedAt`, `c`.`UpdatedBy`, `c`.`Year`
FROM `Cars` AS `c`
2026-02-02 00:53:41.010 +05:30 [INF] Executing OkObjectResult, writing value of type 'CarRental.API.Controllers.ApiResponse`1[[System.Collections.Generic.IEnumerable`1[[CarRental.Application.DTOs.Car.CarDto, CarRental.Application, Version=1.0.0.0, Culture=neutral, PublicKeyToken=null]], System.Private.CoreLib, Version=8.0.0.0, Culture=neutral, PublicKeyToken=7cec85d7bea7798e]]'.
2026-02-02 00:53:41.011 +05:30 [INF] Executed action CarRental.API.Controllers.CarsController.GetAll (CarRental.API) in 1.59ms
2026-02-02 00:53:41.011 +05:30 [INF] Executed endpoint 'CarRental.API.Controllers.CarsController.GetAll (CarRental.API)'
2026-02-02 00:53:41.011 +05:30 [INF] Request finished HTTP/1.1 GET http://localhost:5000/api/Cars - 200 null application/json; charset=utf-8 2.111ms
2026-02-02 00:55:37.261 +05:30 [INF] Request starting HTTP/1.1 POST http://localhost:5000/api/Auth/login - application/json 54
2026-02-02 00:55:37.262 +05:30 [INF] CORS policy execution successful.
2026-02-02 00:55:37.262 +05:30 [INF] Executing endpoint 'CarRental.API.Controllers.AuthController.Login (CarRental.API)'
2026-02-02 00:55:37.262 +05:30 [INF] Route matched with {action = "Login", controller = "Auth"}. Executing controller action with signature System.Threading.Tasks.Task`1[Microsoft.AspNetCore.Mvc.IActionResult] Login(CarRental.Application.DTOs.Auth.LoginRequest, System.Threading.CancellationToken) on controller CarRental.API.Controllers.AuthController (CarRental.API).
2026-02-02 00:55:37.263 +05:30 [INF] Login attempt for email: admin@carrental.com
2026-02-02 00:55:37.265 +05:30 [INF] Executed DbCommand (1ms) [Parameters=[@__ToLower_0='?' (Size = 255)], CommandType='"Text"', CommandTimeout='30']
SELECT `u`.`Id`, `u`.`City`, `u`.`Country`, `u`.`CreatedAt`, `u`.`CreatedBy`, `u`.`DateOfBirth`, `u`.`DriversLicenseExpiry`, `u`.`DriversLicenseNumber`, `u`.`Email`, `u`.`FirstName`, `u`.`IsActive`, `u`.`LastLoginAt`, `u`.`LastName`, `u`.`PasswordHash`, `u`.`PhoneNumber`, `u`.`PostalCode`, `u`.`Role`, `u`.`State`, `u`.`Street`, `u`.`UpdatedAt`, `u`.`UpdatedBy`
FROM `Users` AS `u`
WHERE LOWER(`u`.`Email`) = @__ToLower_0
LIMIT 1
2026-02-02 00:55:37.398 +05:30 [INF] Executed DbCommand (2ms) [Parameters=[@p20='?' (DbType = Guid), @p0='?' (Size = 4000), @p1='?' (Size = 4000), @p2='?' (DbType = DateTime), @p3='?' (Size = 4000), @p4='?' (DbType = DateTime), @p5='?' (DbType = DateTime), @p6='?' (Size = 4000), @p7='?' (Size = 255), @p8='?' (Size = 50), @p9='?' (DbType = Boolean), @p10='?' (DbType = DateTime), @p11='?' (Size = 50), @p12='?' (Size = 4000), @p13='?' (Size = 20), @p14='?' (Size = 4000), @p15='?' (DbType = Int32), @p16='?' (Size = 4000), @p17='?' (Size = 4000), @p18='?' (DbType = DateTime), @p19='?' (Size = 4000)], CommandType='"Text"', CommandTimeout='30']
SET AUTOCOMMIT = 1;
UPDATE `Users` SET `City` = @p0, `Country` = @p1, `CreatedAt` = @p2, `CreatedBy` = @p3, `DateOfBirth` = @p4, `DriversLicenseExpiry` = @p5, `DriversLicenseNumber` = @p6, `Email` = @p7, `FirstName` = @p8, `IsActive` = @p9, `LastLoginAt` = @p10, `LastName` = @p11, `PasswordHash` = @p12, `PhoneNumber` = @p13, `PostalCode` = @p14, `Role` = @p15, `State` = @p16, `Street` = @p17, `UpdatedAt` = @p18, `UpdatedBy` = @p19
WHERE `Id` = @p20;
SELECT ROW_COUNT();
2026-02-02 00:55:37.399 +05:30 [INF] Executing OkObjectResult, writing value of type 'CarRental.API.Controllers.ApiResponse`1[[CarRental.Application.DTOs.Auth.AuthResponse, CarRental.Application, Version=1.0.0.0, Culture=neutral, PublicKeyToken=null]]'.
2026-02-02 00:55:37.399 +05:30 [INF] Executed action CarRental.API.Controllers.AuthController.Login (CarRental.API) in 136.6557ms
2026-02-02 00:55:37.399 +05:30 [INF] Executed endpoint 'CarRental.API.Controllers.AuthController.Login (CarRental.API)'
2026-02-02 00:55:37.399 +05:30 [INF] Request finished HTTP/1.1 POST http://localhost:5000/api/Auth/login - 200 null application/json; charset=utf-8 138.0011ms
2026-02-02 00:55:37.410 +05:30 [INF] Request starting HTTP/1.1 GET http://localhost:5000/api/Rentals/customer/11111111-1111-1111-1111-111111111111 - null null
2026-02-02 00:55:37.410 +05:30 [INF] Executing endpoint 'CarRental.API.Controllers.RentalsController.GetByCustomer (CarRental.API)'
2026-02-02 00:55:37.410 +05:30 [INF] Route matched with {action = "GetByCustomer", controller = "Rentals"}. Executing controller action with signature System.Threading.Tasks.Task`1[Microsoft.AspNetCore.Mvc.IActionResult] GetByCustomer(System.Guid, System.Threading.CancellationToken) on controller CarRental.API.Controllers.RentalsController (CarRental.API).
2026-02-02 00:55:37.411 +05:30 [INF] Getting rentals for customer: "11111111-1111-1111-1111-111111111111"
2026-02-02 00:55:37.412 +05:30 [INF] Executed DbCommand (0ms) [Parameters=[@__customerId_0='?' (DbType = Guid)], CommandType='"Text"', CommandTimeout='30']
SELECT `r`.`Id`, `r`.`ActualReturnDate`, `r`.`CarId`, `r`.`CreatedAt`, `r`.`CreatedBy`, `r`.`CustomerId`, `r`.`DailyRate`, `r`.`DamageCharges`, `r`.`DepositAmount`, `r`.`DepositReturned`, `r`.`EndDate`, `r`.`LateFee`, `r`.`Notes`, `r`.`OdometerAtPickup`, `r`.`OdometerAtReturn`, `r`.`PickupLocation`, `r`.`ReturnLocation`, `r`.`StartDate`, `r`.`Status`, `r`.`TotalCost`, `r`.`UpdatedAt`, `r`.`UpdatedBy`, `c`.`Id`, `c`.`Category`, `c`.`Color`, `c`.`CreatedAt`, `c`.`CreatedBy`, `c`.`DailyRate`, `c`.`Description`, `c`.`FuelType`, `c`.`HasAirConditioning`, `c`.`HasGPS`, `c`.`ImageUrl`, `c`.`LastMaintenanceDate`, `c`.`LicensePlate`, `c`.`Make`, `c`.`Mileage`, `c`.`Model`, `c`.`NextMaintenanceDate`, `c`.`SeatingCapacity`, `c`.`Status`, `c`.`Transmission`, `c`.`UpdatedAt`, `c`.`UpdatedBy`, `c`.`Year`, `u`.`Id`, `u`.`City`, `u`.`Country`, `u`.`CreatedAt`, `u`.`CreatedBy`, `u`.`DateOfBirth`, `u`.`DriversLicenseExpiry`, `u`.`DriversLicenseNumber`, `u`.`Email`, `u`.`FirstName`, `u`.`IsActive`, `u`.`LastLoginAt`, `u`.`LastName`, `u`.`PasswordHash`, `u`.`PhoneNumber`, `u`.`PostalCode`, `u`.`Role`, `u`.`State`, `u`.`Street`, `u`.`UpdatedAt`, `u`.`UpdatedBy`
FROM `Rentals` AS `r`
INNER JOIN `Cars` AS `c` ON `r`.`CarId` = `c`.`Id`
INNER JOIN `Users` AS `u` ON `r`.`CustomerId` = `u`.`Id`
WHERE `r`.`CustomerId` = @__customerId_0
ORDER BY `r`.`CreatedAt` DESC
2026-02-02 00:55:37.412 +05:30 [INF] Executing OkObjectResult, writing value of type 'CarRental.API.Controllers.ApiResponse`1[[System.Collections.Generic.IEnumerable`1[[CarRental.Application.DTOs.Rental.RentalDto, CarRental.Application, Version=1.0.0.0, Culture=neutral, PublicKeyToken=null]], System.Private.CoreLib, Version=8.0.0.0, Culture=neutral, PublicKeyToken=7cec85d7bea7798e]]'.
2026-02-02 00:55:37.412 +05:30 [INF] Executed action CarRental.API.Controllers.RentalsController.GetByCustomer (CarRental.API) in 1.6294ms
2026-02-02 00:55:37.412 +05:30 [INF] Executed endpoint 'CarRental.API.Controllers.RentalsController.GetByCustomer (CarRental.API)'
2026-02-02 00:55:37.412 +05:30 [INF] Request finished HTTP/1.1 GET http://localhost:5000/api/Rentals/customer/11111111-1111-1111-1111-111111111111 - 200 null application/json; charset=utf-8 2.6215ms
2026-02-02 00:55:37.414 +05:30 [INF] Request starting HTTP/1.1 GET http://localhost:5000/api/Rentals/customer/11111111-1111-1111-1111-111111111111 - null null
2026-02-02 00:55:37.415 +05:30 [INF] Executing endpoint 'CarRental.API.Controllers.RentalsController.GetByCustomer (CarRental.API)'
2026-02-02 00:55:37.415 +05:30 [INF] Route matched with {action = "GetByCustomer", controller = "Rentals"}. Executing controller action with signature System.Threading.Tasks.Task`1[Microsoft.AspNetCore.Mvc.IActionResult] GetByCustomer(System.Guid, System.Threading.CancellationToken) on controller CarRental.API.Controllers.RentalsController (CarRental.API).
2026-02-02 00:55:37.415 +05:30 [INF] Getting rentals for customer: "11111111-1111-1111-1111-111111111111"
2026-02-02 00:55:37.416 +05:30 [INF] Executed DbCommand (0ms) [Parameters=[@__customerId_0='?' (DbType = Guid)], CommandType='"Text"', CommandTimeout='30']
SELECT `r`.`Id`, `r`.`ActualReturnDate`, `r`.`CarId`, `r`.`CreatedAt`, `r`.`CreatedBy`, `r`.`CustomerId`, `r`.`DailyRate`, `r`.`DamageCharges`, `r`.`DepositAmount`, `r`.`DepositReturned`, `r`.`EndDate`, `r`.`LateFee`, `r`.`Notes`, `r`.`OdometerAtPickup`, `r`.`OdometerAtReturn`, `r`.`PickupLocation`, `r`.`ReturnLocation`, `r`.`StartDate`, `r`.`Status`, `r`.`TotalCost`, `r`.`UpdatedAt`, `r`.`UpdatedBy`, `c`.`Id`, `c`.`Category`, `c`.`Color`, `c`.`CreatedAt`, `c`.`CreatedBy`, `c`.`DailyRate`, `c`.`Description`, `c`.`FuelType`, `c`.`HasAirConditioning`, `c`.`HasGPS`, `c`.`ImageUrl`, `c`.`LastMaintenanceDate`, `c`.`LicensePlate`, `c`.`Make`, `c`.`Mileage`, `c`.`Model`, `c`.`NextMaintenanceDate`, `c`.`SeatingCapacity`, `c`.`Status`, `c`.`Transmission`, `c`.`UpdatedAt`, `c`.`UpdatedBy`, `c`.`Year`, `u`.`Id`, `u`.`City`, `u`.`Country`, `u`.`CreatedAt`, `u`.`CreatedBy`, `u`.`DateOfBirth`, `u`.`DriversLicenseExpiry`, `u`.`DriversLicenseNumber`, `u`.`Email`, `u`.`FirstName`, `u`.`IsActive`, `u`.`LastLoginAt`, `u`.`LastName`, `u`.`PasswordHash`, `u`.`PhoneNumber`, `u`.`PostalCode`, `u`.`Role`, `u`.`State`, `u`.`Street`, `u`.`UpdatedAt`, `u`.`UpdatedBy`
FROM `Rentals` AS `r`
INNER JOIN `Cars` AS `c` ON `r`.`CarId` = `c`.`Id`
INNER JOIN `Users` AS `u` ON `r`.`CustomerId` = `u`.`Id`
WHERE `r`.`CustomerId` = @__customerId_0
ORDER BY `r`.`CreatedAt` DESC
2026-02-02 00:55:37.416 +05:30 [INF] Executing OkObjectResult, writing value of type 'CarRental.API.Controllers.ApiResponse`1[[System.Collections.Generic.IEnumerable`1[[CarRental.Application.DTOs.Rental.RentalDto, CarRental.Application, Version=1.0.0.0, Culture=neutral, PublicKeyToken=null]], System.Private.CoreLib, Version=8.0.0.0, Culture=neutral, PublicKeyToken=7cec85d7bea7798e]]'.
2026-02-02 00:55:37.416 +05:30 [INF] Executed action CarRental.API.Controllers.RentalsController.GetByCustomer (CarRental.API) in 1.4364ms
2026-02-02 00:55:37.416 +05:30 [INF] Executed endpoint 'CarRental.API.Controllers.RentalsController.GetByCustomer (CarRental.API)'
2026-02-02 00:55:37.416 +05:30 [INF] Request finished HTTP/1.1 GET http://localhost:5000/api/Rentals/customer/11111111-1111-1111-1111-111111111111 - 200 null application/json; charset=utf-8 2.0836ms
2026-02-02 00:55:41.657 +05:30 [INF] Request starting HTTP/1.1 GET http://localhost:5000/api/Cars - null null
2026-02-02 00:55:41.658 +05:30 [INF] Executing endpoint 'CarRental.API.Controllers.CarsController.GetAll (CarRental.API)'
2026-02-02 00:55:41.658 +05:30 [INF] Route matched with {action = "GetAll", controller = "Cars"}. Executing controller action with signature System.Threading.Tasks.Task`1[Microsoft.AspNetCore.Mvc.IActionResult] GetAll(System.Threading.CancellationToken) on controller CarRental.API.Controllers.CarsController (CarRental.API).
2026-02-02 00:55:41.659 +05:30 [INF] Getting all cars
2026-02-02 00:55:41.660 +05:30 [INF] Executed DbCommand (1ms) [Parameters=[], CommandType='"Text"', CommandTimeout='30']
SELECT `c`.`Id`, `c`.`Category`, `c`.`Color`, `c`.`CreatedAt`, `c`.`CreatedBy`, `c`.`DailyRate`, `c`.`Description`, `c`.`FuelType`, `c`.`HasAirConditioning`, `c`.`HasGPS`, `c`.`ImageUrl`, `c`.`LastMaintenanceDate`, `c`.`LicensePlate`, `c`.`Make`, `c`.`Mileage`, `c`.`Model`, `c`.`NextMaintenanceDate`, `c`.`SeatingCapacity`, `c`.`Status`, `c`.`Transmission`, `c`.`UpdatedAt`, `c`.`UpdatedBy`, `c`.`Year`
FROM `Cars` AS `c`
2026-02-02 00:55:41.660 +05:30 [INF] Executing OkObjectResult, writing value of type 'CarRental.API.Controllers.ApiResponse`1[[System.Collections.Generic.IEnumerable`1[[CarRental.Application.DTOs.Car.CarDto, CarRental.Application, Version=1.0.0.0, Culture=neutral, PublicKeyToken=null]], System.Private.CoreLib, Version=8.0.0.0, Culture=neutral, PublicKeyToken=7cec85d7bea7798e]]'.
2026-02-02 00:55:41.660 +05:30 [INF] Executed action CarRental.API.Controllers.CarsController.GetAll (CarRental.API) in 2.3774ms
2026-02-02 00:55:41.660 +05:30 [INF] Executed endpoint 'CarRental.API.Controllers.CarsController.GetAll (CarRental.API)'
2026-02-02 00:55:41.661 +05:30 [INF] Request finished HTTP/1.1 GET http://localhost:5000/api/Cars - 200 null application/json; charset=utf-8 3.2256ms
2026-02-02 00:55:41.662 +05:30 [INF] Request starting HTTP/1.1 GET http://localhost:5000/api/Cars - null null
2026-02-02 00:55:41.663 +05:30 [INF] Executing endpoint 'CarRental.API.Controllers.CarsController.GetAll (CarRental.API)'
2026-02-02 00:55:41.663 +05:30 [INF] Route matched with {action = "GetAll", controller = "Cars"}. Executing controller action with signature System.Threading.Tasks.Task`1[Microsoft.AspNetCore.Mvc.IActionResult] GetAll(System.Threading.CancellationToken) on controller CarRental.API.Controllers.CarsController (CarRental.API).
2026-02-02 00:55:41.664 +05:30 [INF] Getting all cars
2026-02-02 00:55:41.665 +05:30 [INF] Executed DbCommand (0ms) [Parameters=[], CommandType='"Text"', CommandTimeout='30']
SELECT `c`.`Id`, `c`.`Category`, `c`.`Color`, `c`.`CreatedAt`, `c`.`CreatedBy`, `c`.`DailyRate`, `c`.`Description`, `c`.`FuelType`, `c`.`HasAirConditioning`, `c`.`HasGPS`, `c`.`ImageUrl`, `c`.`LastMaintenanceDate`, `c`.`LicensePlate`, `c`.`Make`, `c`.`Mileage`, `c`.`Model`, `c`.`NextMaintenanceDate`, `c`.`SeatingCapacity`, `c`.`Status`, `c`.`Transmission`, `c`.`UpdatedAt`, `c`.`UpdatedBy`, `c`.`Year`
FROM `Cars` AS `c`
2026-02-02 00:55:41.665 +05:30 [INF] Executing OkObjectResult, writing value of type 'CarRental.API.Controllers.ApiResponse`1[[System.Collections.Generic.IEnumerable`1[[CarRental.Application.DTOs.Car.CarDto, CarRental.Application, Version=1.0.0.0, Culture=neutral, PublicKeyToken=null]], System.Private.CoreLib, Version=8.0.0.0, Culture=neutral, PublicKeyToken=7cec85d7bea7798e]]'.
2026-02-02 00:55:41.665 +05:30 [INF] Executed action CarRental.API.Controllers.CarsController.GetAll (CarRental.API) in 2.0472ms
2026-02-02 00:55:41.665 +05:30 [INF] Executed endpoint 'CarRental.API.Controllers.CarsController.GetAll (CarRental.API)'
2026-02-02 00:55:41.665 +05:30 [INF] Request finished HTTP/1.1 GET http://localhost:5000/api/Cars - 200 null application/json; charset=utf-8 2.8598ms
2026-02-02 00:55:47.852 +05:30 [INF] Request starting HTTP/1.1 GET http://localhost:5000/api/Cars/33333333-3333-3333-3333-333333333333 - null null
2026-02-02 00:55:47.852 +05:30 [INF] Executing endpoint 'CarRental.API.Controllers.CarsController.GetById (CarRental.API)'
2026-02-02 00:55:47.853 +05:30 [INF] Route matched with {action = "GetById", controller = "Cars"}. Executing controller action with signature System.Threading.Tasks.Task`1[Microsoft.AspNetCore.Mvc.IActionResult] GetById(System.Guid, System.Threading.CancellationToken) on controller CarRental.API.Controllers.CarsController (CarRental.API).
2026-02-02 00:55:47.853 +05:30 [INF] Getting car with ID: "33333333-3333-3333-3333-333333333333"
2026-02-02 00:55:47.855 +05:30 [INF] Executed DbCommand (0ms) [Parameters=[@__get_Item_0='?' (DbType = Guid)], CommandType='"Text"', CommandTimeout='30']
SELECT `c`.`Id`, `c`.`Category`, `c`.`Color`, `c`.`CreatedAt`, `c`.`CreatedBy`, `c`.`DailyRate`, `c`.`Description`, `c`.`FuelType`, `c`.`HasAirConditioning`, `c`.`HasGPS`, `c`.`ImageUrl`, `c`.`LastMaintenanceDate`, `c`.`LicensePlate`, `c`.`Make`, `c`.`Mileage`, `c`.`Model`, `c`.`NextMaintenanceDate`, `c`.`SeatingCapacity`, `c`.`Status`, `c`.`Transmission`, `c`.`UpdatedAt`, `c`.`UpdatedBy`, `c`.`Year`
FROM `Cars` AS `c`
WHERE `c`.`Id` = @__get_Item_0
LIMIT 1
2026-02-02 00:55:47.855 +05:30 [INF] Executing OkObjectResult, writing value of type 'CarRental.API.Controllers.ApiResponse`1[[CarRental.Application.DTOs.Car.CarDto, CarRental.Application, Version=1.0.0.0, Culture=neutral, PublicKeyToken=null]]'.
2026-02-02 00:55:47.855 +05:30 [INF] Executed action CarRental.API.Controllers.CarsController.GetById (CarRental.API) in 2.7477ms
2026-02-02 00:55:47.855 +05:30 [INF] Executed endpoint 'CarRental.API.Controllers.CarsController.GetById (CarRental.API)'
2026-02-02 00:55:47.856 +05:30 [INF] Request finished HTTP/1.1 GET http://localhost:5000/api/Cars/33333333-3333-3333-3333-333333333333 - 200 null application/json; charset=utf-8 3.4719ms
2026-02-02 00:55:47.857 +05:30 [INF] Request starting HTTP/1.1 GET http://localhost:5000/api/Cars/33333333-3333-3333-3333-333333333333 - null null
2026-02-02 00:55:47.858 +05:30 [INF] Executing endpoint 'CarRental.API.Controllers.CarsController.GetById (CarRental.API)'
2026-02-02 00:55:47.858 +05:30 [INF] Route matched with {action = "GetById", controller = "Cars"}. Executing controller action with signature System.Threading.Tasks.Task`1[Microsoft.AspNetCore.Mvc.IActionResult] GetById(System.Guid, System.Threading.CancellationToken) on controller CarRental.API.Controllers.CarsController (CarRental.API).
2026-02-02 00:55:47.858 +05:30 [INF] Getting car with ID: "33333333-3333-3333-3333-333333333333"
2026-02-02 00:55:47.860 +05:30 [INF] Executed DbCommand (0ms) [Parameters=[@__get_Item_0='?' (DbType = Guid)], CommandType='"Text"', CommandTimeout='30']
SELECT `c`.`Id`, `c`.`Category`, `c`.`Color`, `c`.`CreatedAt`, `c`.`CreatedBy`, `c`.`DailyRate`, `c`.`Description`, `c`.`FuelType`, `c`.`HasAirConditioning`, `c`.`HasGPS`, `c`.`ImageUrl`, `c`.`LastMaintenanceDate`, `c`.`LicensePlate`, `c`.`Make`, `c`.`Mileage`, `c`.`Model`, `c`.`NextMaintenanceDate`, `c`.`SeatingCapacity`, `c`.`Status`, `c`.`Transmission`, `c`.`UpdatedAt`, `c`.`UpdatedBy`, `c`.`Year`
FROM `Cars` AS `c`
WHERE `c`.`Id` = @__get_Item_0
LIMIT 1
2026-02-02 00:55:47.860 +05:30 [INF] Executing OkObjectResult, writing value of type 'CarRental.API.Controllers.ApiResponse`1[[CarRental.Application.DTOs.Car.CarDto, CarRental.Application, Version=1.0.0.0, Culture=neutral, PublicKeyToken=null]]'.
2026-02-02 00:55:47.860 +05:30 [INF] Executed action CarRental.API.Controllers.CarsController.GetById (CarRental.API) in 2.1047ms
2026-02-02 00:55:47.860 +05:30 [INF] Executed endpoint 'CarRental.API.Controllers.CarsController.GetById (CarRental.API)'
2026-02-02 00:55:47.860 +05:30 [INF] Request finished HTTP/1.1 GET http://localhost:5000/api/Cars/33333333-3333-3333-3333-333333333333 - 200 null application/json; charset=utf-8 2.6535ms
2026-02-02 00:55:51.250 +05:30 [INF] Request starting HTTP/1.1 GET http://localhost:5000/api/Cars/33333333-3333-3333-3333-333333333333 - null null
2026-02-02 00:55:51.251 +05:30 [INF] Executing endpoint 'CarRental.API.Controllers.CarsController.GetById (CarRental.API)'
2026-02-02 00:55:51.251 +05:30 [INF] Route matched with {action = "GetById", controller = "Cars"}. Executing controller action with signature System.Threading.Tasks.Task`1[Microsoft.AspNetCore.Mvc.IActionResult] GetById(System.Guid, System.Threading.CancellationToken) on controller CarRental.API.Controllers.CarsController (CarRental.API).
2026-02-02 00:55:51.252 +05:30 [INF] Getting car with ID: "33333333-3333-3333-3333-333333333333"
2026-02-02 00:55:51.253 +05:30 [INF] Executed DbCommand (0ms) [Parameters=[@__get_Item_0='?' (DbType = Guid)], CommandType='"Text"', CommandTimeout='30']
SELECT `c`.`Id`, `c`.`Category`, `c`.`Color`, `c`.`CreatedAt`, `c`.`CreatedBy`, `c`.`DailyRate`, `c`.`Description`, `c`.`FuelType`, `c`.`HasAirConditioning`, `c`.`HasGPS`, `c`.`ImageUrl`, `c`.`LastMaintenanceDate`, `c`.`LicensePlate`, `c`.`Make`, `c`.`Mileage`, `c`.`Model`, `c`.`NextMaintenanceDate`, `c`.`SeatingCapacity`, `c`.`Status`, `c`.`Transmission`, `c`.`UpdatedAt`, `c`.`UpdatedBy`, `c`.`Year`
FROM `Cars` AS `c`
WHERE `c`.`Id` = @__get_Item_0
LIMIT 1
2026-02-02 00:55:51.253 +05:30 [INF] Executing OkObjectResult, writing value of type 'CarRental.API.Controllers.ApiResponse`1[[CarRental.Application.DTOs.Car.CarDto, CarRental.Application, Version=1.0.0.0, Culture=neutral, PublicKeyToken=null]]'.
2026-02-02 00:55:51.253 +05:30 [INF] Executed action CarRental.API.Controllers.CarsController.GetById (CarRental.API) in 2.139ms
2026-02-02 00:55:51.254 +05:30 [INF] Executed endpoint 'CarRental.API.Controllers.CarsController.GetById (CarRental.API)'
2026-02-02 00:55:51.254 +05:30 [INF] Request finished HTTP/1.1 GET http://localhost:5000/api/Cars/33333333-3333-3333-3333-333333333333 - 200 null application/json; charset=utf-8 3.4223ms
2026-02-02 00:55:51.255 +05:30 [INF] Request starting HTTP/1.1 GET http://localhost:5000/api/Cars/33333333-3333-3333-3333-333333333333 - null null
2026-02-02 00:55:51.255 +05:30 [INF] Executing endpoint 'CarRental.API.Controllers.CarsController.GetById (CarRental.API)'
2026-02-02 00:55:51.255 +05:30 [INF] Route matched with {action = "GetById", controller = "Cars"}. Executing controller action with signature System.Threading.Tasks.Task`1[Microsoft.AspNetCore.Mvc.IActionResult] GetById(System.Guid, System.Threading.CancellationToken) on controller CarRental.API.Controllers.CarsController (CarRental.API).
2026-02-02 00:55:51.256 +05:30 [INF] Getting car with ID: "33333333-3333-3333-3333-333333333333"
2026-02-02 00:55:51.257 +05:30 [INF] Executed DbCommand (0ms) [Parameters=[@__get_Item_0='?' (DbType = Guid)], CommandType='"Text"', CommandTimeout='30']
SELECT `c`.`Id`, `c`.`Category`, `c`.`Color`, `c`.`CreatedAt`, `c`.`CreatedBy`, `c`.`DailyRate`, `c`.`Description`, `c`.`FuelType`, `c`.`HasAirConditioning`, `c`.`HasGPS`, `c`.`ImageUrl`, `c`.`LastMaintenanceDate`, `c`.`LicensePlate`, `c`.`Make`, `c`.`Mileage`, `c`.`Model`, `c`.`NextMaintenanceDate`, `c`.`SeatingCapacity`, `c`.`Status`, `c`.`Transmission`, `c`.`UpdatedAt`, `c`.`UpdatedBy`, `c`.`Year`
FROM `Cars` AS `c`
WHERE `c`.`Id` = @__get_Item_0
LIMIT 1
2026-02-02 00:55:51.257 +05:30 [INF] Executing OkObjectResult, writing value of type 'CarRental.API.Controllers.ApiResponse`1[[CarRental.Application.DTOs.Car.CarDto, CarRental.Application, Version=1.0.0.0, Culture=neutral, PublicKeyToken=null]]'.
2026-02-02 00:55:51.257 +05:30 [INF] Executed action CarRental.API.Controllers.CarsController.GetById (CarRental.API) in 1.9141ms
2026-02-02 00:55:51.257 +05:30 [INF] Executed endpoint 'CarRental.API.Controllers.CarsController.GetById (CarRental.API)'
2026-02-02 00:55:51.258 +05:30 [INF] Request finished HTTP/1.1 GET http://localhost:5000/api/Cars/33333333-3333-3333-3333-333333333333 - 200 null application/json; charset=utf-8 2.424ms
2026-02-02 00:55:58.565 +05:30 [INF] Request starting HTTP/1.1 PUT http://localhost:5000/api/Cars/33333333-3333-3333-3333-333333333333 - application/json 318
2026-02-02 00:55:58.565 +05:30 [INF] CORS policy execution successful.
2026-02-02 00:55:58.566 +05:30 [INF] Executing endpoint 'CarRental.API.Controllers.CarsController.Update (CarRental.API)'
2026-02-02 00:55:58.572 +05:30 [INF] Route matched with {action = "Update", controller = "Cars"}. Executing controller action with signature System.Threading.Tasks.Task`1[Microsoft.AspNetCore.Mvc.IActionResult] Update(System.Guid, CarRental.Application.DTOs.Car.UpdateCarRequest, System.Threading.CancellationToken) on controller CarRental.API.Controllers.CarsController (CarRental.API).
2026-02-02 00:55:58.588 +05:30 [INF] Updating car with ID: "33333333-3333-3333-3333-333333333333"
2026-02-02 00:55:58.591 +05:30 [INF] Executed DbCommand (0ms) [Parameters=[@__get_Item_0='?' (DbType = Guid)], CommandType='"Text"', CommandTimeout='30']
SELECT `c`.`Id`, `c`.`Category`, `c`.`Color`, `c`.`CreatedAt`, `c`.`CreatedBy`, `c`.`DailyRate`, `c`.`Description`, `c`.`FuelType`, `c`.`HasAirConditioning`, `c`.`HasGPS`, `c`.`ImageUrl`, `c`.`LastMaintenanceDate`, `c`.`LicensePlate`, `c`.`Make`, `c`.`Mileage`, `c`.`Model`, `c`.`NextMaintenanceDate`, `c`.`SeatingCapacity`, `c`.`Status`, `c`.`Transmission`, `c`.`UpdatedAt`, `c`.`UpdatedBy`, `c`.`Year`
FROM `Cars` AS `c`
WHERE `c`.`Id` = @__get_Item_0
LIMIT 1
2026-02-02 00:55:58.594 +05:30 [INF] Executed DbCommand (2ms) [Parameters=[@p22='?' (DbType = Guid), @p0='?' (DbType = Int32), @p1='?' (Size = 30), @p2='?' (DbType = DateTime), @p3='?' (Size = 4000), @p4='?' (DbType = Decimal), @p5='?' (Size = 4000), @p6='?' (Size = 30), @p7='?' (DbType = Boolean), @p8='?' (DbType = Boolean), @p9='?' (Size = 4000), @p10='?' (DbType = DateTime), @p11='?' (Size = 20), @p12='?' (Size = 50), @p13='?' (DbType = Int32), @p14='?' (Size = 50), @p15='?' (DbType = DateTime), @p16='?' (DbType = Int32), @p17='?' (DbType = Int32), @p18='?' (Size = 30), @p19='?' (DbType = DateTime), @p20='?' (Size = 4000), @p21='?' (DbType = Int32)], CommandType='"Text"', CommandTimeout='30']
SET AUTOCOMMIT = 1;
UPDATE `Cars` SET `Category` = @p0, `Color` = @p1, `CreatedAt` = @p2, `CreatedBy` = @p3, `DailyRate` = @p4, `Description` = @p5, `FuelType` = @p6, `HasAirConditioning` = @p7, `HasGPS` = @p8, `ImageUrl` = @p9, `LastMaintenanceDate` = @p10, `LicensePlate` = @p11, `Make` = @p12, `Mileage` = @p13, `Model` = @p14, `NextMaintenanceDate` = @p15, `SeatingCapacity` = @p16, `Status` = @p17, `Transmission` = @p18, `UpdatedAt` = @p19, `UpdatedBy` = @p20, `Year` = @p21
WHERE `Id` = @p22;
SELECT ROW_COUNT();
2026-02-02 00:55:58.595 +05:30 [INF] Executing OkObjectResult, writing value of type 'CarRental.API.Controllers.ApiResponse`1[[CarRental.Application.DTOs.Car.CarDto, CarRental.Application, Version=1.0.0.0, Culture=neutral, PublicKeyToken=null]]'.
2026-02-02 00:55:58.595 +05:30 [INF] Executed action CarRental.API.Controllers.CarsController.Update (CarRental.API) in 22.8994ms
2026-02-02 00:55:58.595 +05:30 [INF] Executed endpoint 'CarRental.API.Controllers.CarsController.Update (CarRental.API)'
2026-02-02 00:55:58.595 +05:30 [INF] Request finished HTTP/1.1 PUT http://localhost:5000/api/Cars/33333333-3333-3333-3333-333333333333 - 200 null application/json; charset=utf-8 29.8698ms
2026-02-02 00:56:00.006 +05:30 [INF] Request starting HTTP/1.1 GET http://localhost:5000/api/Cars/33333333-3333-3333-3333-333333333333 - null null
2026-02-02 00:56:00.006 +05:30 [INF] Executing endpoint 'CarRental.API.Controllers.CarsController.GetById (CarRental.API)'
2026-02-02 00:56:00.006 +05:30 [INF] Route matched with {action = "GetById", controller = "Cars"}. Executing controller action with signature System.Threading.Tasks.Task`1[Microsoft.AspNetCore.Mvc.IActionResult] GetById(System.Guid, System.Threading.CancellationToken) on controller CarRental.API.Controllers.CarsController (CarRental.API).
2026-02-02 00:56:00.007 +05:30 [INF] Getting car with ID: "33333333-3333-3333-3333-333333333333"
2026-02-02 00:56:00.008 +05:30 [INF] Executed DbCommand (0ms) [Parameters=[@__get_Item_0='?' (DbType = Guid)], CommandType='"Text"', CommandTimeout='30']
SELECT `c`.`Id`, `c`.`Category`, `c`.`Color`, `c`.`CreatedAt`, `c`.`CreatedBy`, `c`.`DailyRate`, `c`.`Description`, `c`.`FuelType`, `c`.`HasAirConditioning`, `c`.`HasGPS`, `c`.`ImageUrl`, `c`.`LastMaintenanceDate`, `c`.`LicensePlate`, `c`.`Make`, `c`.`Mileage`, `c`.`Model`, `c`.`NextMaintenanceDate`, `c`.`SeatingCapacity`, `c`.`Status`, `c`.`Transmission`, `c`.`UpdatedAt`, `c`.`UpdatedBy`, `c`.`Year`
FROM `Cars` AS `c`
WHERE `c`.`Id` = @__get_Item_0
LIMIT 1
2026-02-02 00:56:00.008 +05:30 [INF] Executing OkObjectResult, writing value of type 'CarRental.API.Controllers.ApiResponse`1[[CarRental.Application.DTOs.Car.CarDto, CarRental.Application, Version=1.0.0.0, Culture=neutral, PublicKeyToken=null]]'.
2026-02-02 00:56:00.009 +05:30 [INF] Executed action CarRental.API.Controllers.CarsController.GetById (CarRental.API) in 2.372ms
2026-02-02 00:56:00.009 +05:30 [INF] Executed endpoint 'CarRental.API.Controllers.CarsController.GetById (CarRental.API)'
2026-02-02 00:56:00.009 +05:30 [INF] Request finished HTTP/1.1 GET http://localhost:5000/api/Cars/33333333-3333-3333-3333-333333333333 - 200 null application/json; charset=utf-8 3.1683ms
2026-02-02 00:56:00.011 +05:30 [INF] Request starting HTTP/1.1 GET http://localhost:5000/api/Cars/33333333-3333-3333-3333-333333333333 - null null
2026-02-02 00:56:00.011 +05:30 [INF] Executing endpoint 'CarRental.API.Controllers.CarsController.GetById (CarRental.API)'
2026-02-02 00:56:00.012 +05:30 [INF] Route matched with {action = "GetById", controller = "Cars"}. Executing controller action with signature System.Threading.Tasks.Task`1[Microsoft.AspNetCore.Mvc.IActionResult] GetById(System.Guid, System.Threading.CancellationToken) on controller CarRental.API.Controllers.CarsController (CarRental.API).
2026-02-02 00:56:00.012 +05:30 [INF] Getting car with ID: "33333333-3333-3333-3333-333333333333"
2026-02-02 00:56:00.014 +05:30 [INF] Executed DbCommand (0ms) [Parameters=[@__get_Item_0='?' (DbType = Guid)], CommandType='"Text"', CommandTimeout='30']
SELECT `c`.`Id`, `c`.`Category`, `c`.`Color`, `c`.`CreatedAt`, `c`.`CreatedBy`, `c`.`DailyRate`, `c`.`Description`, `c`.`FuelType`, `c`.`HasAirConditioning`, `c`.`HasGPS`, `c`.`ImageUrl`, `c`.`LastMaintenanceDate`, `c`.`LicensePlate`, `c`.`Make`, `c`.`Mileage`, `c`.`Model`, `c`.`NextMaintenanceDate`, `c`.`SeatingCapacity`, `c`.`Status`, `c`.`Transmission`, `c`.`UpdatedAt`, `c`.`UpdatedBy`, `c`.`Year`
FROM `Cars` AS `c`
WHERE `c`.`Id` = @__get_Item_0
LIMIT 1
2026-02-02 00:56:00.014 +05:30 [INF] Executing OkObjectResult, writing value of type 'CarRental.API.Controllers.ApiResponse`1[[CarRental.Application.DTOs.Car.CarDto, CarRental.Application, Version=1.0.0.0, Culture=neutral, PublicKeyToken=null]]'.
2026-02-02 00:56:00.014 +05:30 [INF] Executed action CarRental.API.Controllers.CarsController.GetById (CarRental.API) in 2.5941ms
2026-02-02 00:56:00.014 +05:30 [INF] Executed endpoint 'CarRental.API.Controllers.CarsController.GetById (CarRental.API)'
2026-02-02 00:56:00.014 +05:30 [INF] Request finished HTTP/1.1 GET http://localhost:5000/api/Cars/33333333-3333-3333-3333-333333333333 - 200 null application/json; charset=utf-8 3.1618ms
2026-02-02 00:56:03.190 +05:30 [INF] Request starting HTTP/1.1 GET http://localhost:5000/api/Cars - null null
2026-02-02 00:56:03.190 +05:30 [INF] Executing endpoint 'CarRental.API.Controllers.CarsController.GetAll (CarRental.API)'
2026-02-02 00:56:03.190 +05:30 [INF] Route matched with {action = "GetAll", controller = "Cars"}. Executing controller action with signature System.Threading.Tasks.Task`1[Microsoft.AspNetCore.Mvc.IActionResult] GetAll(System.Threading.CancellationToken) on controller CarRental.API.Controllers.CarsController (CarRental.API).
2026-02-02 00:56:03.191 +05:30 [INF] Getting all cars
2026-02-02 00:56:03.192 +05:30 [INF] Executed DbCommand (0ms) [Parameters=[], CommandType='"Text"', CommandTimeout='30']
SELECT `c`.`Id`, `c`.`Category`, `c`.`Color`, `c`.`CreatedAt`, `c`.`CreatedBy`, `c`.`DailyRate`, `c`.`Description`, `c`.`FuelType`, `c`.`HasAirConditioning`, `c`.`HasGPS`, `c`.`ImageUrl`, `c`.`LastMaintenanceDate`, `c`.`LicensePlate`, `c`.`Make`, `c`.`Mileage`, `c`.`Model`, `c`.`NextMaintenanceDate`, `c`.`SeatingCapacity`, `c`.`Status`, `c`.`Transmission`, `c`.`UpdatedAt`, `c`.`UpdatedBy`, `c`.`Year`
FROM `Cars` AS `c`
2026-02-02 00:56:03.193 +05:30 [INF] Executing OkObjectResult, writing value of type 'CarRental.API.Controllers.ApiResponse`1[[System.Collections.Generic.IEnumerable`1[[CarRental.Application.DTOs.Car.CarDto, CarRental.Application, Version=1.0.0.0, Culture=neutral, PublicKeyToken=null]], System.Private.CoreLib, Version=8.0.0.0, Culture=neutral, PublicKeyToken=7cec85d7bea7798e]]'.
2026-02-02 00:56:03.193 +05:30 [INF] Executed action CarRental.API.Controllers.CarsController.GetAll (CarRental.API) in 2.4328ms
2026-02-02 00:56:03.193 +05:30 [INF] Executed endpoint 'CarRental.API.Controllers.CarsController.GetAll (CarRental.API)'
2026-02-02 00:56:03.193 +05:30 [INF] Request finished HTTP/1.1 GET http://localhost:5000/api/Cars - 200 null application/json; charset=utf-8 3.2122ms
2026-02-02 00:56:03.195 +05:30 [INF] Request starting HTTP/1.1 GET http://localhost:5000/api/Cars - null null
2026-02-02 00:56:03.195 +05:30 [INF] Executing endpoint 'CarRental.API.Controllers.CarsController.GetAll (CarRental.API)'
2026-02-02 00:56:03.196 +05:30 [INF] Route matched with {action = "GetAll", controller = "Cars"}. Executing controller action with signature System.Threading.Tasks.Task`1[Microsoft.AspNetCore.Mvc.IActionResult] GetAll(System.Threading.CancellationToken) on controller CarRental.API.Controllers.CarsController (CarRental.API).
2026-02-02 00:56:03.196 +05:30 [INF] Getting all cars
2026-02-02 00:56:03.197 +05:30 [INF] Executed DbCommand (0ms) [Parameters=[], CommandType='"Text"', CommandTimeout='30']
SELECT `c`.`Id`, `c`.`Category`, `c`.`Color`, `c`.`CreatedAt`, `c`.`CreatedBy`, `c`.`DailyRate`, `c`.`Description`, `c`.`FuelType`, `c`.`HasAirConditioning`, `c`.`HasGPS`, `c`.`ImageUrl`, `c`.`LastMaintenanceDate`, `c`.`LicensePlate`, `c`.`Make`, `c`.`Mileage`, `c`.`Model`, `c`.`NextMaintenanceDate`, `c`.`SeatingCapacity`, `c`.`Status`, `c`.`Transmission`, `c`.`UpdatedAt`, `c`.`UpdatedBy`, `c`.`Year`
FROM `Cars` AS `c`
2026-02-02 00:56:03.197 +05:30 [INF] Executing OkObjectResult, writing value of type 'CarRental.API.Controllers.ApiResponse`1[[System.Collections.Generic.IEnumerable`1[[CarRental.Application.DTOs.Car.CarDto, CarRental.Application, Version=1.0.0.0, Culture=neutral, PublicKeyToken=null]], System.Private.CoreLib, Version=8.0.0.0, Culture=neutral, PublicKeyToken=7cec85d7bea7798e]]'.
2026-02-02 00:56:03.197 +05:30 [INF] Executed action CarRental.API.Controllers.CarsController.GetAll (CarRental.API) in 1.623ms
2026-02-02 00:56:03.197 +05:30 [INF] Executed endpoint 'CarRental.API.Controllers.CarsController.GetAll (CarRental.API)'
2026-02-02 00:56:03.197 +05:30 [INF] Request finished HTTP/1.1 GET http://localhost:5000/api/Cars - 200 null application/json; charset=utf-8 2.3201ms
2026-02-02 00:56:05.700 +05:30 [INF] Request starting HTTP/1.1 GET http://localhost:5000/api/Cars/33333333-3333-3333-3333-333333333333 - null null
2026-02-02 00:56:05.701 +05:30 [INF] Executing endpoint 'CarRental.API.Controllers.CarsController.GetById (CarRental.API)'
2026-02-02 00:56:05.701 +05:30 [INF] Route matched with {action = "GetById", controller = "Cars"}. Executing controller action with signature System.Threading.Tasks.Task`1[Microsoft.AspNetCore.Mvc.IActionResult] GetById(System.Guid, System.Threading.CancellationToken) on controller CarRental.API.Controllers.CarsController (CarRental.API).
2026-02-02 00:56:05.702 +05:30 [INF] Getting car with ID: "33333333-3333-3333-3333-333333333333"
2026-02-02 00:56:05.703 +05:30 [INF] Executed DbCommand (0ms) [Parameters=[@__get_Item_0='?' (DbType = Guid)], CommandType='"Text"', CommandTimeout='30']
SELECT `c`.`Id`, `c`.`Category`, `c`.`Color`, `c`.`CreatedAt`, `c`.`CreatedBy`, `c`.`DailyRate`, `c`.`Description`, `c`.`FuelType`, `c`.`HasAirConditioning`, `c`.`HasGPS`, `c`.`ImageUrl`, `c`.`LastMaintenanceDate`, `c`.`LicensePlate`, `c`.`Make`, `c`.`Mileage`, `c`.`Model`, `c`.`NextMaintenanceDate`, `c`.`SeatingCapacity`, `c`.`Status`, `c`.`Transmission`, `c`.`UpdatedAt`, `c`.`UpdatedBy`, `c`.`Year`
FROM `Cars` AS `c`
WHERE `c`.`Id` = @__get_Item_0
LIMIT 1
2026-02-02 00:56:05.704 +05:30 [INF] Executing OkObjectResult, writing value of type 'CarRental.API.Controllers.ApiResponse`1[[CarRental.Application.DTOs.Car.CarDto, CarRental.Application, Version=1.0.0.0, Culture=neutral, PublicKeyToken=null]]'.
2026-02-02 00:56:05.704 +05:30 [INF] Executed action CarRental.API.Controllers.CarsController.GetById (CarRental.API) in 3.191ms
2026-02-02 00:56:05.704 +05:30 [INF] Executed endpoint 'CarRental.API.Controllers.CarsController.GetById (CarRental.API)'
2026-02-02 00:56:05.704 +05:30 [INF] Request finished HTTP/1.1 GET http://localhost:5000/api/Cars/33333333-3333-3333-3333-333333333333 - 200 null application/json; charset=utf-8 4.111ms
2026-02-02 00:56:05.706 +05:30 [INF] Request starting HTTP/1.1 GET http://localhost:5000/api/Cars/33333333-3333-3333-3333-333333333333 - null null
2026-02-02 00:56:05.707 +05:30 [INF] Executing endpoint 'CarRental.API.Controllers.CarsController.GetById (CarRental.API)'
2026-02-02 00:56:05.707 +05:30 [INF] Route matched with {action = "GetById", controller = "Cars"}. Executing controller action with signature System.Threading.Tasks.Task`1[Microsoft.AspNetCore.Mvc.IActionResult] GetById(System.Guid, System.Threading.CancellationToken) on controller CarRental.API.Controllers.CarsController (CarRental.API).
2026-02-02 00:56:05.707 +05:30 [INF] Getting car with ID: "33333333-3333-3333-3333-333333333333"
2026-02-02 00:56:05.709 +05:30 [INF] Executed DbCommand (0ms) [Parameters=[@__get_Item_0='?' (DbType = Guid)], CommandType='"Text"', CommandTimeout='30']
SELECT `c`.`Id`, `c`.`Category`, `c`.`Color`, `c`.`CreatedAt`, `c`.`CreatedBy`, `c`.`DailyRate`, `c`.`Description`, `c`.`FuelType`, `c`.`HasAirConditioning`, `c`.`HasGPS`, `c`.`ImageUrl`, `c`.`LastMaintenanceDate`, `c`.`LicensePlate`, `c`.`Make`, `c`.`Mileage`, `c`.`Model`, `c`.`NextMaintenanceDate`, `c`.`SeatingCapacity`, `c`.`Status`, `c`.`Transmission`, `c`.`UpdatedAt`, `c`.`UpdatedBy`, `c`.`Year`
FROM `Cars` AS `c`
WHERE `c`.`Id` = @__get_Item_0
LIMIT 1
2026-02-02 00:56:05.709 +05:30 [INF] Executing OkObjectResult, writing value of type 'CarRental.API.Controllers.ApiResponse`1[[CarRental.Application.DTOs.Car.CarDto, CarRental.Application, Version=1.0.0.0, Culture=neutral, PublicKeyToken=null]]'.
2026-02-02 00:56:05.709 +05:30 [INF] Executed action CarRental.API.Controllers.CarsController.GetById (CarRental.API) in 2.0699ms
2026-02-02 00:56:05.709 +05:30 [INF] Executed endpoint 'CarRental.API.Controllers.CarsController.GetById (CarRental.API)'
2026-02-02 00:56:05.709 +05:30 [INF] Request finished HTTP/1.1 GET http://localhost:5000/api/Cars/33333333-3333-3333-3333-333333333333 - 200 null application/json; charset=utf-8 2.8158ms
2026-02-02 00:56:21.824 +05:30 [INF] Request starting HTTP/1.1 POST http://localhost:5000/api/Auth/login - application/json 58
2026-02-02 00:56:21.824 +05:30 [INF] CORS policy execution successful.
2026-02-02 00:56:21.825 +05:30 [INF] Executing endpoint 'CarRental.API.Controllers.AuthController.Login (CarRental.API)'
2026-02-02 00:56:21.825 +05:30 [INF] Route matched with {action = "Login", controller = "Auth"}. Executing controller action with signature System.Threading.Tasks.Task`1[Microsoft.AspNetCore.Mvc.IActionResult] Login(CarRental.Application.DTOs.Auth.LoginRequest, System.Threading.CancellationToken) on controller CarRental.API.Controllers.AuthController (CarRental.API).
2026-02-02 00:56:21.826 +05:30 [INF] Login attempt for email: customer@example.com
2026-02-02 00:56:21.828 +05:30 [INF] Executed DbCommand (1ms) [Parameters=[@__ToLower_0='?' (Size = 255)], CommandType='"Text"', CommandTimeout='30']
SELECT `u`.`Id`, `u`.`City`, `u`.`Country`, `u`.`CreatedAt`, `u`.`CreatedBy`, `u`.`DateOfBirth`, `u`.`DriversLicenseExpiry`, `u`.`DriversLicenseNumber`, `u`.`Email`, `u`.`FirstName`, `u`.`IsActive`, `u`.`LastLoginAt`, `u`.`LastName`, `u`.`PasswordHash`, `u`.`PhoneNumber`, `u`.`PostalCode`, `u`.`Role`, `u`.`State`, `u`.`Street`, `u`.`UpdatedAt`, `u`.`UpdatedBy`
FROM `Users` AS `u`
WHERE LOWER(`u`.`Email`) = @__ToLower_0
LIMIT 1
2026-02-02 00:56:21.962 +05:30 [INF] Executed DbCommand (2ms) [Parameters=[@p20='?' (DbType = Guid), @p0='?' (Size = 4000), @p1='?' (Size = 4000), @p2='?' (DbType = DateTime), @p3='?' (Size = 4000), @p4='?' (DbType = DateTime), @p5='?' (DbType = DateTime), @p6='?' (Size = 4000), @p7='?' (Size = 255), @p8='?' (Size = 50), @p9='?' (DbType = Boolean), @p10='?' (DbType = DateTime), @p11='?' (Size = 50), @p12='?' (Size = 4000), @p13='?' (Size = 20), @p14='?' (Size = 4000), @p15='?' (DbType = Int32), @p16='?' (Size = 4000), @p17='?' (Size = 4000), @p18='?' (DbType = DateTime), @p19='?' (Size = 4000)], CommandType='"Text"', CommandTimeout='30']
SET AUTOCOMMIT = 1;
UPDATE `Users` SET `City` = @p0, `Country` = @p1, `CreatedAt` = @p2, `CreatedBy` = @p3, `DateOfBirth` = @p4, `DriversLicenseExpiry` = @p5, `DriversLicenseNumber` = @p6, `Email` = @p7, `FirstName` = @p8, `IsActive` = @p9, `LastLoginAt` = @p10, `LastName` = @p11, `PasswordHash` = @p12, `PhoneNumber` = @p13, `PostalCode` = @p14, `Role` = @p15, `State` = @p16, `Street` = @p17, `UpdatedAt` = @p18, `UpdatedBy` = @p19
WHERE `Id` = @p20;
SELECT ROW_COUNT();
2026-02-02 00:56:21.963 +05:30 [INF] Executing OkObjectResult, writing value of type 'CarRental.API.Controllers.ApiResponse`1[[CarRental.Application.DTOs.Auth.AuthResponse, CarRental.Application, Version=1.0.0.0, Culture=neutral, PublicKeyToken=null]]'.
2026-02-02 00:56:21.963 +05:30 [INF] Executed action CarRental.API.Controllers.AuthController.Login (CarRental.API) in 137.9776ms
2026-02-02 00:56:21.963 +05:30 [INF] Executed endpoint 'CarRental.API.Controllers.AuthController.Login (CarRental.API)'
2026-02-02 00:56:21.963 +05:30 [INF] Request finished HTTP/1.1 POST http://localhost:5000/api/Auth/login - 200 null application/json; charset=utf-8 138.7749ms
2026-02-02 00:56:21.985 +05:30 [INF] Request starting HTTP/1.1 GET http://localhost:5000/api/Rentals/customer/22222222-2222-2222-2222-222222222222 - null null
2026-02-02 00:56:21.986 +05:30 [INF] Executing endpoint 'CarRental.API.Controllers.RentalsController.GetByCustomer (CarRental.API)'
2026-02-02 00:56:21.986 +05:30 [INF] Route matched with {action = "GetByCustomer", controller = "Rentals"}. Executing controller action with signature System.Threading.Tasks.Task`1[Microsoft.AspNetCore.Mvc.IActionResult] GetByCustomer(System.Guid, System.Threading.CancellationToken) on controller CarRental.API.Controllers.RentalsController (CarRental.API).
2026-02-02 00:56:21.987 +05:30 [INF] Getting rentals for customer: "22222222-2222-2222-2222-222222222222"
2026-02-02 00:56:21.988 +05:30 [INF] Executed DbCommand (0ms) [Parameters=[@__customerId_0='?' (DbType = Guid)], CommandType='"Text"', CommandTimeout='30']
SELECT `r`.`Id`, `r`.`ActualReturnDate`, `r`.`CarId`, `r`.`CreatedAt`, `r`.`CreatedBy`, `r`.`CustomerId`, `r`.`DailyRate`, `r`.`DamageCharges`, `r`.`DepositAmount`, `r`.`DepositReturned`, `r`.`EndDate`, `r`.`LateFee`, `r`.`Notes`, `r`.`OdometerAtPickup`, `r`.`OdometerAtReturn`, `r`.`PickupLocation`, `r`.`ReturnLocation`, `r`.`StartDate`, `r`.`Status`, `r`.`TotalCost`, `r`.`UpdatedAt`, `r`.`UpdatedBy`, `c`.`Id`, `c`.`Category`, `c`.`Color`, `c`.`CreatedAt`, `c`.`CreatedBy`, `c`.`DailyRate`, `c`.`Description`, `c`.`FuelType`, `c`.`HasAirConditioning`, `c`.`HasGPS`, `c`.`ImageUrl`, `c`.`LastMaintenanceDate`, `c`.`LicensePlate`, `c`.`Make`, `c`.`Mileage`, `c`.`Model`, `c`.`NextMaintenanceDate`, `c`.`SeatingCapacity`, `c`.`Status`, `c`.`Transmission`, `c`.`UpdatedAt`, `c`.`UpdatedBy`, `c`.`Year`, `u`.`Id`, `u`.`City`, `u`.`Country`, `u`.`CreatedAt`, `u`.`CreatedBy`, `u`.`DateOfBirth`, `u`.`DriversLicenseExpiry`, `u`.`DriversLicenseNumber`, `u`.`Email`, `u`.`FirstName`, `u`.`IsActive`, `u`.`LastLoginAt`, `u`.`LastName`, `u`.`PasswordHash`, `u`.`PhoneNumber`, `u`.`PostalCode`, `u`.`Role`, `u`.`State`, `u`.`Street`, `u`.`UpdatedAt`, `u`.`UpdatedBy`
FROM `Rentals` AS `r`
INNER JOIN `Cars` AS `c` ON `r`.`CarId` = `c`.`Id`
INNER JOIN `Users` AS `u` ON `r`.`CustomerId` = `u`.`Id`
WHERE `r`.`CustomerId` = @__customerId_0
ORDER BY `r`.`CreatedAt` DESC
2026-02-02 00:56:21.988 +05:30 [INF] Executing OkObjectResult, writing value of type 'CarRental.API.Controllers.ApiResponse`1[[System.Collections.Generic.IEnumerable`1[[CarRental.Application.DTOs.Rental.RentalDto, CarRental.Application, Version=1.0.0.0, Culture=neutral, PublicKeyToken=null]], System.Private.CoreLib, Version=8.0.0.0, Culture=neutral, PublicKeyToken=7cec85d7bea7798e]]'.
2026-02-02 00:56:21.988 +05:30 [INF] Executed action CarRental.API.Controllers.RentalsController.GetByCustomer (CarRental.API) in 2.4296ms
2026-02-02 00:56:21.988 +05:30 [INF] Executed endpoint 'CarRental.API.Controllers.RentalsController.GetByCustomer (CarRental.API)'
2026-02-02 00:56:21.989 +05:30 [INF] Request finished HTTP/1.1 GET http://localhost:5000/api/Rentals/customer/22222222-2222-2222-2222-222222222222 - 200 null application/json; charset=utf-8 3.0957ms
2026-02-02 00:56:21.990 +05:30 [INF] Request starting HTTP/1.1 GET http://localhost:5000/api/Rentals/customer/22222222-2222-2222-2222-222222222222 - null null
2026-02-02 00:56:21.991 +05:30 [INF] Executing endpoint 'CarRental.API.Controllers.RentalsController.GetByCustomer (CarRental.API)'
2026-02-02 00:56:21.991 +05:30 [INF] Route matched with {action = "GetByCustomer", controller = "Rentals"}. Executing controller action with signature System.Threading.Tasks.Task`1[Microsoft.AspNetCore.Mvc.IActionResult] GetByCustomer(System.Guid, System.Threading.CancellationToken) on controller CarRental.API.Controllers.RentalsController (CarRental.API).
2026-02-02 00:56:21.991 +05:30 [INF] Getting rentals for customer: "22222222-2222-2222-2222-222222222222"
2026-02-02 00:56:21.992 +05:30 [INF] Executed DbCommand (0ms) [Parameters=[@__customerId_0='?' (DbType = Guid)], CommandType='"Text"', CommandTimeout='30']
SELECT `r`.`Id`, `r`.`ActualReturnDate`, `r`.`CarId`, `r`.`CreatedAt`, `r`.`CreatedBy`, `r`.`CustomerId`, `r`.`DailyRate`, `r`.`DamageCharges`, `r`.`DepositAmount`, `r`.`DepositReturned`, `r`.`EndDate`, `r`.`LateFee`, `r`.`Notes`, `r`.`OdometerAtPickup`, `r`.`OdometerAtReturn`, `r`.`PickupLocation`, `r`.`ReturnLocation`, `r`.`StartDate`, `r`.`Status`, `r`.`TotalCost`, `r`.`UpdatedAt`, `r`.`UpdatedBy`, `c`.`Id`, `c`.`Category`, `c`.`Color`, `c`.`CreatedAt`, `c`.`CreatedBy`, `c`.`DailyRate`, `c`.`Description`, `c`.`FuelType`, `c`.`HasAirConditioning`, `c`.`HasGPS`, `c`.`ImageUrl`, `c`.`LastMaintenanceDate`, `c`.`LicensePlate`, `c`.`Make`, `c`.`Mileage`, `c`.`Model`, `c`.`NextMaintenanceDate`, `c`.`SeatingCapacity`, `c`.`Status`, `c`.`Transmission`, `c`.`UpdatedAt`, `c`.`UpdatedBy`, `c`.`Year`, `u`.`Id`, `u`.`City`, `u`.`Country`, `u`.`CreatedAt`, `u`.`CreatedBy`, `u`.`DateOfBirth`, `u`.`DriversLicenseExpiry`, `u`.`DriversLicenseNumber`, `u`.`Email`, `u`.`FirstName`, `u`.`IsActive`, `u`.`LastLoginAt`, `u`.`LastName`, `u`.`PasswordHash`, `u`.`PhoneNumber`, `u`.`PostalCode`, `u`.`Role`, `u`.`State`, `u`.`Street`, `u`.`UpdatedAt`, `u`.`UpdatedBy`
FROM `Rentals` AS `r`
INNER JOIN `Cars` AS `c` ON `r`.`CarId` = `c`.`Id`
INNER JOIN `Users` AS `u` ON `r`.`CustomerId` = `u`.`Id`
WHERE `r`.`CustomerId` = @__customerId_0
ORDER BY `r`.`CreatedAt` DESC
2026-02-02 00:56:21.992 +05:30 [INF] Executing OkObjectResult, writing value of type 'CarRental.API.Controllers.ApiResponse`1[[System.Collections.Generic.IEnumerable`1[[CarRental.Application.DTOs.Rental.RentalDto, CarRental.Application, Version=1.0.0.0, Culture=neutral, PublicKeyToken=null]], System.Private.CoreLib, Version=8.0.0.0, Culture=neutral, PublicKeyToken=7cec85d7bea7798e]]'.
2026-02-02 00:56:21.992 +05:30 [INF] Executed action CarRental.API.Controllers.RentalsController.GetByCustomer (CarRental.API) in 1.3537ms
2026-02-02 00:56:21.992 +05:30 [INF] Executed endpoint 'CarRental.API.Controllers.RentalsController.GetByCustomer (CarRental.API)'
2026-02-02 00:56:21.992 +05:30 [INF] Request finished HTTP/1.1 GET http://localhost:5000/api/Rentals/customer/22222222-2222-2222-2222-222222222222 - 200 null application/json; charset=utf-8 1.9992ms
2026-02-02 00:56:32.370 +05:30 [INF] Request starting HTTP/1.1 GET http://localhost:5000/api/Cars - null null
2026-02-02 00:56:32.370 +05:30 [INF] Executing endpoint 'CarRental.API.Controllers.CarsController.GetAll (CarRental.API)'
2026-02-02 00:56:32.371 +05:30 [INF] Route matched with {action = "GetAll", controller = "Cars"}. Executing controller action with signature System.Threading.Tasks.Task`1[Microsoft.AspNetCore.Mvc.IActionResult] GetAll(System.Threading.CancellationToken) on controller CarRental.API.Controllers.CarsController (CarRental.API).
2026-02-02 00:56:32.371 +05:30 [INF] Getting all cars
2026-02-02 00:56:32.372 +05:30 [INF] Executed DbCommand (0ms) [Parameters=[], CommandType='"Text"', CommandTimeout='30']
SELECT `c`.`Id`, `c`.`Category`, `c`.`Color`, `c`.`CreatedAt`, `c`.`CreatedBy`, `c`.`DailyRate`, `c`.`Description`, `c`.`FuelType`, `c`.`HasAirConditioning`, `c`.`HasGPS`, `c`.`ImageUrl`, `c`.`LastMaintenanceDate`, `c`.`LicensePlate`, `c`.`Make`, `c`.`Mileage`, `c`.`Model`, `c`.`NextMaintenanceDate`, `c`.`SeatingCapacity`, `c`.`Status`, `c`.`Transmission`, `c`.`UpdatedAt`, `c`.`UpdatedBy`, `c`.`Year`
FROM `Cars` AS `c`
2026-02-02 00:56:32.372 +05:30 [INF] Executing OkObjectResult, writing value of type 'CarRental.API.Controllers.ApiResponse`1[[System.Collections.Generic.IEnumerable`1[[CarRental.Application.DTOs.Car.CarDto, CarRental.Application, Version=1.0.0.0, Culture=neutral, PublicKeyToken=null]], System.Private.CoreLib, Version=8.0.0.0, Culture=neutral, PublicKeyToken=7cec85d7bea7798e]]'.
2026-02-02 00:56:32.373 +05:30 [INF] Executed action CarRental.API.Controllers.CarsController.GetAll (CarRental.API) in 1.8932ms
2026-02-02 00:56:32.373 +05:30 [INF] Executed endpoint 'CarRental.API.Controllers.CarsController.GetAll (CarRental.API)'
2026-02-02 00:56:32.373 +05:30 [INF] Request finished HTTP/1.1 GET http://localhost:5000/api/Cars - 200 null application/json; charset=utf-8 2.9472ms
2026-02-02 00:56:32.374 +05:30 [INF] Request starting HTTP/1.1 GET http://localhost:5000/api/Cars - null null
2026-02-02 00:56:32.375 +05:30 [INF] Executing endpoint 'CarRental.API.Controllers.CarsController.GetAll (CarRental.API)'
2026-02-02 00:56:32.375 +05:30 [INF] Route matched with {action = "GetAll", controller = "Cars"}. Executing controller action with signature System.Threading.Tasks.Task`1[Microsoft.AspNetCore.Mvc.IActionResult] GetAll(System.Threading.CancellationToken) on controller CarRental.API.Controllers.CarsController (CarRental.API).
2026-02-02 00:56:32.375 +05:30 [INF] Getting all cars
2026-02-02 00:56:32.376 +05:30 [INF] Executed DbCommand (0ms) [Parameters=[], CommandType='"Text"', CommandTimeout='30']
SELECT `c`.`Id`, `c`.`Category`, `c`.`Color`, `c`.`CreatedAt`, `c`.`CreatedBy`, `c`.`DailyRate`, `c`.`Description`, `c`.`FuelType`, `c`.`HasAirConditioning`, `c`.`HasGPS`, `c`.`ImageUrl`, `c`.`LastMaintenanceDate`, `c`.`LicensePlate`, `c`.`Make`, `c`.`Mileage`, `c`.`Model`, `c`.`NextMaintenanceDate`, `c`.`SeatingCapacity`, `c`.`Status`, `c`.`Transmission`, `c`.`UpdatedAt`, `c`.`UpdatedBy`, `c`.`Year`
FROM `Cars` AS `c`
2026-02-02 00:56:32.376 +05:30 [INF] Executing OkObjectResult, writing value of type 'CarRental.API.Controllers.ApiResponse`1[[System.Collections.Generic.IEnumerable`1[[CarRental.Application.DTOs.Car.CarDto, CarRental.Application, Version=1.0.0.0, Culture=neutral, PublicKeyToken=null]], System.Private.CoreLib, Version=8.0.0.0, Culture=neutral, PublicKeyToken=7cec85d7bea7798e]]'.
2026-02-02 00:56:32.377 +05:30 [INF] Executed action CarRental.API.Controllers.CarsController.GetAll (CarRental.API) in 1.7357ms
2026-02-02 00:56:32.377 +05:30 [INF] Executed endpoint 'CarRental.API.Controllers.CarsController.GetAll (CarRental.API)'
2026-02-02 00:56:32.377 +05:30 [INF] Request finished HTTP/1.1 GET http://localhost:5000/api/Cars - 200 null application/json; charset=utf-8 2.3573ms
2026-02-02 00:56:34.620 +05:30 [INF] Request starting HTTP/1.1 GET http://localhost:5000/api/Rentals/customer/22222222-2222-2222-2222-222222222222 - null null
2026-02-02 00:56:34.621 +05:30 [INF] Executing endpoint 'CarRental.API.Controllers.RentalsController.GetByCustomer (CarRental.API)'
2026-02-02 00:56:34.621 +05:30 [INF] Route matched with {action = "GetByCustomer", controller = "Rentals"}. Executing controller action with signature System.Threading.Tasks.Task`1[Microsoft.AspNetCore.Mvc.IActionResult] GetByCustomer(System.Guid, System.Threading.CancellationToken) on controller CarRental.API.Controllers.RentalsController (CarRental.API).
2026-02-02 00:56:34.622 +05:30 [INF] Getting rentals for customer: "22222222-2222-2222-2222-222222222222"
2026-02-02 00:56:34.623 +05:30 [INF] Executed DbCommand (1ms) [Parameters=[@__customerId_0='?' (DbType = Guid)], CommandType='"Text"', CommandTimeout='30']
SELECT `r`.`Id`, `r`.`ActualReturnDate`, `r`.`CarId`, `r`.`CreatedAt`, `r`.`CreatedBy`, `r`.`CustomerId`, `r`.`DailyRate`, `r`.`DamageCharges`, `r`.`DepositAmount`, `r`.`DepositReturned`, `r`.`EndDate`, `r`.`LateFee`, `r`.`Notes`, `r`.`OdometerAtPickup`, `r`.`OdometerAtReturn`, `r`.`PickupLocation`, `r`.`ReturnLocation`, `r`.`StartDate`, `r`.`Status`, `r`.`TotalCost`, `r`.`UpdatedAt`, `r`.`UpdatedBy`, `c`.`Id`, `c`.`Category`, `c`.`Color`, `c`.`CreatedAt`, `c`.`CreatedBy`, `c`.`DailyRate`, `c`.`Description`, `c`.`FuelType`, `c`.`HasAirConditioning`, `c`.`HasGPS`, `c`.`ImageUrl`, `c`.`LastMaintenanceDate`, `c`.`LicensePlate`, `c`.`Make`, `c`.`Mileage`, `c`.`Model`, `c`.`NextMaintenanceDate`, `c`.`SeatingCapacity`, `c`.`Status`, `c`.`Transmission`, `c`.`UpdatedAt`, `c`.`UpdatedBy`, `c`.`Year`, `u`.`Id`, `u`.`City`, `u`.`Country`, `u`.`CreatedAt`, `u`.`CreatedBy`, `u`.`DateOfBirth`, `u`.`DriversLicenseExpiry`, `u`.`DriversLicenseNumber`, `u`.`Email`, `u`.`FirstName`, `u`.`IsActive`, `u`.`LastLoginAt`, `u`.`LastName`, `u`.`PasswordHash`, `u`.`PhoneNumber`, `u`.`PostalCode`, `u`.`Role`, `u`.`State`, `u`.`Street`, `u`.`UpdatedAt`, `u`.`UpdatedBy`
FROM `Rentals` AS `r`
INNER JOIN `Cars` AS `c` ON `r`.`CarId` = `c`.`Id`
INNER JOIN `Users` AS `u` ON `r`.`CustomerId` = `u`.`Id`
WHERE `r`.`CustomerId` = @__customerId_0
ORDER BY `r`.`CreatedAt` DESC
2026-02-02 00:56:34.624 +05:30 [INF] Executing OkObjectResult, writing value of type 'CarRental.API.Controllers.ApiResponse`1[[System.Collections.Generic.IEnumerable`1[[CarRental.Application.DTOs.Rental.RentalDto, CarRental.Application, Version=1.0.0.0, Culture=neutral, PublicKeyToken=null]], System.Private.CoreLib, Version=8.0.0.0, Culture=neutral, PublicKeyToken=7cec85d7bea7798e]]'.
2026-02-02 00:56:34.624 +05:30 [INF] Executed action CarRental.API.Controllers.RentalsController.GetByCustomer (CarRental.API) in 3.2653ms
2026-02-02 00:56:34.624 +05:30 [INF] Executed endpoint 'CarRental.API.Controllers.RentalsController.GetByCustomer (CarRental.API)'
2026-02-02 00:56:34.624 +05:30 [INF] Request finished HTTP/1.1 GET http://localhost:5000/api/Rentals/customer/22222222-2222-2222-2222-222222222222 - 200 null application/json; charset=utf-8 4.2712ms
2026-02-02 00:56:34.627 +05:30 [INF] Request starting HTTP/1.1 GET http://localhost:5000/api/Rentals/customer/22222222-2222-2222-2222-222222222222 - null null
2026-02-02 00:56:34.628 +05:30 [INF] Executing endpoint 'CarRental.API.Controllers.RentalsController.GetByCustomer (CarRental.API)'
2026-02-02 00:56:34.628 +05:30 [INF] Route matched with {action = "GetByCustomer", controller = "Rentals"}. Executing controller action with signature System.Threading.Tasks.Task`1[Microsoft.AspNetCore.Mvc.IActionResult] GetByCustomer(System.Guid, System.Threading.CancellationToken) on controller CarRental.API.Controllers.RentalsController (CarRental.API).
2026-02-02 00:56:34.629 +05:30 [INF] Getting rentals for customer: "22222222-2222-2222-2222-222222222222"
2026-02-02 00:56:34.630 +05:30 [INF] Executed DbCommand (1ms) [Parameters=[@__customerId_0='?' (DbType = Guid)], CommandType='"Text"', CommandTimeout='30']
SELECT `r`.`Id`, `r`.`ActualReturnDate`, `r`.`CarId`, `r`.`CreatedAt`, `r`.`CreatedBy`, `r`.`CustomerId`, `r`.`DailyRate`, `r`.`DamageCharges`, `r`.`DepositAmount`, `r`.`DepositReturned`, `r`.`EndDate`, `r`.`LateFee`, `r`.`Notes`, `r`.`OdometerAtPickup`, `r`.`OdometerAtReturn`, `r`.`PickupLocation`, `r`.`ReturnLocation`, `r`.`StartDate`, `r`.`Status`, `r`.`TotalCost`, `r`.`UpdatedAt`, `r`.`UpdatedBy`, `c`.`Id`, `c`.`Category`, `c`.`Color`, `c`.`CreatedAt`, `c`.`CreatedBy`, `c`.`DailyRate`, `c`.`Description`, `c`.`FuelType`, `c`.`HasAirConditioning`, `c`.`HasGPS`, `c`.`ImageUrl`, `c`.`LastMaintenanceDate`, `c`.`LicensePlate`, `c`.`Make`, `c`.`Mileage`, `c`.`Model`, `c`.`NextMaintenanceDate`, `c`.`SeatingCapacity`, `c`.`Status`, `c`.`Transmission`, `c`.`UpdatedAt`, `c`.`UpdatedBy`, `c`.`Year`, `u`.`Id`, `u`.`City`, `u`.`Country`, `u`.`CreatedAt`, `u`.`CreatedBy`, `u`.`DateOfBirth`, `u`.`DriversLicenseExpiry`, `u`.`DriversLicenseNumber`, `u`.`Email`, `u`.`FirstName`, `u`.`IsActive`, `u`.`LastLoginAt`, `u`.`LastName`, `u`.`PasswordHash`, `u`.`PhoneNumber`, `u`.`PostalCode`, `u`.`Role`, `u`.`State`, `u`.`Street`, `u`.`UpdatedAt`, `u`.`UpdatedBy`
FROM `Rentals` AS `r`
INNER JOIN `Cars` AS `c` ON `r`.`CarId` = `c`.`Id`
INNER JOIN `Users` AS `u` ON `r`.`CustomerId` = `u`.`Id`
WHERE `r`.`CustomerId` = @__customerId_0
ORDER BY `r`.`CreatedAt` DESC
2026-02-02 00:56:34.631 +05:30 [INF] Executing OkObjectResult, writing value of type 'CarRental.API.Controllers.ApiResponse`1[[System.Collections.Generic.IEnumerable`1[[CarRental.Application.DTOs.Rental.RentalDto, CarRental.Application, Version=1.0.0.0, Culture=neutral, PublicKeyToken=null]], System.Private.CoreLib, Version=8.0.0.0, Culture=neutral, PublicKeyToken=7cec85d7bea7798e]]'.
2026-02-02 00:56:34.631 +05:30 [INF] Executed action CarRental.API.Controllers.RentalsController.GetByCustomer (CarRental.API) in 3.184ms
2026-02-02 00:56:34.631 +05:30 [INF] Executed endpoint 'CarRental.API.Controllers.RentalsController.GetByCustomer (CarRental.API)'
2026-02-02 00:56:34.631 +05:30 [INF] Request finished HTTP/1.1 GET http://localhost:5000/api/Rentals/customer/22222222-2222-2222-2222-222222222222 - 200 null application/json; charset=utf-8 4.1863ms
2026-02-02 00:56:42.130 +05:30 [INF] Request starting HTTP/1.1 GET http://localhost:5000/api/Rentals/1b27163a-645a-4e73-aa82-e22032965a77 - null null
2026-02-02 00:56:42.131 +05:30 [INF] Executing endpoint 'CarRental.API.Controllers.RentalsController.GetById (CarRental.API)'
2026-02-02 00:56:42.131 +05:30 [INF] Route matched with {action = "GetById", controller = "Rentals"}. Executing controller action with signature System.Threading.Tasks.Task`1[Microsoft.AspNetCore.Mvc.IActionResult] GetById(System.Guid, System.Threading.CancellationToken) on controller CarRental.API.Controllers.RentalsController (CarRental.API).
2026-02-02 00:56:42.131 +05:30 [INF] Getting rental with ID: "1b27163a-645a-4e73-aa82-e22032965a77"
2026-02-02 00:56:42.134 +05:30 [INF] Executed DbCommand (1ms) [Parameters=[@__rentalId_0='?' (DbType = Guid)], CommandType='"Text"', CommandTimeout='30']
SELECT `t`.`Id`, `t`.`ActualReturnDate`, `t`.`CarId`, `t`.`CreatedAt`, `t`.`CreatedBy`, `t`.`CustomerId`, `t`.`DailyRate`, `t`.`DamageCharges`, `t`.`DepositAmount`, `t`.`DepositReturned`, `t`.`EndDate`, `t`.`LateFee`, `t`.`Notes`, `t`.`OdometerAtPickup`, `t`.`OdometerAtReturn`, `t`.`PickupLocation`, `t`.`ReturnLocation`, `t`.`StartDate`, `t`.`Status`, `t`.`TotalCost`, `t`.`UpdatedAt`, `t`.`UpdatedBy`, `t`.`Id0`, `t`.`Category`, `t`.`Color`, `t`.`CreatedAt0`, `t`.`CreatedBy0`, `t`.`DailyRate0`, `t`.`Description`, `t`.`FuelType`, `t`.`HasAirConditioning`, `t`.`HasGPS`, `t`.`ImageUrl`, `t`.`LastMaintenanceDate`, `t`.`LicensePlate`, `t`.`Make`, `t`.`Mileage`, `t`.`Model`, `t`.`NextMaintenanceDate`, `t`.`SeatingCapacity`, `t`.`Status0`, `t`.`Transmission`, `t`.`UpdatedAt0`, `t`.`UpdatedBy0`, `t`.`Year`, `t`.`Id1`, `t`.`City`, `t`.`Country`, `t`.`CreatedAt1`, `t`.`CreatedBy1`, `t`.`DateOfBirth`, `t`.`DriversLicenseExpiry`, `t`.`DriversLicenseNumber`, `t`.`Email`, `t`.`FirstName`, `t`.`IsActive`, `t`.`LastLoginAt`, `t`.`LastName`, `t`.`PasswordHash`, `t`.`PhoneNumber`, `t`.`PostalCode`, `t`.`Role`, `t`.`State`, `t`.`Street`, `t`.`UpdatedAt1`, `t`.`UpdatedBy1`, `p`.`Id`, `p`.`Amount`, `p`.`CreatedAt`, `p`.`CreatedBy`, `p`.`Description`, `p`.`FailureReason`, `p`.`PaymentDate`, `p`.`PaymentMethod`, `p`.`RentalId`, `p`.`Status`, `p`.`TransactionId`, `p`.`UpdatedAt`, `p`.`UpdatedBy`
FROM (
    SELECT `r`.`Id`, `r`.`ActualReturnDate`, `r`.`CarId`, `r`.`CreatedAt`, `r`.`CreatedBy`, `r`.`CustomerId`, `r`.`DailyRate`, `r`.`DamageCharges`, `r`.`DepositAmount`, `r`.`DepositReturned`, `r`.`EndDate`, `r`.`LateFee`, `r`.`Notes`, `r`.`OdometerAtPickup`, `r`.`OdometerAtReturn`, `r`.`PickupLocation`, `r`.`ReturnLocation`, `r`.`StartDate`, `r`.`Status`, `r`.`TotalCost`, `r`.`UpdatedAt`, `r`.`UpdatedBy`, `c`.`Id` AS `Id0`, `c`.`Category`, `c`.`Color`, `c`.`CreatedAt` AS `CreatedAt0`, `c`.`CreatedBy` AS `CreatedBy0`, `c`.`DailyRate` AS `DailyRate0`, `c`.`Description`, `c`.`FuelType`, `c`.`HasAirConditioning`, `c`.`HasGPS`, `c`.`ImageUrl`, `c`.`LastMaintenanceDate`, `c`.`LicensePlate`, `c`.`Make`, `c`.`Mileage`, `c`.`Model`, `c`.`NextMaintenanceDate`, `c`.`SeatingCapacity`, `c`.`Status` AS `Status0`, `c`.`Transmission`, `c`.`UpdatedAt` AS `UpdatedAt0`, `c`.`UpdatedBy` AS `UpdatedBy0`, `c`.`Year`, `u`.`Id` AS `Id1`, `u`.`City`, `u`.`Country`, `u`.`CreatedAt` AS `CreatedAt1`, `u`.`CreatedBy` AS `CreatedBy1`, `u`.`DateOfBirth`, `u`.`DriversLicenseExpiry`, `u`.`DriversLicenseNumber`, `u`.`Email`, `u`.`FirstName`, `u`.`IsActive`, `u`.`LastLoginAt`, `u`.`LastName`, `u`.`PasswordHash`, `u`.`PhoneNumber`, `u`.`PostalCode`, `u`.`Role`, `u`.`State`, `u`.`Street`, `u`.`UpdatedAt` AS `UpdatedAt1`, `u`.`UpdatedBy` AS `UpdatedBy1`
    FROM `Rentals` AS `r`
    INNER JOIN `Cars` AS `c` ON `r`.`CarId` = `c`.`Id`
    INNER JOIN `Users` AS `u` ON `r`.`CustomerId` = `u`.`Id`
    WHERE `r`.`Id` = @__rentalId_0
    LIMIT 1
) AS `t`
LEFT JOIN `Payments` AS `p` ON `t`.`Id` = `p`.`RentalId`
ORDER BY `t`.`Id`, `t`.`Id0`, `t`.`Id1`
2026-02-02 00:56:42.134 +05:30 [INF] Executing OkObjectResult, writing value of type 'CarRental.API.Controllers.ApiResponse`1[[CarRental.Application.DTOs.Rental.RentalDto, CarRental.Application, Version=1.0.0.0, Culture=neutral, PublicKeyToken=null]]'.
2026-02-02 00:56:42.134 +05:30 [INF] Executed action CarRental.API.Controllers.RentalsController.GetById (CarRental.API) in 3.3101ms
2026-02-02 00:56:42.134 +05:30 [INF] Executed endpoint 'CarRental.API.Controllers.RentalsController.GetById (CarRental.API)'
2026-02-02 00:56:42.134 +05:30 [INF] Request finished HTTP/1.1 GET http://localhost:5000/api/Rentals/1b27163a-645a-4e73-aa82-e22032965a77 - 200 null application/json; charset=utf-8 3.8572ms
2026-02-02 00:56:42.136 +05:30 [INF] Request starting HTTP/1.1 GET http://localhost:5000/api/Rentals/1b27163a-645a-4e73-aa82-e22032965a77 - null null
2026-02-02 00:56:42.136 +05:30 [INF] Executing endpoint 'CarRental.API.Controllers.RentalsController.GetById (CarRental.API)'
2026-02-02 00:56:42.136 +05:30 [INF] Route matched with {action = "GetById", controller = "Rentals"}. Executing controller action with signature System.Threading.Tasks.Task`1[Microsoft.AspNetCore.Mvc.IActionResult] GetById(System.Guid, System.Threading.CancellationToken) on controller CarRental.API.Controllers.RentalsController (CarRental.API).
2026-02-02 00:56:42.137 +05:30 [INF] Getting rental with ID: "1b27163a-645a-4e73-aa82-e22032965a77"
2026-02-02 00:56:42.138 +05:30 [INF] Executed DbCommand (1ms) [Parameters=[@__rentalId_0='?' (DbType = Guid)], CommandType='"Text"', CommandTimeout='30']
SELECT `t`.`Id`, `t`.`ActualReturnDate`, `t`.`CarId`, `t`.`CreatedAt`, `t`.`CreatedBy`, `t`.`CustomerId`, `t`.`DailyRate`, `t`.`DamageCharges`, `t`.`DepositAmount`, `t`.`DepositReturned`, `t`.`EndDate`, `t`.`LateFee`, `t`.`Notes`, `t`.`OdometerAtPickup`, `t`.`OdometerAtReturn`, `t`.`PickupLocation`, `t`.`ReturnLocation`, `t`.`StartDate`, `t`.`Status`, `t`.`TotalCost`, `t`.`UpdatedAt`, `t`.`UpdatedBy`, `t`.`Id0`, `t`.`Category`, `t`.`Color`, `t`.`CreatedAt0`, `t`.`CreatedBy0`, `t`.`DailyRate0`, `t`.`Description`, `t`.`FuelType`, `t`.`HasAirConditioning`, `t`.`HasGPS`, `t`.`ImageUrl`, `t`.`LastMaintenanceDate`, `t`.`LicensePlate`, `t`.`Make`, `t`.`Mileage`, `t`.`Model`, `t`.`NextMaintenanceDate`, `t`.`SeatingCapacity`, `t`.`Status0`, `t`.`Transmission`, `t`.`UpdatedAt0`, `t`.`UpdatedBy0`, `t`.`Year`, `t`.`Id1`, `t`.`City`, `t`.`Country`, `t`.`CreatedAt1`, `t`.`CreatedBy1`, `t`.`DateOfBirth`, `t`.`DriversLicenseExpiry`, `t`.`DriversLicenseNumber`, `t`.`Email`, `t`.`FirstName`, `t`.`IsActive`, `t`.`LastLoginAt`, `t`.`LastName`, `t`.`PasswordHash`, `t`.`PhoneNumber`, `t`.`PostalCode`, `t`.`Role`, `t`.`State`, `t`.`Street`, `t`.`UpdatedAt1`, `t`.`UpdatedBy1`, `p`.`Id`, `p`.`Amount`, `p`.`CreatedAt`, `p`.`CreatedBy`, `p`.`Description`, `p`.`FailureReason`, `p`.`PaymentDate`, `p`.`PaymentMethod`, `p`.`RentalId`, `p`.`Status`, `p`.`TransactionId`, `p`.`UpdatedAt`, `p`.`UpdatedBy`
FROM (
    SELECT `r`.`Id`, `r`.`ActualReturnDate`, `r`.`CarId`, `r`.`CreatedAt`, `r`.`CreatedBy`, `r`.`CustomerId`, `r`.`DailyRate`, `r`.`DamageCharges`, `r`.`DepositAmount`, `r`.`DepositReturned`, `r`.`EndDate`, `r`.`LateFee`, `r`.`Notes`, `r`.`OdometerAtPickup`, `r`.`OdometerAtReturn`, `r`.`PickupLocation`, `r`.`ReturnLocation`, `r`.`StartDate`, `r`.`Status`, `r`.`TotalCost`, `r`.`UpdatedAt`, `r`.`UpdatedBy`, `c`.`Id` AS `Id0`, `c`.`Category`, `c`.`Color`, `c`.`CreatedAt` AS `CreatedAt0`, `c`.`CreatedBy` AS `CreatedBy0`, `c`.`DailyRate` AS `DailyRate0`, `c`.`Description`, `c`.`FuelType`, `c`.`HasAirConditioning`, `c`.`HasGPS`, `c`.`ImageUrl`, `c`.`LastMaintenanceDate`, `c`.`LicensePlate`, `c`.`Make`, `c`.`Mileage`, `c`.`Model`, `c`.`NextMaintenanceDate`, `c`.`SeatingCapacity`, `c`.`Status` AS `Status0`, `c`.`Transmission`, `c`.`UpdatedAt` AS `UpdatedAt0`, `c`.`UpdatedBy` AS `UpdatedBy0`, `c`.`Year`, `u`.`Id` AS `Id1`, `u`.`City`, `u`.`Country`, `u`.`CreatedAt` AS `CreatedAt1`, `u`.`CreatedBy` AS `CreatedBy1`, `u`.`DateOfBirth`, `u`.`DriversLicenseExpiry`, `u`.`DriversLicenseNumber`, `u`.`Email`, `u`.`FirstName`, `u`.`IsActive`, `u`.`LastLoginAt`, `u`.`LastName`, `u`.`PasswordHash`, `u`.`PhoneNumber`, `u`.`PostalCode`, `u`.`Role`, `u`.`State`, `u`.`Street`, `u`.`UpdatedAt` AS `UpdatedAt1`, `u`.`UpdatedBy` AS `UpdatedBy1`
    FROM `Rentals` AS `r`
    INNER JOIN `Cars` AS `c` ON `r`.`CarId` = `c`.`Id`
    INNER JOIN `Users` AS `u` ON `r`.`CustomerId` = `u`.`Id`
    WHERE `r`.`Id` = @__rentalId_0
    LIMIT 1
) AS `t`
LEFT JOIN `Payments` AS `p` ON `t`.`Id` = `p`.`RentalId`
ORDER BY `t`.`Id`, `t`.`Id0`, `t`.`Id1`
2026-02-02 00:56:42.139 +05:30 [INF] Executing OkObjectResult, writing value of type 'CarRental.API.Controllers.ApiResponse`1[[CarRental.Application.DTOs.Rental.RentalDto, CarRental.Application, Version=1.0.0.0, Culture=neutral, PublicKeyToken=null]]'.
2026-02-02 00:56:42.139 +05:30 [INF] Executed action CarRental.API.Controllers.RentalsController.GetById (CarRental.API) in 2.6296ms
2026-02-02 00:56:42.139 +05:30 [INF] Executed endpoint 'CarRental.API.Controllers.RentalsController.GetById (CarRental.API)'
2026-02-02 00:56:42.139 +05:30 [INF] Request finished HTTP/1.1 GET http://localhost:5000/api/Rentals/1b27163a-645a-4e73-aa82-e22032965a77 - 200 null application/json; charset=utf-8 3.342ms
2026-02-02 00:58:48.731 +05:30 [INF] Request starting HTTP/1.1 POST http://localhost:5000/api/Payments - application/json 128
2026-02-02 00:58:48.731 +05:30 [INF] CORS policy execution successful.
2026-02-02 00:58:48.732 +05:30 [INF] Executing endpoint 'CarRental.API.Controllers.PaymentsController.Create (CarRental.API)'
2026-02-02 00:58:48.732 +05:30 [INF] Route matched with {action = "Create", controller = "Payments"}. Executing controller action with signature System.Threading.Tasks.Task`1[Microsoft.AspNetCore.Mvc.IActionResult] Create(CarRental.Application.DTOs.Payment.CreatePaymentRequest, System.Threading.CancellationToken) on controller CarRental.API.Controllers.PaymentsController (CarRental.API).
2026-02-02 00:58:48.735 +05:30 [INF] Creating new payment for rental: "1b27163a-645a-4e73-aa82-e22032965a77"
2026-02-02 00:58:48.737 +05:30 [INF] Executed DbCommand (1ms) [Parameters=[@__get_Item_0='?' (DbType = Guid)], CommandType='"Text"', CommandTimeout='30']
SELECT `r`.`Id`, `r`.`ActualReturnDate`, `r`.`CarId`, `r`.`CreatedAt`, `r`.`CreatedBy`, `r`.`CustomerId`, `r`.`DailyRate`, `r`.`DamageCharges`, `r`.`DepositAmount`, `r`.`DepositReturned`, `r`.`EndDate`, `r`.`LateFee`, `r`.`Notes`, `r`.`OdometerAtPickup`, `r`.`OdometerAtReturn`, `r`.`PickupLocation`, `r`.`ReturnLocation`, `r`.`StartDate`, `r`.`Status`, `r`.`TotalCost`, `r`.`UpdatedAt`, `r`.`UpdatedBy`
FROM `Rentals` AS `r`
WHERE `r`.`Id` = @__get_Item_0
LIMIT 1
2026-02-02 00:58:48.740 +05:30 [INF] Executed DbCommand (1ms) [Parameters=[@p0='?' (DbType = Guid), @p1='?' (DbType = Decimal), @p2='?' (DbType = DateTime), @p3='?' (Size = 4000), @p4='?' (Size = 4000), @p5='?' (Size = 4000), @p6='?' (DbType = DateTime), @p7='?' (DbType = Int32), @p8='?' (DbType = Guid), @p9='?' (DbType = Int32), @p10='?' (Size = 4000), @p11='?' (DbType = DateTime), @p12='?' (Size = 4000)], CommandType='"Text"', CommandTimeout='30']
SET AUTOCOMMIT = 1;
INSERT INTO `Payments` (`Id`, `Amount`, `CreatedAt`, `CreatedBy`, `Description`, `FailureReason`, `PaymentDate`, `PaymentMethod`, `RentalId`, `Status`, `TransactionId`, `UpdatedAt`, `UpdatedBy`)
VALUES (@p0, @p1, @p2, @p3, @p4, @p5, @p6, @p7, @p8, @p9, @p10, @p11, @p12);
2026-02-02 00:58:48.741 +05:30 [INF] Executing OkObjectResult, writing value of type 'CarRental.API.Controllers.ApiResponse`1[[CarRental.Application.DTOs.Payment.PaymentDto, CarRental.Application, Version=1.0.0.0, Culture=neutral, PublicKeyToken=null]]'.
2026-02-02 00:58:48.741 +05:30 [INF] Executed action CarRental.API.Controllers.PaymentsController.Create (CarRental.API) in 8.9839ms
2026-02-02 00:58:48.741 +05:30 [INF] Executed endpoint 'CarRental.API.Controllers.PaymentsController.Create (CarRental.API)'
2026-02-02 00:58:48.741 +05:30 [INF] Request finished HTTP/1.1 POST http://localhost:5000/api/Payments - 200 null application/json; charset=utf-8 10.5949ms
2026-02-02 00:58:48.746 +05:30 [INF] Request starting HTTP/1.1 POST http://localhost:5000/api/Payments/3cff52d8-1119-457a-8740-7213102441d2/process - null 0
2026-02-02 00:58:48.746 +05:30 [INF] CORS policy execution successful.
2026-02-02 00:58:48.747 +05:30 [INF] Executing endpoint 'CarRental.API.Controllers.PaymentsController.Process (CarRental.API)'
2026-02-02 00:58:48.747 +05:30 [INF] Route matched with {action = "Process", controller = "Payments"}. Executing controller action with signature System.Threading.Tasks.Task`1[Microsoft.AspNetCore.Mvc.IActionResult] Process(System.Guid, System.Threading.CancellationToken) on controller CarRental.API.Controllers.PaymentsController (CarRental.API).
2026-02-02 00:58:48.747 +05:30 [INF] Processing payment: "3cff52d8-1119-457a-8740-7213102441d2"
2026-02-02 00:58:48.748 +05:30 [INF] Executed DbCommand (0ms) [Parameters=[@__get_Item_0='?' (DbType = Guid)], CommandType='"Text"', CommandTimeout='30']
SELECT `p`.`Id`, `p`.`Amount`, `p`.`CreatedAt`, `p`.`CreatedBy`, `p`.`Description`, `p`.`FailureReason`, `p`.`PaymentDate`, `p`.`PaymentMethod`, `p`.`RentalId`, `p`.`Status`, `p`.`TransactionId`, `p`.`UpdatedAt`, `p`.`UpdatedBy`
FROM `Payments` AS `p`
WHERE `p`.`Id` = @__get_Item_0
LIMIT 1
2026-02-02 00:58:48.749 +05:30 [INF] Executed DbCommand (1ms) [Parameters=[@p12='?' (DbType = Guid), @p0='?' (DbType = Decimal), @p1='?' (DbType = DateTime), @p2='?' (Size = 4000), @p3='?' (Size = 4000), @p4='?' (Size = 4000), @p5='?' (DbType = DateTime), @p6='?' (DbType = Int32), @p7='?' (DbType = Guid), @p8='?' (DbType = Int32), @p9='?' (Size = 4000), @p10='?' (DbType = DateTime), @p11='?' (Size = 4000)], CommandType='"Text"', CommandTimeout='30']
SET AUTOCOMMIT = 1;
UPDATE `Payments` SET `Amount` = @p0, `CreatedAt` = @p1, `CreatedBy` = @p2, `Description` = @p3, `FailureReason` = @p4, `PaymentDate` = @p5, `PaymentMethod` = @p6, `RentalId` = @p7, `Status` = @p8, `TransactionId` = @p9, `UpdatedAt` = @p10, `UpdatedBy` = @p11
WHERE `Id` = @p12;
SELECT ROW_COUNT();
2026-02-02 00:58:48.750 +05:30 [INF] Executed DbCommand (0ms) [Parameters=[@p12='?' (DbType = Guid), @p0='?' (DbType = Decimal), @p1='?' (DbType = DateTime), @p2='?' (Size = 4000), @p3='?' (Size = 4000), @p4='?' (Size = 4000), @p5='?' (DbType = DateTime), @p6='?' (DbType = Int32), @p7='?' (DbType = Guid), @p8='?' (DbType = Int32), @p9='?' (Size = 4000), @p10='?' (DbType = DateTime), @p11='?' (Size = 4000)], CommandType='"Text"', CommandTimeout='30']
SET AUTOCOMMIT = 1;
UPDATE `Payments` SET `Amount` = @p0, `CreatedAt` = @p1, `CreatedBy` = @p2, `Description` = @p3, `FailureReason` = @p4, `PaymentDate` = @p5, `PaymentMethod` = @p6, `RentalId` = @p7, `Status` = @p8, `TransactionId` = @p9, `UpdatedAt` = @p10, `UpdatedBy` = @p11
WHERE `Id` = @p12;
SELECT ROW_COUNT();
2026-02-02 00:58:48.750 +05:30 [INF] Executing OkObjectResult, writing value of type 'CarRental.API.Controllers.ApiResponse`1[[CarRental.Application.DTOs.Payment.PaymentDto, CarRental.Application, Version=1.0.0.0, Culture=neutral, PublicKeyToken=null]]'.
2026-02-02 00:58:48.750 +05:30 [INF] Executed action CarRental.API.Controllers.PaymentsController.Process (CarRental.API) in 3.0644ms
2026-02-02 00:58:48.750 +05:30 [INF] Executed endpoint 'CarRental.API.Controllers.PaymentsController.Process (CarRental.API)'
2026-02-02 00:58:48.750 +05:30 [INF] Request finished HTTP/1.1 POST http://localhost:5000/api/Payments/3cff52d8-1119-457a-8740-7213102441d2/process - 200 null application/json; charset=utf-8 3.7795ms
2026-02-02 00:58:48.752 +05:30 [INF] Request starting HTTP/1.1 POST http://localhost:5000/api/Rentals/1b27163a-645a-4e73-aa82-e22032965a77/confirm - null 0
2026-02-02 00:58:48.753 +05:30 [INF] CORS policy execution successful.
2026-02-02 00:58:48.753 +05:30 [INF] Executing endpoint 'CarRental.API.Controllers.RentalsController.Confirm (CarRental.API)'
2026-02-02 00:58:48.753 +05:30 [INF] Route matched with {action = "Confirm", controller = "Rentals"}. Executing controller action with signature System.Threading.Tasks.Task`1[Microsoft.AspNetCore.Mvc.IActionResult] Confirm(System.Guid, System.Threading.CancellationToken) on controller CarRental.API.Controllers.RentalsController (CarRental.API).
2026-02-02 00:58:48.753 +05:30 [INF] Confirming rental: "1b27163a-645a-4e73-aa82-e22032965a77"
2026-02-02 00:58:48.754 +05:30 [INF] Executed DbCommand (1ms) [Parameters=[@__rentalId_0='?' (DbType = Guid)], CommandType='"Text"', CommandTimeout='30']
SELECT `t`.`Id`, `t`.`ActualReturnDate`, `t`.`CarId`, `t`.`CreatedAt`, `t`.`CreatedBy`, `t`.`CustomerId`, `t`.`DailyRate`, `t`.`DamageCharges`, `t`.`DepositAmount`, `t`.`DepositReturned`, `t`.`EndDate`, `t`.`LateFee`, `t`.`Notes`, `t`.`OdometerAtPickup`, `t`.`OdometerAtReturn`, `t`.`PickupLocation`, `t`.`ReturnLocation`, `t`.`StartDate`, `t`.`Status`, `t`.`TotalCost`, `t`.`UpdatedAt`, `t`.`UpdatedBy`, `t`.`Id0`, `t`.`Category`, `t`.`Color`, `t`.`CreatedAt0`, `t`.`CreatedBy0`, `t`.`DailyRate0`, `t`.`Description`, `t`.`FuelType`, `t`.`HasAirConditioning`, `t`.`HasGPS`, `t`.`ImageUrl`, `t`.`LastMaintenanceDate`, `t`.`LicensePlate`, `t`.`Make`, `t`.`Mileage`, `t`.`Model`, `t`.`NextMaintenanceDate`, `t`.`SeatingCapacity`, `t`.`Status0`, `t`.`Transmission`, `t`.`UpdatedAt0`, `t`.`UpdatedBy0`, `t`.`Year`, `t`.`Id1`, `t`.`City`, `t`.`Country`, `t`.`CreatedAt1`, `t`.`CreatedBy1`, `t`.`DateOfBirth`, `t`.`DriversLicenseExpiry`, `t`.`DriversLicenseNumber`, `t`.`Email`, `t`.`FirstName`, `t`.`IsActive`, `t`.`LastLoginAt`, `t`.`LastName`, `t`.`PasswordHash`, `t`.`PhoneNumber`, `t`.`PostalCode`, `t`.`Role`, `t`.`State`, `t`.`Street`, `t`.`UpdatedAt1`, `t`.`UpdatedBy1`, `p`.`Id`, `p`.`Amount`, `p`.`CreatedAt`, `p`.`CreatedBy`, `p`.`Description`, `p`.`FailureReason`, `p`.`PaymentDate`, `p`.`PaymentMethod`, `p`.`RentalId`, `p`.`Status`, `p`.`TransactionId`, `p`.`UpdatedAt`, `p`.`UpdatedBy`
FROM (
    SELECT `r`.`Id`, `r`.`ActualReturnDate`, `r`.`CarId`, `r`.`CreatedAt`, `r`.`CreatedBy`, `r`.`CustomerId`, `r`.`DailyRate`, `r`.`DamageCharges`, `r`.`DepositAmount`, `r`.`DepositReturned`, `r`.`EndDate`, `r`.`LateFee`, `r`.`Notes`, `r`.`OdometerAtPickup`, `r`.`OdometerAtReturn`, `r`.`PickupLocation`, `r`.`ReturnLocation`, `r`.`StartDate`, `r`.`Status`, `r`.`TotalCost`, `r`.`UpdatedAt`, `r`.`UpdatedBy`, `c`.`Id` AS `Id0`, `c`.`Category`, `c`.`Color`, `c`.`CreatedAt` AS `CreatedAt0`, `c`.`CreatedBy` AS `CreatedBy0`, `c`.`DailyRate` AS `DailyRate0`, `c`.`Description`, `c`.`FuelType`, `c`.`HasAirConditioning`, `c`.`HasGPS`, `c`.`ImageUrl`, `c`.`LastMaintenanceDate`, `c`.`LicensePlate`, `c`.`Make`, `c`.`Mileage`, `c`.`Model`, `c`.`NextMaintenanceDate`, `c`.`SeatingCapacity`, `c`.`Status` AS `Status0`, `c`.`Transmission`, `c`.`UpdatedAt` AS `UpdatedAt0`, `c`.`UpdatedBy` AS `UpdatedBy0`, `c`.`Year`, `u`.`Id` AS `Id1`, `u`.`City`, `u`.`Country`, `u`.`CreatedAt` AS `CreatedAt1`, `u`.`CreatedBy` AS `CreatedBy1`, `u`.`DateOfBirth`, `u`.`DriversLicenseExpiry`, `u`.`DriversLicenseNumber`, `u`.`Email`, `u`.`FirstName`, `u`.`IsActive`, `u`.`LastLoginAt`, `u`.`LastName`, `u`.`PasswordHash`, `u`.`PhoneNumber`, `u`.`PostalCode`, `u`.`Role`, `u`.`State`, `u`.`Street`, `u`.`UpdatedAt` AS `UpdatedAt1`, `u`.`UpdatedBy` AS `UpdatedBy1`
    FROM `Rentals` AS `r`
    INNER JOIN `Cars` AS `c` ON `r`.`CarId` = `c`.`Id`
    INNER JOIN `Users` AS `u` ON `r`.`CustomerId` = `u`.`Id`
    WHERE `r`.`Id` = @__rentalId_0
    LIMIT 1
) AS `t`
LEFT JOIN `Payments` AS `p` ON `t`.`Id` = `p`.`RentalId`
ORDER BY `t`.`Id`, `t`.`Id0`, `t`.`Id1`
2026-02-02 00:58:48.755 +05:30 [INF] Executed DbCommand (0ms) [Parameters=[@p21='?' (DbType = Guid), @p0='?' (DbType = DateTime), @p1='?' (DbType = Guid), @p2='?' (DbType = DateTime), @p3='?' (Size = 4000), @p4='?' (DbType = Guid), @p5='?' (DbType = Decimal), @p6='?', @p7='?' (DbType = Decimal), @p8='?' (DbType = Boolean), @p9='?' (DbType = DateTime), @p10='?', @p11='?' (Size = 4000), @p12='?' (DbType = Int32), @p13='?' (DbType = Int32), @p14='?' (Size = 500), @p15='?' (Size = 500), @p16='?' (DbType = DateTime), @p17='?' (DbType = Int32), @p18='?' (DbType = Decimal), @p19='?' (DbType = DateTime), @p20='?' (Size = 4000)], CommandType='"Text"', CommandTimeout='30']
SET AUTOCOMMIT = 1;
UPDATE `Rentals` SET `ActualReturnDate` = @p0, `CarId` = @p1, `CreatedAt` = @p2, `CreatedBy` = @p3, `CustomerId` = @p4, `DailyRate` = @p5, `DamageCharges` = @p6, `DepositAmount` = @p7, `DepositReturned` = @p8, `EndDate` = @p9, `LateFee` = @p10, `Notes` = @p11, `OdometerAtPickup` = @p12, `OdometerAtReturn` = @p13, `PickupLocation` = @p14, `ReturnLocation` = @p15, `StartDate` = @p16, `Status` = @p17, `TotalCost` = @p18, `UpdatedAt` = @p19, `UpdatedBy` = @p20
WHERE `Id` = @p21;
SELECT ROW_COUNT();
2026-02-02 00:58:48.756 +05:30 [INF] Executing OkObjectResult, writing value of type 'CarRental.API.Controllers.ApiResponse`1[[CarRental.Application.DTOs.Rental.RentalDto, CarRental.Application, Version=1.0.0.0, Culture=neutral, PublicKeyToken=null]]'.
2026-02-02 00:58:48.756 +05:30 [INF] Executed action CarRental.API.Controllers.RentalsController.Confirm (CarRental.API) in 2.8525ms
2026-02-02 00:58:48.756 +05:30 [INF] Executed endpoint 'CarRental.API.Controllers.RentalsController.Confirm (CarRental.API)'
2026-02-02 00:58:48.756 +05:30 [INF] Request finished HTTP/1.1 POST http://localhost:5000/api/Rentals/1b27163a-645a-4e73-aa82-e22032965a77/confirm - 200 null application/json; charset=utf-8 3.3055ms
2026-02-02 00:58:48.768 +05:30 [INF] Request starting HTTP/1.1 GET http://localhost:5000/api/Rentals/customer/22222222-2222-2222-2222-222222222222 - null null
2026-02-02 00:58:48.768 +05:30 [INF] Executing endpoint 'CarRental.API.Controllers.RentalsController.GetByCustomer (CarRental.API)'
2026-02-02 00:58:48.769 +05:30 [INF] Route matched with {action = "GetByCustomer", controller = "Rentals"}. Executing controller action with signature System.Threading.Tasks.Task`1[Microsoft.AspNetCore.Mvc.IActionResult] GetByCustomer(System.Guid, System.Threading.CancellationToken) on controller CarRental.API.Controllers.RentalsController (CarRental.API).
2026-02-02 00:58:48.769 +05:30 [INF] Getting rentals for customer: "22222222-2222-2222-2222-222222222222"
2026-02-02 00:58:48.770 +05:30 [INF] Executed DbCommand (0ms) [Parameters=[@__customerId_0='?' (DbType = Guid)], CommandType='"Text"', CommandTimeout='30']
SELECT `r`.`Id`, `r`.`ActualReturnDate`, `r`.`CarId`, `r`.`CreatedAt`, `r`.`CreatedBy`, `r`.`CustomerId`, `r`.`DailyRate`, `r`.`DamageCharges`, `r`.`DepositAmount`, `r`.`DepositReturned`, `r`.`EndDate`, `r`.`LateFee`, `r`.`Notes`, `r`.`OdometerAtPickup`, `r`.`OdometerAtReturn`, `r`.`PickupLocation`, `r`.`ReturnLocation`, `r`.`StartDate`, `r`.`Status`, `r`.`TotalCost`, `r`.`UpdatedAt`, `r`.`UpdatedBy`, `c`.`Id`, `c`.`Category`, `c`.`Color`, `c`.`CreatedAt`, `c`.`CreatedBy`, `c`.`DailyRate`, `c`.`Description`, `c`.`FuelType`, `c`.`HasAirConditioning`, `c`.`HasGPS`, `c`.`ImageUrl`, `c`.`LastMaintenanceDate`, `c`.`LicensePlate`, `c`.`Make`, `c`.`Mileage`, `c`.`Model`, `c`.`NextMaintenanceDate`, `c`.`SeatingCapacity`, `c`.`Status`, `c`.`Transmission`, `c`.`UpdatedAt`, `c`.`UpdatedBy`, `c`.`Year`, `u`.`Id`, `u`.`City`, `u`.`Country`, `u`.`CreatedAt`, `u`.`CreatedBy`, `u`.`DateOfBirth`, `u`.`DriversLicenseExpiry`, `u`.`DriversLicenseNumber`, `u`.`Email`, `u`.`FirstName`, `u`.`IsActive`, `u`.`LastLoginAt`, `u`.`LastName`, `u`.`PasswordHash`, `u`.`PhoneNumber`, `u`.`PostalCode`, `u`.`Role`, `u`.`State`, `u`.`Street`, `u`.`UpdatedAt`, `u`.`UpdatedBy`
FROM `Rentals` AS `r`
INNER JOIN `Cars` AS `c` ON `r`.`CarId` = `c`.`Id`
INNER JOIN `Users` AS `u` ON `r`.`CustomerId` = `u`.`Id`
WHERE `r`.`CustomerId` = @__customerId_0
ORDER BY `r`.`CreatedAt` DESC
2026-02-02 00:58:48.771 +05:30 [INF] Executing OkObjectResult, writing value of type 'CarRental.API.Controllers.ApiResponse`1[[System.Collections.Generic.IEnumerable`1[[CarRental.Application.DTOs.Rental.RentalDto, CarRental.Application, Version=1.0.0.0, Culture=neutral, PublicKeyToken=null]], System.Private.CoreLib, Version=8.0.0.0, Culture=neutral, PublicKeyToken=7cec85d7bea7798e]]'.
2026-02-02 00:58:48.771 +05:30 [INF] Executed action CarRental.API.Controllers.RentalsController.GetByCustomer (CarRental.API) in 2.1317ms
2026-02-02 00:58:48.771 +05:30 [INF] Executed endpoint 'CarRental.API.Controllers.RentalsController.GetByCustomer (CarRental.API)'
2026-02-02 00:58:48.771 +05:30 [INF] Request finished HTTP/1.1 GET http://localhost:5000/api/Rentals/customer/22222222-2222-2222-2222-222222222222 - 200 null application/json; charset=utf-8 2.925ms
2026-02-02 00:58:48.773 +05:30 [INF] Request starting HTTP/1.1 GET http://localhost:5000/api/Rentals/customer/22222222-2222-2222-2222-222222222222 - null null
2026-02-02 00:58:48.773 +05:30 [INF] Executing endpoint 'CarRental.API.Controllers.RentalsController.GetByCustomer (CarRental.API)'
2026-02-02 00:58:48.773 +05:30 [INF] Route matched with {action = "GetByCustomer", controller = "Rentals"}. Executing controller action with signature System.Threading.Tasks.Task`1[Microsoft.AspNetCore.Mvc.IActionResult] GetByCustomer(System.Guid, System.Threading.CancellationToken) on controller CarRental.API.Controllers.RentalsController (CarRental.API).
2026-02-02 00:58:48.774 +05:30 [INF] Getting rentals for customer: "22222222-2222-2222-2222-222222222222"
2026-02-02 00:58:48.776 +05:30 [INF] Executed DbCommand (1ms) [Parameters=[@__customerId_0='?' (DbType = Guid)], CommandType='"Text"', CommandTimeout='30']
SELECT `r`.`Id`, `r`.`ActualReturnDate`, `r`.`CarId`, `r`.`CreatedAt`, `r`.`CreatedBy`, `r`.`CustomerId`, `r`.`DailyRate`, `r`.`DamageCharges`, `r`.`DepositAmount`, `r`.`DepositReturned`, `r`.`EndDate`, `r`.`LateFee`, `r`.`Notes`, `r`.`OdometerAtPickup`, `r`.`OdometerAtReturn`, `r`.`PickupLocation`, `r`.`ReturnLocation`, `r`.`StartDate`, `r`.`Status`, `r`.`TotalCost`, `r`.`UpdatedAt`, `r`.`UpdatedBy`, `c`.`Id`, `c`.`Category`, `c`.`Color`, `c`.`CreatedAt`, `c`.`CreatedBy`, `c`.`DailyRate`, `c`.`Description`, `c`.`FuelType`, `c`.`HasAirConditioning`, `c`.`HasGPS`, `c`.`ImageUrl`, `c`.`LastMaintenanceDate`, `c`.`LicensePlate`, `c`.`Make`, `c`.`Mileage`, `c`.`Model`, `c`.`NextMaintenanceDate`, `c`.`SeatingCapacity`, `c`.`Status`, `c`.`Transmission`, `c`.`UpdatedAt`, `c`.`UpdatedBy`, `c`.`Year`, `u`.`Id`, `u`.`City`, `u`.`Country`, `u`.`CreatedAt`, `u`.`CreatedBy`, `u`.`DateOfBirth`, `u`.`DriversLicenseExpiry`, `u`.`DriversLicenseNumber`, `u`.`Email`, `u`.`FirstName`, `u`.`IsActive`, `u`.`LastLoginAt`, `u`.`LastName`, `u`.`PasswordHash`, `u`.`PhoneNumber`, `u`.`PostalCode`, `u`.`Role`, `u`.`State`, `u`.`Street`, `u`.`UpdatedAt`, `u`.`UpdatedBy`
FROM `Rentals` AS `r`
INNER JOIN `Cars` AS `c` ON `r`.`CarId` = `c`.`Id`
INNER JOIN `Users` AS `u` ON `r`.`CustomerId` = `u`.`Id`
WHERE `r`.`CustomerId` = @__customerId_0
ORDER BY `r`.`CreatedAt` DESC
2026-02-02 00:58:48.776 +05:30 [INF] Executing OkObjectResult, writing value of type 'CarRental.API.Controllers.ApiResponse`1[[System.Collections.Generic.IEnumerable`1[[CarRental.Application.DTOs.Rental.RentalDto, CarRental.Application, Version=1.0.0.0, Culture=neutral, PublicKeyToken=null]], System.Private.CoreLib, Version=8.0.0.0, Culture=neutral, PublicKeyToken=7cec85d7bea7798e]]'.
2026-02-02 00:58:48.776 +05:30 [INF] Executed action CarRental.API.Controllers.RentalsController.GetByCustomer (CarRental.API) in 2.6611ms
2026-02-02 00:58:48.776 +05:30 [INF] Executed endpoint 'CarRental.API.Controllers.RentalsController.GetByCustomer (CarRental.API)'
2026-02-02 00:58:48.776 +05:30 [INF] Request finished HTTP/1.1 GET http://localhost:5000/api/Rentals/customer/22222222-2222-2222-2222-222222222222 - 200 null application/json; charset=utf-8 3.5805ms
2026-02-02 01:04:36.992 +05:30 [INF] Request starting HTTP/1.1 GET http://localhost:5000/api/Cars - null null
2026-02-02 01:04:36.993 +05:30 [INF] Executing endpoint 'CarRental.API.Controllers.CarsController.GetAll (CarRental.API)'
2026-02-02 01:04:36.993 +05:30 [INF] Route matched with {action = "GetAll", controller = "Cars"}. Executing controller action with signature System.Threading.Tasks.Task`1[Microsoft.AspNetCore.Mvc.IActionResult] GetAll(System.Threading.CancellationToken) on controller CarRental.API.Controllers.CarsController (CarRental.API).
2026-02-02 01:04:37.004 +05:30 [INF] Getting all cars
2026-02-02 01:04:37.015 +05:30 [INF] Executed DbCommand (0ms) [Parameters=[], CommandType='"Text"', CommandTimeout='30']
SELECT `c`.`Id`, `c`.`Category`, `c`.`Color`, `c`.`CreatedAt`, `c`.`CreatedBy`, `c`.`DailyRate`, `c`.`Description`, `c`.`FuelType`, `c`.`HasAirConditioning`, `c`.`HasGPS`, `c`.`ImageUrl`, `c`.`LastMaintenanceDate`, `c`.`LicensePlate`, `c`.`Make`, `c`.`Mileage`, `c`.`Model`, `c`.`NextMaintenanceDate`, `c`.`SeatingCapacity`, `c`.`Status`, `c`.`Transmission`, `c`.`UpdatedAt`, `c`.`UpdatedBy`, `c`.`Year`
FROM `Cars` AS `c`
2026-02-02 01:04:37.015 +05:30 [INF] Executing OkObjectResult, writing value of type 'CarRental.API.Controllers.ApiResponse`1[[System.Collections.Generic.IEnumerable`1[[CarRental.Application.DTOs.Car.CarDto, CarRental.Application, Version=1.0.0.0, Culture=neutral, PublicKeyToken=null]], System.Private.CoreLib, Version=8.0.0.0, Culture=neutral, PublicKeyToken=7cec85d7bea7798e]]'.
2026-02-02 01:04:37.015 +05:30 [INF] Executed action CarRental.API.Controllers.CarsController.GetAll (CarRental.API) in 21.8465ms
2026-02-02 01:04:37.015 +05:30 [INF] Executed endpoint 'CarRental.API.Controllers.CarsController.GetAll (CarRental.API)'
2026-02-02 01:04:37.015 +05:30 [INF] Request finished HTTP/1.1 GET http://localhost:5000/api/Cars - 200 null application/json; charset=utf-8 22.8752ms
2026-02-02 01:04:37.017 +05:30 [INF] Request starting HTTP/1.1 GET http://localhost:5000/api/Cars - null null
2026-02-02 01:04:37.017 +05:30 [INF] Executing endpoint 'CarRental.API.Controllers.CarsController.GetAll (CarRental.API)'
2026-02-02 01:04:37.017 +05:30 [INF] Route matched with {action = "GetAll", controller = "Cars"}. Executing controller action with signature System.Threading.Tasks.Task`1[Microsoft.AspNetCore.Mvc.IActionResult] GetAll(System.Threading.CancellationToken) on controller CarRental.API.Controllers.CarsController (CarRental.API).
2026-02-02 01:04:37.018 +05:30 [INF] Getting all cars
2026-02-02 01:04:37.019 +05:30 [INF] Executed DbCommand (0ms) [Parameters=[], CommandType='"Text"', CommandTimeout='30']
SELECT `c`.`Id`, `c`.`Category`, `c`.`Color`, `c`.`CreatedAt`, `c`.`CreatedBy`, `c`.`DailyRate`, `c`.`Description`, `c`.`FuelType`, `c`.`HasAirConditioning`, `c`.`HasGPS`, `c`.`ImageUrl`, `c`.`LastMaintenanceDate`, `c`.`LicensePlate`, `c`.`Make`, `c`.`Mileage`, `c`.`Model`, `c`.`NextMaintenanceDate`, `c`.`SeatingCapacity`, `c`.`Status`, `c`.`Transmission`, `c`.`UpdatedAt`, `c`.`UpdatedBy`, `c`.`Year`
FROM `Cars` AS `c`
2026-02-02 01:04:37.019 +05:30 [INF] Executing OkObjectResult, writing value of type 'CarRental.API.Controllers.ApiResponse`1[[System.Collections.Generic.IEnumerable`1[[CarRental.Application.DTOs.Car.CarDto, CarRental.Application, Version=1.0.0.0, Culture=neutral, PublicKeyToken=null]], System.Private.CoreLib, Version=8.0.0.0, Culture=neutral, PublicKeyToken=7cec85d7bea7798e]]'.
2026-02-02 01:04:37.019 +05:30 [INF] Executed action CarRental.API.Controllers.CarsController.GetAll (CarRental.API) in 1.7326ms
2026-02-02 01:04:37.019 +05:30 [INF] Executed endpoint 'CarRental.API.Controllers.CarsController.GetAll (CarRental.API)'
2026-02-02 01:04:37.019 +05:30 [INF] Request finished HTTP/1.1 GET http://localhost:5000/api/Cars - 200 null application/json; charset=utf-8 2.4915ms
